CompanyNumber,grant_has_any,grant_n_organisations,grant_n_projects,grant_max_confidence,grant_min_confidence,grant_match_method,grant_source_date,grant_has_date
00008614,1,1,5,0.9,0.9,name_postcode,2026-08-11,0
00009433,1,2,7,0.9,0.9,name_postcode,2026-08-11,0
00013067,1,1,2,0.9,0.9,name_postcode,2026-08-11,0
00016033,1,1,10,0.9,0.9,name_postcode,2026-08-11,0
00020535,1,1,2,0.9,0.9,name_postcode,2026-08-11,0
00023307,1,1,1,0.9,0.9,name_postcode,2026-08-11,0
00026233,1,1,3,0.9,0.9,name_postcode,2026-08-11,0
00026306,1,1,2,0.8,0.8,name_postcode_area,2026-08-11,0
00029140,1,2,55,0.9,0.9,name_postcode,2026-08-11,0
00030177,1,1,1,0.8,0.8,name_postcode_area,2026-08-11,0
00030226,1,2,3,0.9,0.9,name_postcode,2026-08-11,0
00031114,1,2,2,0.9,0.9,name_postcode,2026-08-11,0
00033774,1,1,85,0.9,0.9,name_postcode,2026-08-11,0
00035630,1,1,1,0.9,0.9,name_postcode,2026-08-11,0
00037545,1,1,1,0.9,0.9,name_postcode,2026-08-11,0
00039811,1,1,1,0.8,0.8,name_postcode_area,2026-08-11,0
00040000,1,1,4,0.9,0.9,name_postcode,2026-08-11,0
00041424,1,1,13,0.9,0.9,name_postcode,2026-08-11,0
00051908,1,1,1,0.9,0.9,name_postcode,2026-08-11,0
00059837,1,1,1,0.9,0.9,name_postcode,2026-08-11,0
00063230,1,2,11,0.9,0.9,name_postcode,2026-08-11,0
00063604,1,1,5,0.9,0.9,name_postcode,2026-08-11,0
00064647,1,1,3,0.9,0.9,name_postcode,2026-08-11,0
00069842,1,1,2,0.8,0.8,name_postcode_area,2026-08-11,0
00071835,1,1,9,0.9,0.9,name_postcode,2026-08-11,0
00072349,1,1,1,0.9,0.9,name_postcode,2026-08-11,0
00073975,1,1,0,0.8,0.8,name_postcode_area,2026-08-11,0
00074096,1,1,0,0.9,0.9,name_postcode,2026-08-11,0
00074484,1,1,1,0.9,0.9,name_postcode,2026-08-11,0
00076959,1,1,3,0.9,0.9,name_postcode,2026-08-11,0
00079590,1,1,1,0.9,0.9,name_postcode,2026-08-11,0
00082548,1,1,1,0.9,0.9,name_postcode,2026-08-11,0
00083405,1,2,235,0.9,0.9,name_postcode,2026-08-11,0
00083758,1,1,0,0.9,0.9,name_postcode,2026-08-11,0
00084301,1,1,1,0.8,0.8,name_postcode_area,2026-08-11,0
00084559,1,1,1,0.9,0.9,name_postcode,2026-08-11,0
00086011,1,1,1,0.9,0.9,name_postcode,2026-08-11,0
00087249,1,1,1,0.9,0.9,name_postcode,2026-08-11,0
00087911,1,1,1,0.9,0.9,name_postcode,2026-08-11,0
00088929,1,2,1,0.9,0.9,name_postcode,2026-08-11,0
00093994,1,1,9,0.9,0.9,name_postcode,2026-08-11,0
00096056,1,1,2,0.9,0.9,name_postcode,2026-08-11,0
00097216,1,1,7,0.9,0.9,name_postcode,2026-08-11,0
00097913,1,1,1,0.9,0.9,name_postcode,2026-08-11,0
00098381,1,2,7,0.9,0.9,name_postcode,2026-08-11,0
00100674,1,1,1,0.9,0.9,name_postcode,2026-08-11,0
00102498,1,1,13,0.9,0.9,name_postcode,2026-08-11,0
00103287,1,1,7,0.9,0.9,name_postcode,2026-08-11,0
00103709,1,1,1,0.9,0.9,name_postcode,2026-08-11,0
00104785,1,1,3,0.9,0.9,name_postcode,2026-08-11,0
00105680,1,1,7,0.9,0.9,name_postcode,2026-08-11,0
00106442,1,1,0,0.9,0.9,name_postcode,2026-08-11,0
00109587,1,1,1,0.9,0.9,name_postcode,2026-08-11,0
00110186,1,1,1,0.9,0.9,name_postcode,2026-08-11,0
00112990,1,1,0,0.9,0.9,name_postcode,2026-08-11,0
00115834,1,1,0,0.9,0.9,name_postcode,2026-08-11,0
00126674,1,1,3,0.9,0.9,name_postcode,2026-08-11,0
00130643,1,1,0,0.9,0.9,name_postcode,2026-08-11,0
00137114,1,1,6,0.9,0.9,name_postcode,2026-08-11,0
00138853,1,1,2,0.9,0.9,name_postcode,2026-08-11,0
00140141,1,1,3,0.9,0.9,name_postcode,2026-08-11,0
00144119,1,1,5,0.9,0.9,name_postcode,2026-08-11,0
00147014,1,1,1,0.9,0.9,name_postcode,2026-08-11,0
00147133,1,1,3,0.9,0.9,name_postcode,2026-08-11,0
00147271,1,1,1,0.8,0.8,name_postcode_area,2026-08-11,0
00147624,1,1,2,0.9,0.9,name_postcode,2026-08-11,0
00148635,1,1,1,0.9,0.9,name_postcode,2026-08-11,0
00149360,1,1,4,0.9,0.9,name_postcode,2026-08-11,0
00150264,1,1,1,0.8,0.8,name_postcode_area,2026-08-11,0
00153227,1,1,1,0.9,0.9,name_postcode,2026-08-11,0
00154159,1,1,2,0.9,0.9,name_postcode,2026-08-11,0
00155256,1,1,2,0.9,0.9,name_postcode,2026-08-11,0
00155621,1,1,0,0.9,0.9,name_postcode,2026-08-11,0
00162303,1,1,1,0.9,0.9,name_postcode,2026-08-11,0
00162480,1,1,3,0.9,0.9,name_postcode,2026-08-11,0
00162636,1,1,2,0.9,0.9,name_postcode,2026-08-11,0
00163364,1,1,1,0.8,0.8,name_postcode_area,2026-08-11,0
00167236,1,7,101,0.9,0.9,name_postcode,2026-08-11,0
00170679,1,1,1,0.9,0.9,name_postcode,2026-08-11,0
00171578,1,3,11,0.9,0.9,name_postcode,2026-08-11,0
00172023,1,1,2,0.9,0.9,name_postcode,2026-08-11,0
00173865,1,1,1,0.8,0.8,name_postcode_area,2026-08-11,0
00175597,1,1,1,0.9,0.9,name_postcode,2026-08-11,0
00178090,1,2,6,0.9,0.9,name_postcode,2026-08-11,0
00178711,1,2,13,0.9,0.9,name_postcode,2026-08-11,0
00187261,1,1,1,0.9,0.9,name_postcode,2026-08-11,0
00188101,1,3,3,0.9,0.9,name_postcode,2026-08-11,0
00189141,1,2,14,0.8,0.8,name_postcode_area,2026-08-11,0
00192795,1,1,2,0.9,0.9,name_postcode,2026-08-11,0
00193800,1,1,10,0.9,0.9,name_postcode,2026-08-11,0
00195160,1,1,4,0.9,0.9,name_postcode,2026-08-11,0
00196537,1,1,1,0.9,0.9,name_postcode,2026-08-11,0
00199841,1,1,2,0.9,0.9,name_postcode,2026-08-11,0
00201053,1,2,10,0.9,0.9,name_postcode,2026-08-11,0
00203511,1,1,7,0.9,0.9,name_postcode,2026-08-11,0
00205229,1,2,10,0.9,0.9,name_postcode,2026-08-11,0
00206132,1,1,2,0.8,0.8,name_postcode_area,2026-08-11,0
00207732,1,1,1,0.9,0.9,name_postcode,2026-08-11,0
00209905,1,1,1,0.9,0.9,name_postcode,2026-08-11,0
00210794,1,2,38,0.9,0.9,name_postcode,2026-08-11,0
00213235,1,2,1,0.9,0.9,name_postcode,2026-08-11,0
00213629,1,1,0,0.9,0.9,name_postcode,2026-08-11,0
00214377,1,1,1,0.9,0.9,name_postcode,2026-08-11,0
00216037,1,1,1,0.9,0.9,name_postcode,2026-08-11,0
00222864,1,1,1,0.9,0.9,name_postcode,2026-08-11,0
00226185,1,2,24,0.9,0.9,name_postcode,2026-08-11,0
00226822,1,3,5,0.9,0.9,name_postcode,2026-08-11,0
00231734,1,1,0,0.9,0.9,name_postcode,2026-08-11,0
00232592,1,1,1,0.9,0.9,name_postcode,2026-08-11,0
00233721,1,1,2,0.9,0.9,name_postcode,2026-08-11,0
00233851,1,1,1,0.9,0.9,name_postcode,2026-08-11,0
00235446,1,2,38,0.9,0.9,name_postcode,2026-08-11,0
00238470,1,2,2,0.9,0.9,name_postcode,2026-08-11,0
00240080,1,1,4,0.8,0.8,name_postcode_area,2026-08-11,0
00242246,1,2,13,0.9,0.9,name_postcode,2026-08-11,0
00245345,1,1,1,0.9,0.9,name_postcode,2026-08-11,0
00245740,1,1,4,0.8,0.8,name_postcode_area,2026-08-11,0
00246071,1,1,1,0.9,0.9,name_postcode,2026-08-11,0
00247647,1,1,3,0.9,0.9,name_postcode,2026-08-11,0
00248343,1,1,1,0.9,0.9,name_postcode,2026-08-11,0
00249688,1,1,0,0.8,0.8,name_postcode_area,2026-08-11,0
00252115,1,1,1,0.9,0.9,name_postcode,2026-08-11,0
00255259,1,1,1,0.9,0.9,name_postcode,2026-08-11,0
00255858,1,1,1,0.9,0.9,name_postcode,2026-08-11,0
00257009,1,1,1,0.9,0.9,name_postcode,2026-08-11,0
00258990,1,1,0,0.9,0.9,name_postcode,2026-08-11,0
00262938,1,1,1,0.8,0.8,name_postcode_area,2026-08-11,0
00263162,1,1,9,0.9,0.9,name_postcode,2026-08-11,0
00267550,1,2,22,0.9,0.9,name_postcode,2026-08-11,0
00267687,1,2,2,0.9,0.9,name_postcode,2026-08-11,0
00269255,1,2,15,0.9,0.9,name_postcode,2026-08-11,0
00271998,1,2,12,0.8,0.8,name_postcode_area,2026-08-11,0
00272170,1,1,3,0.9,0.9,name_postcode,2026-08-11,0
00275978,1,1,2,0.9,0.9,name_postcode,2026-08-11,0
00278391,1,1,2,0.9,0.9,name_postcode,2026-08-11,0
00279596,1,1,7,0.9,0.9,name_postcode,2026-08-11,0
00286773,1,1,2,0.8,0.8,name_postcode_area,2026-08-11,0
00292564,1,1,2,0.9,0.9,name_postcode,2026-08-11,0
00293190,1,1,2,0.9,0.9,name_postcode,2026-08-11,0
00293529,1,1,9,0.9,0.9,name_postcode,2026-08-11,0
00296805,1,1,2,0.9,0.9,name_postcode,2026-08-11,0
00301598,1,2,7,0.9,0.9,name_postcode,2026-08-11,0
00305275,1,1,3,0.9,0.9,name_postcode,2026-08-11,0
00305907,1,1,2,0.9,0.9,name_postcode,2026-08-11,0
00305943,1,1,14,0.9,0.9,name_postcode,2026-08-11,0
00313230,1,1,2,0.9,0.9,name_postcode,2026-08-11,0
00315158,1,1,10,0.9,0.9,name_postcode,2026-08-11,0
00328397,1,1,2,0.9,0.9,name_postcode,2026-08-11,0
00330973,1,1,0,0.9,0.9,name_postcode,2026-08-11,0
00331969,1,1,1,0.9,0.9,name_postcode,2026-08-11,0
00336256,1,2,5,0.9,0.9,name_postcode,2026-08-11,0
00337357,1,1,1,0.9,0.9,name_postcode,2026-08-11,0
00337663,1,1,15,0.9,0.9,name_postcode,2026-08-11,0
00341010,1,1,1,0.9,0.9,name_postcode,2026-08-11,0
00342798,1,1,3,0.9,0.9,name_postcode,2026-08-11,0
00344017,1,1,1,0.9,0.9,name_postcode,2026-08-11,0
00346217,1,1,1,0.9,0.9,name_postcode,2026-08-11,0
00346958,1,1,3,0.9,0.9,name_postcode,2026-08-11,0
00350164,1,2,9,0.9,0.9,name_postcode,2026-08-11,0
00355922,1,1,107,0.9,0.9,name_postcode,2026-08-11,0
00357284,1,2,38,0.9,0.9,name_postcode,2026-08-11,0
00361006,1,1,1,0.9,0.9,name_postcode,2026-08-11,0
00363197,1,1,1,0.9,0.9,name_postcode,2026-08-11,0
00371996,1,1,2,0.9,0.9,name_postcode,2026-08-11,0
00374185,1,1,1,0.8,0.8,name_postcode_area,2026-08-11,0
00375993,1,1,1,0.9,0.9,name_postcode,2026-08-11,0
00376071,1,1,2,0.9,0.9,name_postcode,2026-08-11,0
00379136,1,1,0,0.9,0.9,name_postcode,2026-08-11,0
00380198,1,1,1,0.9,0.9,name_postcode,2026-08-11,0
00382424,1,1,2,0.8,0.8,name_postcode_area,2026-08-11,0
00382434,1,1,1,0.9,0.9,name_postcode,2026-08-11,0
00382452,1,1,2,0.9,0.9,name_postcode,2026-08-11,0
00387583,1,1,1,0.9,0.9,name_postcode,2026-08-11,0
00388999,1,1,1,0.8,0.8,name_postcode_area,2026-08-11,0
00390308,1,1,1,0.9,0.9,name_postcode,2026-08-11,0
00395826,1,5,21,0.9,0.9,name_postcode,2026-08-11,0
00399212,1,1,2,0.9,0.9,name_postcode,2026-08-11,0
00404087,1,1,5,0.9,0.9,name_postcode,2026-08-11,0
00405555,1,1,54,0.9,0.9,name_postcode,2026-08-11,0
00408759,1,1,1,0.9,0.9,name_postcode,2026-08-11,0
00409295,1,1,1,0.9,0.9,name_postcode,2026-08-11,0
00412652,1,1,1,0.9,0.9,name_postcode,2026-08-11,0
00414220,1,1,5,0.9,0.9,name_postcode,2026-08-11,0
00414948,1,1,3,0.8,0.8,name_postcode_area,2026-08-11,0
00416671,1,1,3,0.9,0.9,name_postcode,2026-08-11,0
00421485,1,1,1,0.9,0.9,name_postcode,2026-08-11,0
00430208,1,1,1,0.9,0.9,name_postcode,2026-08-11,0
00432014,1,1,17,0.9,0.9,name_postcode,2026-08-11,0
00432417,1,1,2,0.9,0.9,name_postcode,2026-08-11,0
00434274,1,2,2,0.9,0.9,name_postcode,2026-08-11,0
00434787,1,1,1,0.9,0.9,name_postcode,2026-08-11,0
00436591,1,1,3,0.9,0.9,name_postcode,2026-08-11,0
00440246,1,1,1,0.9,0.9,name_postcode,2026-08-11,0
00442517,1,2,0,0.9,0.9,name_postcode,2026-08-11,0
00446036,1,1,2,0.9,0.9,name_postcode,2026-08-11,0
00450787,1,1,2,0.9,0.9,name_postcode,2026-08-11,0
00452916,1,2,3,0.9,0.9,name_postcode,2026-08-11,0
00453791,1,1,15,0.8,0.8,name_postcode_area,2026-08-11,0
00454169,1,1,0,0.9,0.9,name_postcode,2026-08-11,0
00461863,1,1,2,0.9,0.9,name_postcode,2026-08-11,0
00464848,1,1,4,0.9,0.9,name_postcode,2026-08-11,0
00465899,1,1,2,0.9,0.9,name_postcode,2026-08-11,0
00469940,1,2,6,0.9,0.9,name_postcode,2026-08-11,0
00470893,1,1,8,0.9,0.9,name_postcode,2026-08-11,0
00472767,1,1,6,0.9,0.9,name_postcode,2026-08-11,0
00476716,1,1,1,0.9,0.9,name_postcode,2026-08-11,0
00477701,1,1,1,0.8,0.8,name_postcode_area,2026-08-11,0
00479576,1,1,0,0.9,0.9,name_postcode,2026-08-11,0
00480992,1,1,4,0.9,0.9,name_postcode,2026-08-11,0
00481280,1,1,1,0.9,0.9,name_postcode,2026-08-11,0
00489320,1,1,1,0.9,0.9,name_postcode,2026-08-11,0
00489976,1,1,1,0.8,0.8,name_postcode_area,2026-08-11,0
00495735,1,1,2,0.9,0.9,name_postcode,2026-08-11,0
00497733,1,1,1,0.9,0.9,name_postcode,2026-08-11,0
00498430,1,1,0,0.9,0.9,name_postcode,2026-08-11,0
00498619,1,1,1,0.9,0.9,name_postcode,2026-08-11,0
00500802,1,2,2,0.9,0.9,name_postcode,2026-08-11,0
00502926,1,1,1,0.8,0.8,name_postcode_area,2026-08-11,0
00503668,1,2,28,0.9,0.9,name_postcode,2026-08-11,0
00503682,1,1,1,0.9,0.9,name_postcode,2026-08-11,0
00506170,1,1,1,0.9,0.9,name_postcode,2026-08-11,0
00506275,1,1,2,0.9,0.9,name_postcode,2026-08-11,0
00507652,1,1,0,0.9,0.9,name_postcode,2026-08-11,0
00507937,1,2,2,0.9,0.9,name_postcode,2026-08-11,0
00509018,1,2,11,0.9,0.9,name_postcode,2026-08-11,0
00509133,1,1,2,0.9,0.9,name_postcode,2026-08-11,0
00509579,1,1,3,0.9,0.9,name_postcode,2026-08-11,0
00510618,1,2,17,0.9,0.9,name_postcode,2026-08-11,0
00511709,1,4,843,0.9,0.9,name_postcode,2026-08-11,0
00512225,1,2,1,0.8,0.8,name_postcode_area,2026-08-11,0
00513537,1,1,1,0.8,0.8,name_postcode_area,2026-08-11,0
00514290,1,1,0,0.9,0.9,name_postcode,2026-08-11,0
00517211,1,3,6,0.9,0.9,name_postcode,2026-08-11,0
00517382,1,2,1,0.8,0.8,name_postcode_area,2026-08-11,0
00518142,1,2,9,0.9,0.9,name_postcode,2026-08-11,0
00519057,1,2,2,0.9,0.9,name_postcode,2026-08-11,0
00519347,1,1,1,0.9,0.9,name_postcode,2026-08-11,0
00519472,1,1,0,0.9,0.9,name_postcode,2026-08-11,0
00524837,1,1,0,0.9,0.9,name_postcode,2026-08-11,0
00525615,1,1,2,0.9,0.9,name_postcode,2026-08-11,0
00526209,1,1,12,0.9,0.9,name_postcode,2026-08-11,0
00526832,1,2,1,0.9,0.8,name_postcode|name_postcode_area,2026-08-11,0
00529086,1,1,6,0.9,0.9,name_postcode,2026-08-11,0
00534147,1,1,4,0.9,0.9,name_postcode,2026-08-11,0
00535664,1,1,5,0.9,0.9,name_postcode,2026-08-11,0
00539193,1,1,0,0.9,0.9,name_postcode,2026-08-11,0
00541377,1,1,0,0.9,0.9,name_postcode,2026-08-11,0
00541560,1,2,6,0.9,0.9,name_postcode,2026-08-11,0
00542108,1,1,2,0.9,0.9,name_postcode,2026-08-11,0
00542515,1,1,55,0.9,0.9,name_postcode,2026-08-11,0
00543552,1,1,2,0.9,0.9,name_postcode,2026-08-11,0
00543805,1,1,2,0.9,0.9,name_postcode,2026-08-11,0
00547495,1,1,1,0.9,0.9,name_postcode,2026-08-11,0
00549576,1,1,2,0.9,0.9,name_postcode,2026-08-11,0
00549824,1,1,1,0.9,0.9,name_postcode,2026-08-11,0
00550926,1,2,2,0.9,0.9,name_postcode,2026-08-11,0
00551460,1,1,0,0.9,0.9,name_postcode,2026-08-11,0
00556299,1,2,2,0.9,0.9,name_postcode,2026-08-11,0
00556493,1,1,1,0.9,0.9,name_postcode,2026-08-11,0
00557613,1,1,1,0.9,0.9,name_postcode,2026-08-11,0
00559784,1,3,516,0.9,0.9,name_postcode,2026-08-11,0
00560972,1,1,2,0.9,0.9,name_postcode,2026-08-11,0
00561597,1,2,4,0.9,0.9,name_postcode,2026-08-11,0
00562740,1,1,1,0.9,0.9,name_postcode,2026-08-11,0
00563161,1,2,2,0.9,0.9,name_postcode,2026-08-11,0
00564955,1,1,8,0.9,0.9,name_postcode,2026-08-11,0
00566694,1,1,0,0.9,0.9,name_postcode,2026-08-11,0
00567232,1,1,17,0.9,0.9,name_postcode,2026-08-11,0
00570345,1,2,7,0.9,0.9,name_postcode,2026-08-11,0
00571546,1,2,12,0.9,0.9,name_postcode,2026-08-11,0
00576760,1,1,4,0.9,0.9,name_postcode,2026-08-11,0
00581158,1,1,10,0.9,0.9,name_postcode,2026-08-11,0
00584792,1,1,1,0.9,0.9,name_postcode,2026-08-11,0
00585852,1,2,5,0.9,0.9,name_postcode,2026-08-11,0
00585969,1,2,1,0.9,0.9,name_postcode,2026-08-11,0
00592700,1,1,4,0.9,0.9,name_postcode,2026-08-11,0
00592720,1,1,1,0.9,0.9,name_postcode,2026-08-11,0
00594845,1,1,3,0.9,0.9,name_postcode,2026-08-11,0
00597683,1,2,6,0.9,0.9,name_postcode,2026-08-11,0
00598443,1,1,0,0.9,0.9,name_postcode,2026-08-11,0
00599506,1,1,2,0.9,0.9,name_postcode,2026-08-11,0
00603238,1,1,3,0.9,0.9,name_postcode,2026-08-11,0
00604352,1,2,19,0.9,0.9,name_postcode,2026-08-11,0
00604606,1,1,2,0.9,0.9,name_postcode,2026-08-11,0
00605496,1,1,2,0.9,0.9,name_postcode,2026-08-11,0
00606481,1,2,2,0.9,0.9,name_postcode,2026-08-11,0
00607374,1,1,1,0.8,0.8,name_postcode_area,2026-08-11,0
00608345,1,1,2,0.9,0.9,name_postcode,2026-08-11,0
00614228,1,1,1,0.9,0.9,name_postcode,2026-08-11,0
00615539,1,1,4,0.9,0.9,name_postcode,2026-08-11,0
00615993,1,1,1,0.9,0.9,name_postcode,2026-08-11,0
00617869,1,1,6,0.9,0.9,name_postcode,2026-08-11,0
00617987,1,1,3,0.9,0.9,name_postcode,2026-08-11,0
00620485,1,2,10,0.9,0.8,name_postcode|name_postcode_area,2026-08-11,0
00621017,1,1,3,0.9,0.9,name_postcode,2026-08-11,0
00621497,1,1,1,0.9,0.9,name_postcode,2026-08-11,0
00621647,1,1,3,0.9,0.9,name_postcode,2026-08-11,0
00626216,1,1,1,0.9,0.9,name_postcode,2026-08-11,0
00629814,1,1,6,0.9,0.9,name_postcode,2026-08-11,0
00631825,1,1,2,0.9,0.9,name_postcode,2026-08-11,0
00632512,1,1,2,0.9,0.9,name_postcode,2026-08-11,0
00634143,1,2,2,0.9,0.9,name_postcode,2026-08-11,0
00635283,1,2,2,0.9,0.9,name_postcode,2026-08-11,0
00635311,1,1,0,0.9,0.9,name_postcode,2026-08-11,0
00637839,1,1,2,0.9,0.9,name_postcode,2026-08-11,0
00637941,1,1,1,0.9,0.9,name_postcode,2026-08-11,0
00640305,1,1,5,0.9,0.9,name_postcode,2026-08-11,0
00643047,1,1,1,0.9,0.9,name_postcode,2026-08-11,0
00644260,1,2,6,0.9,0.9,name_postcode,2026-08-11,0
00647234,1,2,2,0.9,0.9,name_postcode,2026-08-11,0
00651504,1,1,1,0.9,0.9,name_postcode,2026-08-11,0
00653331,1,3,15,0.9,0.9,name_postcode,2026-08-11,0
00658390,1,4,14,0.9,0.9,name_postcode,2026-08-11,0
00660831,1,1,1,0.9,0.9,name_postcode,2026-08-11,0
00665376,1,1,1,0.9,0.9,name_postcode,2026-08-11,0
00667762,1,1,2,0.9,0.9,name_postcode,2026-08-11,0
00667980,1,5,6,0.9,0.9,name_postcode,2026-08-11,0
00671254,1,1,1,0.9,0.9,name_postcode,2026-08-11,0
00671801,1,1,1,0.8,0.8,name_postcode_area,2026-08-11,0
00673483,1,2,2,0.9,0.9,name_postcode,2026-08-11,0
00674029,1,1,3,0.9,0.9,name_postcode,2026-08-11,0
00675320,1,1,1,0.9,0.9,name_postcode,2026-08-11,0
00676617,1,1,1,0.9,0.9,name_postcode,2026-08-11,0
00677665,1,2,13,0.9,0.9,name_postcode,2026-08-11,0
00679848,1,1,3,0.8,0.8,name_postcode_area,2026-08-11,0
00680511,1,1,1,0.9,0.9,name_postcode,2026-08-11,0
00680990,1,1,2,0.9,0.9,name_postcode,2026-08-11,0
00683842,1,1,1,0.9,0.9,name_postcode,2026-08-11,0
00684985,1,1,1,0.9,0.9,name_postcode,2026-08-11,0
00685303,1,2,3,0.9,0.9,name_postcode,2026-08-11,0
00685993,1,1,0,0.9,0.9,name_postcode,2026-08-11,0
00688424,1,1,20,0.9,0.9,name_postcode,2026-08-11,0
00688439,1,1,1,0.9,0.9,name_postcode,2026-08-11,0
00690479,1,1,0,0.9,0.9,name_postcode,2026-08-11,0
00690597,1,7,33,0.9,0.9,name_postcode,2026-08-11,0
00691403,1,1,2,0.9,0.9,name_postcode,2026-08-11,0
00705031,1,1,31,0.9,0.9,name_postcode,2026-08-11,0
00706511,1,2,1,0.9,0.9,name_postcode,2026-08-11,0
00706645,1,1,3,0.9,0.9,name_postcode,2026-08-11,0
00708818,1,1,3,0.9,0.9,name_postcode,2026-08-11,0
00711858,1,1,38,0.9,0.9,name_postcode,2026-08-11,0
00713086,1,1,1,0.8,0.8,name_postcode_area,2026-08-11,0
00718480,1,1,1,0.8,0.8,name_postcode_area,2026-08-11,0
00718569,1,1,1,0.9,0.9,name_postcode,2026-08-11,0
00720284,1,1,1,0.9,0.9,name_postcode,2026-08-11,0
00722004,1,2,2,0.9,0.9,name_postcode,2026-08-11,0
00731811,1,1,1,0.9,0.9,name_postcode,2026-08-11,0
00733218,1,1,7,0.9,0.9,name_postcode,2026-08-11,0
00738693,1,1,1,0.9,0.9,name_postcode,2026-08-11,0
00741326,1,1,4,0.9,0.9,name_postcode,2026-08-11,0
00741360,1,1,1,0.9,0.9,name_postcode,2026-08-11,0
00745917,1,1,53,0.9,0.9,name_postcode,2026-08-11,0
00746934,1,1,3,0.9,0.9,name_postcode,2026-08-11,0
00752572,1,1,2,0.9,0.9,name_postcode,2026-08-11,0
00764976,1,1,1,0.9,0.9,name_postcode,2026-08-11,0
00775106,1,1,2,0.9,0.9,name_postcode,2026-08-11,0
00775276,1,3,21,0.9,0.9,name_postcode,2026-08-11,0
00782263,1,1,0,0.9,0.9,name_postcode,2026-08-11,0
00788765,1,2,3,0.9,0.9,name_postcode,2026-08-11,0
00790396,1,1,3,0.9,0.9,name_postcode,2026-08-11,0
00793018,1,2,4,0.9,0.9,name_postcode,2026-08-11,0
00794221,1,1,4,0.9,0.9,name_postcode,2026-08-11,0
00806915,1,1,1,0.8,0.8,name_postcode_area,2026-08-11,0
00807351,1,2,1,0.9,0.9,name_postcode,2026-08-11,0
00809228,1,1,1,0.9,0.9,name_postcode,2026-08-11,0
00813701,1,1,1,0.9,0.9,name_postcode,2026-08-11,0
00823259,1,1,2,0.9,0.9,name_postcode,2026-08-11,0
00823762,1,1,3,0.9,0.9,name_postcode,2026-08-11,0
00824746,1,1,1,0.9,0.9,name_postcode,2026-08-11,0
00827815,1,1,1,0.9,0.9,name_postcode,2026-08-11,0
00827957,1,1,1,0.9,0.9,name_postcode,2026-08-11,0
00830676,1,2,1,0.8,0.8,name_postcode_area,2026-08-11,0
00831538,1,1,4,0.9,0.9,name_postcode,2026-08-11,0
00834329,1,1,7,0.9,0.9,name_postcode,2026-08-11,0
00835402,1,1,1,0.9,0.9,name_postcode,2026-08-11,0
00835510,1,1,1,0.8,0.8,name_postcode_area,2026-08-11,0
00838508,1,1,1,0.9,0.9,name_postcode,2026-08-11,0
00843903,1,1,3,0.9,0.9,name_postcode,2026-08-11,0
00851165,1,1,6,0.9,0.9,name_postcode,2026-08-11,0
00856633,1,1,4,0.9,0.9,name_postcode,2026-08-11,0
00858193,1,1,1,0.9,0.9,name_postcode,2026-08-11,0
00860702,1,1,3,0.9,0.9,name_postcode,2026-08-11,0
00866933,1,2,1,0.9,0.9,name_postcode,2026-08-11,0
00867053,1,1,4,0.9,0.9,name_postcode,2026-08-11,0
00868273,1,2,196,0.9,0.9,name_postcode,2026-08-11,0
00869208,1,1,3,0.9,0.9,name_postcode,2026-08-11,0
00869623,1,1,1,0.9,0.9,name_postcode,2026-08-11,0
00869707,1,1,0,0.9,0.9,name_postcode,2026-08-11,0
00872262,1,1,2,0.9,0.9,name_postcode,2026-08-11,0
00872948,1,2,19,0.9,0.9,name_postcode,2026-08-11,0
00876004,1,3,24,0.9,0.9,name_postcode,2026-08-11,0
00876034,1,2,1,0.9,0.9,name_postcode,2026-08-11,0
00876120,1,2,1,0.9,0.9,name_postcode,2026-08-11,0
00877338,1,2,0,0.9,0.9,name_postcode,2026-08-11,0
00880499,1,1,1,0.9,0.9,name_postcode,2026-08-11,0
00886870,1,1,1,0.9,0.9,name_postcode,2026-08-11,0
00887600,1,1,3,0.9,0.9,name_postcode,2026-08-11,0
00888596,1,1,1,0.9,0.9,name_postcode,2026-08-11,0
00890443,1,1,1,0.9,0.9,name_postcode,2026-08-11,0
00895081,1,2,26,0.9,0.9,name_postcode,2026-08-11,0
00895927,1,1,1,0.9,0.9,name_postcode,2026-08-11,0
00896823,1,1,1,0.9,0.9,name_postcode,2026-08-11,0
00898651,1,1,4,0.8,0.8,name_postcode_area,2026-08-11,0
00900323,1,1,2,0.9,0.9,name_postcode,2026-08-11,0
00902205,1,1,4,0.9,0.9,name_postcode,2026-08-11,0
00903535,1,1,1,0.9,0.9,name_postcode,2026-08-11,0
00904056,1,1,0,0.9,0.9,name_postcode,2026-08-11,0
00905145,1,1,2,0.9,0.9,name_postcode,2026-08-11,0
00905173,1,1,0,0.8,0.8,name_postcode_area,2026-08-11,0
00908396,1,1,2,0.9,0.9,name_postcode,2026-08-11,0
00908792,1,1,1,0.9,0.9,name_postcode,2026-08-11,0
00918792,1,2,2,0.9,0.8,name_postcode|name_postcode_area,2026-08-11,0
00920009,1,1,1,0.9,0.9,name_postcode,2026-08-11,0
00921793,1,1,2,0.9,0.9,name_postcode,2026-08-11,0
00923416,1,1,1,0.9,0.9,name_postcode,2026-08-11,0
00923986,1,2,1,0.9,0.8,name_postcode|name_postcode_area,2026-08-11,0
00930058,1,1,1,0.9,0.9,name_postcode,2026-08-11,0
00930776,1,1,3,0.9,0.9,name_postcode,2026-08-11,0
00931547,1,1,5,0.9,0.9,name_postcode,2026-08-11,0
00933890,1,1,1,0.8,0.8,name_postcode_area,2026-08-11,0
00939400,1,1,0,0.9,0.9,name_postcode,2026-08-11,0
00939450,1,3,1,0.9,0.9,name_postcode,2026-08-11,0
00940053,1,1,2,0.9,0.9,name_postcode,2026-08-11,0
00942157,1,2,2,0.9,0.9,name_postcode,2026-08-11,0
00942427,1,1,5,0.9,0.9,name_postcode,2026-08-11,0
00943480,1,2,2,0.9,0.9,name_postcode,2026-08-11,0
00944763,1,1,6,0.9,0.9,name_postcode,2026-08-11,0
00947728,1,2,2,0.9,0.9,name_postcode,2026-08-11,0
00947962,1,1,0,0.9,0.9,name_postcode,2026-08-11,0
00947968,1,1,12,0.9,0.9,name_postcode,2026-08-11,0
00949175,1,1,5,0.9,0.9,name_postcode,2026-08-11,0
00949364,1,1,1,0.9,0.9,name_postcode,2026-08-11,0
00949597,1,1,1,0.9,0.9,name_postcode,2026-08-11,0
00951407,1,1,0,0.9,0.9,name_postcode,2026-08-11,0
00952144,1,1,0,0.9,0.9,name_postcode,2026-08-11,0
00952421,1,1,0,0.9,0.9,name_postcode,2026-08-11,0
00958507,1,1,3,0.9,0.9,name_postcode,2026-08-11,0
00961100,1,1,1,0.9,0.9,name_postcode,2026-08-11,0
00961446,1,1,1,0.8,0.8,name_postcode_area,2026-08-11,0
00962501,1,1,4,0.9,0.9,name_postcode,2026-08-11,0
00964143,1,1,7,0.9,0.9,name_postcode,2026-08-11,0
00964834,1,1,1,0.9,0.9,name_postcode,2026-08-11,0
00967763,1,1,3,0.9,0.9,name_postcode,2026-08-11,0
00968536,1,1,2,0.9,0.9,name_postcode,2026-08-11,0
00968729,1,1,2,0.8,0.8,name_postcode_area,2026-08-11,0
00969828,1,1,1,0.9,0.9,name_postcode,2026-08-11,0
00972252,1,1,3,0.9,0.9,name_postcode,2026-08-11,0
00973280,1,1,1,0.9,0.9,name_postcode,2026-08-11,0
00974319,1,1,1,0.9,0.9,name_postcode,2026-08-11,0
00975813,1,1,2,0.8,0.8,name_postcode_area,2026-08-11,0
00976052,1,1,1,0.9,0.9,name_postcode,2026-08-11,0
00976297,1,2,19,0.9,0.9,name_postcode,2026-08-11,0
00976410,1,1,3,0.8,0.8,name_postcode_area,2026-08-11,0
00977818,1,4,179,0.9,0.8,name_postcode|name_postcode_area,2026-08-11,0
00978842,1,1,0,0.9,0.9,name_postcode,2026-08-11,0
00978878,1,2,2,0.8,0.8,name_postcode_area,2026-08-11,0
00979395,1,1,2,0.9,0.9,name_postcode,2026-08-11,0
00980487,1,2,16,0.9,0.9,name_postcode,2026-08-11,0
00981905,1,1,1,0.9,0.9,name_postcode,2026-08-11,0
00985613,1,1,1,0.8,0.8,name_postcode_area,2026-08-11,0
00987269,1,1,1,0.9,0.9,name_postcode,2026-08-11,0
00990667,1,1,1,0.9,0.9,name_postcode,2026-08-11,0
00992897,1,2,24,0.9,0.9,name_postcode,2026-08-11,0
00995387,1,1,1,0.9,0.9,name_postcode,2026-08-11,0
00997202,1,1,5,0.9,0.9,name_postcode,2026-08-11,0
00998314,1,1,1,0.9,0.9,name_postcode,2026-08-11,0
00999077,1,1,1,0.9,0.9,name_postcode,2026-08-11,0
01002610,1,3,25,0.9,0.9,name_postcode,2026-08-11,0
01003142,1,1,238,0.9,0.9,name_postcode,2026-08-11,0
01004816,1,1,1,0.9,0.9,name_postcode,2026-08-11,0
01006739,1,2,8,0.9,0.8,name_postcode|name_postcode_area,2026-08-11,0
01008026,1,2,1,0.9,0.9,name_postcode,2026-08-11,0
01008747,1,1,1,0.9,0.9,name_postcode,2026-08-11,0
01009166,1,1,2,0.9,0.9,name_postcode,2026-08-11,0
01010237,1,1,1,0.8,0.8,name_postcode_area,2026-08-11,0
01012929,1,1,3,0.9,0.9,name_postcode,2026-08-11,0
01014622,1,1,5,0.9,0.9,name_postcode,2026-08-11,0
01016230,1,1,1,0.9,0.9,name_postcode,2026-08-11,0
01017514,1,1,1,0.8,0.8,name_postcode_area,2026-08-11,0
01018472,1,1,3,0.9,0.9,name_postcode,2026-08-11,0
01020602,1,3,2,0.9,0.9,name_postcode,2026-08-11,0
01025842,1,1,1,0.9,0.9,name_postcode,2026-08-11,0
01027904,1,2,6,0.9,0.9,name_postcode,2026-08-11,0
01028571,1,1,5,0.9,0.9,name_postcode,2026-08-11,0
01030108,1,1,2,0.9,0.9,name_postcode,2026-08-11,0
01030381,1,1,0,0.9,0.9,name_postcode,2026-08-11,0
01032072,1,1,3,0.9,0.9,name_postcode,2026-08-11,0
01032313,1,1,1,0.9,0.9,name_postcode,2026-08-11,0
01034653,1,2,3,0.9,0.9,name_postcode,2026-08-11,0
01036230,1,1,1,0.9,0.9,name_postcode,2026-08-11,0
01036298,1,2,14,0.9,0.9,name_postcode,2026-08-11,0
01037468,1,1,1,0.9,0.9,name_postcode,2026-08-11,0
01039270,1,1,4,0.9,0.9,name_postcode,2026-08-11,0
01047315,1,1,4,0.9,0.9,name_postcode,2026-08-11,0
01050981,1,2,35,0.9,0.9,name_postcode,2026-08-11,0
01052322,1,1,1,0.9,0.9,name_postcode,2026-08-11,0
01056394,1,2,3,0.9,0.9,name_postcode,2026-08-11,0
01059511,1,1,1,0.8,0.8,name_postcode_area,2026-08-11,0
01061381,1,1,2,0.9,0.9,name_postcode,2026-08-11,0
01066993,1,2,1,0.8,0.8,name_postcode_area,2026-08-11,0
01069886,1,1,6,0.8,0.8,name_postcode_area,2026-08-11,0
01070731,1,1,2,0.9,0.9,name_postcode,2026-08-11,0
01070807,1,1,2,0.9,0.9,name_postcode,2026-08-11,0
01072913,1,1,1,0.9,0.9,name_postcode,2026-08-11,0
01074383,1,1,3,0.9,0.9,name_postcode,2026-08-11,0
01075253,1,1,2,0.9,0.9,name_postcode,2026-08-11,0
01079888,1,3,144,0.9,0.8,name_postcode|name_postcode_area,2026-08-11,0
01080251,1,1,1,0.9,0.9,name_postcode,2026-08-11,0
01082778,1,1,1,0.9,0.9,name_postcode,2026-08-11,0
01083105,1,1,1,0.9,0.9,name_postcode,2026-08-11,0
01087374,1,1,0,0.9,0.9,name_postcode,2026-08-11,0
01089351,1,1,1,0.9,0.9,name_postcode,2026-08-11,0
01090667,1,1,1,0.9,0.9,name_postcode,2026-08-11,0
01094204,1,1,0,0.9,0.9,name_postcode,2026-08-11,0
01097578,1,1,1,0.8,0.8,name_postcode_area,2026-08-11,0
01101489,1,1,1,0.9,0.9,name_postcode,2026-08-11,0
01105991,1,1,3,0.9,0.9,name_postcode,2026-08-11,0
01106260,1,1,32,0.9,0.9,name_postcode,2026-08-11,0
01109955,1,1,1,0.9,0.9,name_postcode,2026-08-11,0
01110305,1,1,1,0.8,0.8,name_postcode_area,2026-08-11,0
01113101,1,1,3,0.9,0.9,name_postcode,2026-08-11,0
01116596,1,1,2,0.9,0.9,name_postcode,2026-08-11,0
01120437,1,1,1,0.9,0.9,name_postcode,2026-08-11,0
01123045,1,5,11,0.9,0.9,name_postcode,2026-08-11,0
01127975,1,1,1,0.9,0.9,name_postcode,2026-08-11,0
01134730,1,1,1,0.9,0.9,name_postcode,2026-08-11,0
01148362,1,1,1,0.8,0.8,name_postcode_area,2026-08-11,0
01151087,1,1,7,0.9,0.9,name_postcode,2026-08-11,0
01152723,1,1,1,0.9,0.9,name_postcode,2026-08-11,0
01154477,1,1,6,0.9,0.9,name_postcode,2026-08-11,0
01158619,1,2,1,0.9,0.9,name_postcode,2026-08-11,0
01160907,1,1,1,0.9,0.9,name_postcode,2026-08-11,0
01161376,1,1,1,0.9,0.9,name_postcode,2026-08-11,0
01164090,1,1,1,0.9,0.9,name_postcode,2026-08-11,0
01164319,1,1,2,0.9,0.9,name_postcode,2026-08-11,0
01164955,1,1,1,0.9,0.9,name_postcode,2026-08-11,0
01166881,1,1,1,0.8,0.8,name_postcode_area,2026-08-11,0
01170773,1,1,1,0.9,0.9,name_postcode,2026-08-11,0
01171408,1,1,3,0.8,0.8,name_postcode_area,2026-08-11,0
01171948,1,2,14,0.9,0.9,name_postcode,2026-08-11,0
01173149,1,1,0,0.9,0.9,name_postcode,2026-08-11,0
01173261,1,1,0,0.9,0.9,name_postcode,2026-08-11,0
01182257,1,1,1,0.9,0.9,name_postcode,2026-08-11,0
01182653,1,2,4,0.9,0.8,name_postcode|name_postcode_area,2026-08-11,0
01183364,1,1,1,0.9,0.9,name_postcode,2026-08-11,0
01183847,1,2,3,0.9,0.9,name_postcode,2026-08-11,0
01188070,1,1,0,0.9,0.9,name_postcode,2026-08-11,0
01189998,1,1,3,0.9,0.9,name_postcode,2026-08-11,0
01190214,1,1,2,0.9,0.9,name_postcode,2026-08-11,0
01191211,1,1,0,0.9,0.9,name_postcode,2026-08-11,0
01198849,1,1,3,0.9,0.9,name_postcode,2026-08-11,0
01199255,1,1,12,0.9,0.9,name_postcode,2026-08-11,0
01200267,1,1,1,0.9,0.9,name_postcode,2026-08-11,0
01201305,1,1,2,0.9,0.9,name_postcode,2026-08-11,0
01211426,1,1,1,0.9,0.9,name_postcode,2026-08-11,0
01212237,1,1,1,0.9,0.9,name_postcode,2026-08-11,0
01212505,1,1,2,0.9,0.9,name_postcode,2026-08-11,0
01213092,1,1,1,0.9,0.9,name_postcode,2026-08-11,0
01213297,1,1,4,0.9,0.9,name_postcode,2026-08-11,0
01214570,1,1,1,0.9,0.9,name_postcode,2026-08-11,0
01218676,1,1,1,0.9,0.9,name_postcode,2026-08-11,0
01219774,1,1,2,0.9,0.9,name_postcode,2026-08-11,0
01223712,1,1,4,0.9,0.9,name_postcode,2026-08-11,0
01224533,1,1,0,0.9,0.9,name_postcode,2026-08-11,0
01233447,1,1,2,0.9,0.9,name_postcode,2026-08-11,0
01236886,1,1,5,0.9,0.9,name_postcode,2026-08-11,0
01236964,1,1,1,0.9,0.9,name_postcode,2026-08-11,0
01243329,1,1,2,0.9,0.9,name_postcode,2026-08-11,0
01243967,1,1,10,0.9,0.9,name_postcode,2026-08-11,0
01245534,1,1,0,0.9,0.9,name_postcode,2026-08-11,0
01246369,1,1,2,0.9,0.9,name_postcode,2026-08-11,0
01249803,1,1,4,0.9,0.9,name_postcode,2026-08-11,0
01252181,1,1,0,0.9,0.9,name_postcode,2026-08-11,0
01254855,1,1,2,0.9,0.9,name_postcode,2026-08-11,0
01254878,1,1,1,0.9,0.9,name_postcode,2026-08-11,0
01259441,1,2,8,0.9,0.9,name_postcode,2026-08-11,0
01260881,1,1,1,0.9,0.9,name_postcode,2026-08-11,0
01261512,1,1,2,0.9,0.9,name_postcode,2026-08-11,0
01264184,1,1,2,0.9,0.9,name_postcode,2026-08-11,0
01265610,1,1,2,0.9,0.9,name_postcode,2026-08-11,0
01274037,1,1,1,0.9,0.9,name_postcode,2026-08-11,0
01274270,1,2,2,0.9,0.9,name_postcode,2026-08-11,0
01274585,1,1,3,0.9,0.9,name_postcode,2026-08-11,0
01274885,1,2,3,0.9,0.9,name_postcode,2026-08-11,0
01275022,1,1,1,0.9,0.9,name_postcode,2026-08-11,0
01276450,1,1,2,0.9,0.9,name_postcode,2026-08-11,0
01277813,1,2,1,0.9,0.9,name_postcode,2026-08-11,0
01278360,1,1,3,0.9,0.9,name_postcode,2026-08-11,0
01279115,1,1,1,0.9,0.9,name_postcode,2026-08-11,0
01283809,1,1,0,0.9,0.9,name_postcode,2026-08-11,0
01288342,1,1,3,0.9,0.9,name_postcode,2026-08-11,0
01289798,1,1,2,0.9,0.9,name_postcode,2026-08-11,0
01291233,1,1,2,0.9,0.9,name_postcode,2026-08-11,0
01294792,1,1,1,0.9,0.9,name_postcode,2026-08-11,0
01296291,1,1,1,0.9,0.9,name_postcode,2026-08-11,0
01297497,1,1,6,0.9,0.9,name_postcode,2026-08-11,0
01299452,1,2,16,0.9,0.9,name_postcode,2026-08-11,0
01300238,1,2,3,0.9,0.9,name_postcode,2026-08-11,0
01303644,1,1,1,0.9,0.9,name_postcode,2026-08-11,0
01305027,1,1,3,0.9,0.9,name_postcode,2026-08-11,0
01306335,1,2,12,0.9,0.9,name_postcode,2026-08-11,0
01308938,1,1,1,0.9,0.9,name_postcode,2026-08-11,0
01309669,1,1,0,0.9,0.9,name_postcode,2026-08-11,0
01309949,1,1,1,0.9,0.9,name_postcode,2026-08-11,0
01311728,1,1,1,0.9,0.9,name_postcode,2026-08-11,0
01311968,1,1,1,0.9,0.9,name_postcode,2026-08-11,0
01312453,1,1,46,0.8,0.8,name_postcode_area,2026-08-11,0
01312605,1,1,2,0.9,0.9,name_postcode,2026-08-11,0
01313016,1,1,1,0.9,0.9,name_postcode,2026-08-11,0
01316437,1,2,2,0.9,0.9,name_postcode,2026-08-11,0
01320288,1,2,2,0.9,0.9,name_postcode,2026-08-11,0
01322907,1,1,1,0.9,0.9,name_postcode,2026-08-11,0
01324196,1,1,1,0.9,0.9,name_postcode,2026-08-11,0
01324871,1,1,1,0.9,0.9,name_postcode,2026-08-11,0
01325556,1,1,1,0.9,0.9,name_postcode,2026-08-11,0
01328169,1,1,1,0.9,0.9,name_postcode,2026-08-11,0
01332249,1,2,8,0.9,0.8,name_postcode|name_postcode_area,2026-08-11,0
01332370,1,2,3,0.9,0.9,name_postcode,2026-08-11,0
01332714,1,2,36,0.9,0.9,name_postcode,2026-08-11,0
01334448,1,1,2,0.9,0.9,name_postcode,2026-08-11,0
01337451,1,1,2,0.8,0.8,name_postcode_area,2026-08-11,0
01338479,1,2,1,0.9,0.9,name_postcode,2026-08-11,0
01349209,1,2,5,0.9,0.8,name_postcode|name_postcode_area,2026-08-11,0
01353953,1,2,1,0.9,0.9,name_postcode,2026-08-11,0
01355272,1,1,1,0.9,0.9,name_postcode,2026-08-11,0
01356034,1,1,2,0.9,0.9,name_postcode,2026-08-11,0
01356854,1,1,1,0.9,0.9,name_postcode,2026-08-11,0
01363137,1,2,2,0.9,0.9,name_postcode,2026-08-11,0
01364362,1,1,9,0.9,0.9,name_postcode,2026-08-11,0
01364723,1,1,0,0.9,0.9,name_postcode,2026-08-11,0
01368806,1,1,3,0.9,0.9,name_postcode,2026-08-11,0
01369865,1,1,1,0.9,0.9,name_postcode,2026-08-11,0
01370248,1,1,1,0.9,0.9,name_postcode,2026-08-11,0
01373488,1,1,1,0.8,0.8,name_postcode_area,2026-08-11,0
01377241,1,1,1,0.9,0.9,name_postcode,2026-08-11,0
01378413,1,1,4,0.9,0.9,name_postcode,2026-08-11,0
01378601,1,1,1,0.9,0.9,name_postcode,2026-08-11,0
01378777,1,1,1,0.9,0.9,name_postcode,2026-08-11,0
01380188,1,1,0,0.9,0.9,name_postcode,2026-08-11,0
01381707,1,1,3,0.9,0.9,name_postcode,2026-08-11,0
01381911,1,2,1,0.9,0.9,name_postcode,2026-08-11,0
01383511,1,2,13,0.9,0.9,name_postcode,2026-08-11,0
01384241,1,1,3,0.9,0.9,name_postcode,2026-08-11,0
01386979,1,1,3,0.8,0.8,name_postcode_area,2026-08-11,0
01388473,1,1,1,0.9,0.9,name_postcode,2026-08-11,0
01389010,1,1,1,0.9,0.9,name_postcode,2026-08-11,0
01394643,1,1,1,0.9,0.9,name_postcode,2026-08-11,0
01397255,1,1,3,0.9,0.9,name_postcode,2026-08-11,0
01400901,1,1,1,0.9,0.9,name_postcode,2026-08-11,0
01403147,1,3,2,0.9,0.8,name_postcode|name_postcode_area,2026-08-11,0
01403898,1,1,2,0.9,0.9,name_postcode,2026-08-11,0
01405707,1,1,3,0.8,0.8,name_postcode_area,2026-08-11,0
01406798,1,1,1,0.8,0.8,name_postcode_area,2026-08-11,0
01407228,1,1,7,0.9,0.9,name_postcode,2026-08-11,0
01408896,1,1,1,0.9,0.9,name_postcode,2026-08-11,0
01409925,1,2,4,0.9,0.9,name_postcode,2026-08-11,0
01413180,1,1,1,0.9,0.9,name_postcode,2026-08-11,0
01413643,1,1,2,0.9,0.9,name_postcode,2026-08-11,0
01417048,1,1,1,0.9,0.9,name_postcode,2026-08-11,0
01420041,1,1,1,0.9,0.9,name_postcode,2026-08-11,0
01427074,1,1,1,0.9,0.9,name_postcode,2026-08-11,0
01430113,1,1,1,0.9,0.9,name_postcode,2026-08-11,0
01430801,1,1,1,0.9,0.9,name_postcode,2026-08-11,0
01432936,1,1,0,0.9,0.9,name_postcode,2026-08-11,0
01433038,1,1,2,0.9,0.9,name_postcode,2026-08-11,0
01444615,1,1,2,0.9,0.9,name_postcode,2026-08-11,0
01446727,1,1,2,0.8,0.8,name_postcode_area,2026-08-11,0
01447529,1,1,1,0.9,0.9,name_postcode,2026-08-11,0
01454059,1,1,1,0.9,0.9,name_postcode,2026-08-11,0
01458168,1,1,5,0.9,0.9,name_postcode,2026-08-11,0
01459541,1,1,1,0.9,0.9,name_postcode,2026-08-11,0
01460044,1,1,1,0.9,0.9,name_postcode,2026-08-11,0
01465509,1,1,1,0.8,0.8,name_postcode_area,2026-08-11,0
01470151,1,1,3,0.9,0.9,name_postcode,2026-08-11,0
01471587,1,1,1,0.9,0.9,name_postcode,2026-08-11,0
01472269,1,1,4,0.9,0.9,name_postcode,2026-08-11,0
01475210,1,1,1,0.9,0.9,name_postcode,2026-08-11,0
01475528,1,1,3,0.9,0.9,name_postcode,2026-08-11,0
01476647,1,1,1,0.9,0.9,name_postcode,2026-08-11,0
01476898,1,1,4,0.9,0.9,name_postcode,2026-08-11,0
01477257,1,1,1,0.9,0.9,name_postcode,2026-08-11,0
01480449,1,3,1,0.9,0.8,name_postcode|name_postcode_area,2026-08-11,0
01481073,1,1,2,0.9,0.9,name_postcode,2026-08-11,0
01485098,1,1,1,0.9,0.9,name_postcode,2026-08-11,0
01493087,1,1,1,0.9,0.9,name_postcode,2026-08-11,0
01493537,1,1,1,0.9,0.9,name_postcode,2026-08-11,0
01494701,1,1,0,0.8,0.8,name_postcode_area,2026-08-11,0
01495116,1,1,1,0.9,0.9,name_postcode,2026-08-11,0
01500012,1,1,3,0.9,0.9,name_postcode,2026-08-11,0
01500964,1,1,1,0.9,0.9,name_postcode,2026-08-11,0
01501167,1,1,6,0.9,0.9,name_postcode,2026-08-11,0
01503733,1,1,2,0.9,0.9,name_postcode,2026-08-11,0
01503799,1,2,19,0.9,0.9,name_postcode,2026-08-11,0
01503908,1,1,13,0.9,0.9,name_postcode,2026-08-11,0
01504862,1,1,1,0.9,0.9,name_postcode,2026-08-11,0
01505148,1,2,8,0.9,0.8,name_postcode|name_postcode_area,2026-08-11,0
01508951,1,1,1,0.9,0.9,name_postcode,2026-08-11,0
01512726,1,1,1,0.9,0.9,name_postcode,2026-08-11,0
01513190,1,1,5,0.9,0.9,name_postcode,2026-08-11,0
01514084,1,1,3,0.9,0.9,name_postcode,2026-08-11,0
01514558,1,1,6,0.9,0.9,name_postcode,2026-08-11,0
01514781,1,1,1,0.9,0.9,name_postcode,2026-08-11,0
01516136,1,1,1,0.9,0.9,name_postcode,2026-08-11,0
01517630,1,2,1,0.9,0.9,name_postcode,2026-08-11,0
01523574,1,2,6,0.9,0.9,name_postcode,2026-08-11,0
01525421,1,1,3,0.8,0.8,name_postcode_area,2026-08-11,0
01526398,1,1,2,0.9,0.9,name_postcode,2026-08-11,0
01530620,1,1,2,0.9,0.9,name_postcode,2026-08-11,0
01532065,1,1,1,0.9,0.9,name_postcode,2026-08-11,0
01533774,1,1,2,0.9,0.9,name_postcode,2026-08-11,0
01539197,1,1,2,0.9,0.9,name_postcode,2026-08-11,0
01541402,1,1,2,0.9,0.9,name_postcode,2026-08-11,0
01543717,1,1,1,0.9,0.9,name_postcode,2026-08-11,0
01548073,1,1,1,0.9,0.9,name_postcode,2026-08-11,0
01548414,1,1,1,0.8,0.8,name_postcode_area,2026-08-11,0
01554521,1,2,4,0.9,0.9,name_postcode,2026-08-11,0
01557776,1,1,1,0.8,0.8,name_postcode_area,2026-08-11,0
01562213,1,1,1,0.9,0.9,name_postcode,2026-08-11,0
01563799,1,1,2,0.9,0.9,name_postcode,2026-08-11,0
01564220,1,1,4,0.9,0.9,name_postcode,2026-08-11,0
01564814,1,1,4,0.9,0.9,name_postcode,2026-08-11,0
01567779,1,1,1,0.9,0.9,name_postcode,2026-08-11,0
01568182,1,1,1,0.9,0.9,name_postcode,2026-08-11,0
01572148,1,1,1,0.9,0.9,name_postcode,2026-08-11,0
01573447,1,1,9,0.9,0.9,name_postcode,2026-08-11,0
01585669,1,1,2,0.9,0.9,name_postcode,2026-08-11,0
01585686,1,1,1,0.9,0.9,name_postcode,2026-08-11,0
01588839,1,1,1,0.9,0.9,name_postcode,2026-08-11,0
01590333,1,1,4,0.9,0.9,name_postcode,2026-08-11,0
01592661,1,1,4,0.9,0.9,name_postcode,2026-08-11,0
01596907,1,1,6,0.9,0.9,name_postcode,2026-08-11,0
01600004,1,1,1,0.9,0.9,name_postcode,2026-08-11,0
01606391,1,2,5,0.8,0.8,name_postcode_area,2026-08-11,0
01606652,1,2,2,0.9,0.9,name_postcode,2026-08-11,0
01610732,1,1,1,0.9,0.9,name_postcode,2026-08-11,0
01617265,1,1,1,0.9,0.9,name_postcode,2026-08-11,0
01618597,1,3,1,0.9,0.9,name_postcode,2026-08-11,0
01622174,1,1,0,0.9,0.9,name_postcode,2026-08-11,0
01624297,1,2,30,0.9,0.9,name_postcode,2026-08-11,0
01625838,1,1,1,0.9,0.9,name_postcode,2026-08-11,0
01626585,1,2,7,0.9,0.9,name_postcode,2026-08-11,0
01627562,1,1,1,0.9,0.9,name_postcode,2026-08-11,0
01628868,1,1,1,0.9,0.9,name_postcode,2026-08-11,0
01629011,1,1,0,0.9,0.9,name_postcode,2026-08-11,0
01630313,1,1,1,0.9,0.9,name_postcode,2026-08-11,0
01630328,1,2,20,0.9,0.9,name_postcode,2026-08-11,0
01631071,1,1,1,0.9,0.9,name_postcode,2026-08-11,0
01631537,1,1,1,0.9,0.9,name_postcode,2026-08-11,0
01634739,1,1,1,0.9,0.9,name_postcode,2026-08-11,0
01640855,1,1,4,0.9,0.9,name_postcode,2026-08-11,0
01644989,1,1,4,0.9,0.9,name_postcode,2026-08-11,0
01649776,1,1,0,0.9,0.9,name_postcode,2026-08-11,0
01652960,1,1,4,0.9,0.9,name_postcode,2026-08-11,0
01653116,1,1,12,0.9,0.9,name_postcode,2026-08-11,0
01653765,1,1,1,0.9,0.9,name_postcode,2026-08-11,0
01659656,1,1,1,0.8,0.8,name_postcode_area,2026-08-11,0
01661817,1,1,3,0.9,0.9,name_postcode,2026-08-11,0
01661935,1,1,1,0.9,0.9,name_postcode,2026-08-11,0
01663400,1,1,0,0.9,0.9,name_postcode,2026-08-11,0
01664664,1,2,8,0.9,0.9,name_postcode,2026-08-11,0
01664812,1,1,3,0.8,0.8,name_postcode_area,2026-08-11,0
01664824,1,1,3,0.9,0.9,name_postcode,2026-08-11,0
01665506,1,1,4,0.9,0.9,name_postcode,2026-08-11,0
01670261,1,1,1,0.9,0.9,name_postcode,2026-08-11,0
01670487,1,1,2,0.9,0.9,name_postcode,2026-08-11,0
01671841,1,1,1,0.9,0.9,name_postcode,2026-08-11,0
01672070,1,5,250,0.9,0.9,name_postcode,2026-08-11,0
01672130,1,1,0,0.9,0.9,name_postcode,2026-08-11,0
01672509,1,1,1,0.9,0.9,name_postcode,2026-08-11,0
01674379,1,1,0,0.8,0.8,name_postcode_area,2026-08-11,0
01675285,1,1,2,0.9,0.9,name_postcode,2026-08-11,0
01681062,1,1,2,0.9,0.9,name_postcode,2026-08-11,0
01682587,1,1,2,0.9,0.9,name_postcode,2026-08-11,0
01686721,1,1,1,0.9,0.9,name_postcode,2026-08-11,0
01691369,1,1,9,0.9,0.9,name_postcode,2026-08-11,0
01692536,1,1,0,0.9,0.9,name_postcode,2026-08-11,0
01694833,1,1,2,0.9,0.9,name_postcode,2026-08-11,0
01703614,1,2,1,0.9,0.9,name_postcode,2026-08-11,0
01705804,1,2,1,0.9,0.9,name_postcode,2026-08-11,0
01708157,1,1,1,0.9,0.9,name_postcode,2026-08-11,0
01708481,1,1,1,0.9,0.9,name_postcode,2026-08-11,0
01711056,1,1,1,0.9,0.9,name_postcode,2026-08-11,0
01712772,1,1,3,0.9,0.9,name_postcode,2026-08-11,0
01716221,1,1,1,0.9,0.9,name_postcode,2026-08-11,0
01717025,1,1,3,0.9,0.9,name_postcode,2026-08-11,0
01721203,1,2,4,0.9,0.9,name_postcode,2026-08-11,0
01721262,1,1,2,0.9,0.9,name_postcode,2026-08-11,0
01728605,1,1,2,0.8,0.8,name_postcode_area,2026-08-11,0
01728878,1,1,1,0.9,0.9,name_postcode,2026-08-11,0
01729064,1,1,8,0.9,0.9,name_postcode,2026-08-11,0
01732131,1,1,1,0.9,0.9,name_postcode,2026-08-11,0
01734220,1,1,3,0.9,0.9,name_postcode,2026-08-11,0
01735844,1,1,2,0.9,0.9,name_postcode,2026-08-11,0
01735858,1,1,7,0.9,0.9,name_postcode,2026-08-11,0
01738519,1,1,1,0.9,0.9,name_postcode,2026-08-11,0
01740905,1,1,0,0.9,0.9,name_postcode,2026-08-11,0
01742728,1,1,1,0.9,0.9,name_postcode,2026-08-11,0
01742794,1,1,1,0.8,0.8,name_postcode_area,2026-08-11,0
01742959,1,2,2,0.9,0.9,name_postcode,2026-08-11,0
01743099,1,1,0,0.9,0.9,name_postcode,2026-08-11,0
01745834,1,1,1,0.9,0.9,name_postcode,2026-08-11,0
01749908,1,1,1,0.9,0.9,name_postcode,2026-08-11,0
01750201,1,1,2,0.9,0.9,name_postcode,2026-08-11,0
01752242,1,2,21,0.9,0.9,name_postcode,2026-08-11,0
01757790,1,1,4,0.9,0.9,name_postcode,2026-08-11,0
01759238,1,1,0,0.9,0.9,name_postcode,2026-08-11,0
01759903,1,1,2,0.9,0.9,name_postcode,2026-08-11,0
01760288,1,1,3,0.9,0.9,name_postcode,2026-08-11,0
01761489,1,1,1,0.9,0.9,name_postcode,2026-08-11,0
01762448,1,1,1,0.9,0.9,name_postcode,2026-08-11,0
01763860,1,1,0,0.9,0.9,name_postcode,2026-08-11,0
01764067,1,1,1,0.9,0.9,name_postcode,2026-08-11,0
01765701,1,1,1,0.9,0.9,name_postcode,2026-08-11,0
01772901,1,1,2,0.9,0.9,name_postcode,2026-08-11,0
01773459,1,1,3,0.9,0.9,name_postcode,2026-08-11,0
01781305,1,1,1,0.9,0.9,name_postcode,2026-08-11,0
01782394,1,1,1,0.8,0.8,name_postcode_area,2026-08-11,0
01782505,1,1,1,0.9,0.9,name_postcode,2026-08-11,0
01786293,1,1,1,0.9,0.9,name_postcode,2026-08-11,0
01790370,1,1,1,0.9,0.9,name_postcode,2026-08-11,0
01790882,1,1,5,0.9,0.9,name_postcode,2026-08-11,0
01790939,1,1,1,0.9,0.9,name_postcode,2026-08-11,0
01793462,1,1,1,0.9,0.9,name_postcode,2026-08-11,0
01799022,1,1,1,0.9,0.9,name_postcode,2026-08-11,0
01800222,1,1,2,0.9,0.9,name_postcode,2026-08-11,0
01800317,1,1,3,0.9,0.9,name_postcode,2026-08-11,0
01802762,1,1,6,0.9,0.9,name_postcode,2026-08-11,0
01803402,1,1,2,0.9,0.9,name_postcode,2026-08-11,0
01803460,1,2,2,0.9,0.9,name_postcode,2026-08-11,0
01804186,1,1,0,0.9,0.9,name_postcode,2026-08-11,0
01806912,1,1,29,0.9,0.9,name_postcode,2026-08-11,0
01809964,1,1,3,0.9,0.9,name_postcode,2026-08-11,0
01811672,1,2,3,0.9,0.9,name_postcode,2026-08-11,0
01813159,1,2,4,0.9,0.9,name_postcode,2026-08-11,0
01821925,1,1,1,0.9,0.9,name_postcode,2026-08-11,0
01822612,1,1,7,0.9,0.9,name_postcode,2026-08-11,0
01822950,1,1,4,0.9,0.9,name_postcode,2026-08-11,0
01825037,1,1,2,0.9,0.9,name_postcode,2026-08-11,0
01829156,1,1,1,0.9,0.9,name_postcode,2026-08-11,0
01829722,1,1,2,0.9,0.9,name_postcode,2026-08-11,0
01829910,1,1,1,0.9,0.9,name_postcode,2026-08-11,0
01832141,1,1,1,0.9,0.9,name_postcode,2026-08-11,0
01833679,1,1,1,0.9,0.9,name_postcode,2026-08-11,0
01834088,1,1,1,0.9,0.9,name_postcode,2026-08-11,0
01835047,1,1,2,0.8,0.8,name_postcode_area,2026-08-11,0
01835470,1,1,4,0.9,0.9,name_postcode,2026-08-11,0
01837182,1,1,1,0.8,0.8,name_postcode_area,2026-08-11,0
01839239,1,2,20,0.9,0.9,name_postcode,2026-08-11,0
01840055,1,1,5,0.9,0.9,name_postcode,2026-08-11,0
01840987,1,1,1,0.9,0.9,name_postcode,2026-08-11,0
01841352,1,1,2,0.8,0.8,name_postcode_area,2026-08-11,0
01846493,1,1,20,0.9,0.9,name_postcode,2026-08-11,0
01852938,1,2,1,0.9,0.9,name_postcode,2026-08-11,0
01864134,1,1,2,0.9,0.9,name_postcode,2026-08-11,0
01866166,1,2,6,0.9,0.8,name_postcode|name_postcode_area,2026-08-11,0
01869220,1,2,2,0.9,0.9,name_postcode,2026-08-11,0
01873269,1,2,3,0.8,0.8,name_postcode_area,2026-08-11,0
01873702,1,2,30,0.9,0.9,name_postcode,2026-08-11,0
01874025,1,1,1,0.9,0.9,name_postcode,2026-08-11,0
01874098,1,1,1,0.9,0.9,name_postcode,2026-08-11,0
01874861,1,1,0,0.9,0.9,name_postcode,2026-08-11,0
01883830,1,2,3,0.9,0.8,name_postcode|name_postcode_area,2026-08-11,0
01885075,1,2,3,0.9,0.8,name_postcode|name_postcode_area,2026-08-11,0
01885600,1,1,3,0.9,0.9,name_postcode,2026-08-11,0
01888633,1,1,1,0.8,0.8,name_postcode_area,2026-08-11,0
01892920,1,1,1,0.9,0.9,name_postcode,2026-08-11,0
01896592,1,1,2,0.9,0.9,name_postcode,2026-08-11,0
01898192,1,1,1,0.9,0.9,name_postcode,2026-08-11,0
01898700,1,1,3,0.9,0.9,name_postcode,2026-08-11,0
01902154,1,1,1,0.9,0.9,name_postcode,2026-08-11,0
01902503,1,1,3,0.9,0.9,name_postcode,2026-08-11,0
01902575,1,1,2,0.9,0.9,name_postcode,2026-08-11,0
01904664,1,1,1,0.9,0.9,name_postcode,2026-08-11,0
01906537,1,1,0,0.9,0.9,name_postcode,2026-08-11,0
01910376,1,1,1,0.9,0.9,name_postcode,2026-08-11,0
01910453,1,1,6,0.9,0.9,name_postcode,2026-08-11,0
01916260,1,1,19,0.9,0.9,name_postcode,2026-08-11,0
01916825,1,2,6,0.9,0.8,name_postcode|name_postcode_area,2026-08-11,0
01919979,1,1,1,0.9,0.9,name_postcode,2026-08-11,0
01920664,1,1,1,0.9,0.9,name_postcode,2026-08-11,0
01920884,1,1,3,0.9,0.9,name_postcode,2026-08-11,0
01922327,1,1,1,0.9,0.9,name_postcode,2026-08-11,0
01926842,1,2,2,0.8,0.8,name_postcode_area,2026-08-11,0
01926883,1,1,7,0.9,0.9,name_postcode,2026-08-11,0
01928053,1,1,2,0.9,0.9,name_postcode,2026-08-11,0
01930745,1,1,2,0.9,0.9,name_postcode,2026-08-11,0
01933935,1,1,1,0.9,0.9,name_postcode,2026-08-11,0
01938625,1,1,0,0.9,0.9,name_postcode,2026-08-11,0
01938710,1,1,2,0.9,0.9,name_postcode,2026-08-11,0
01941113,1,2,36,0.9,0.9,name_postcode,2026-08-11,0
01944186,1,1,1,0.9,0.9,name_postcode,2026-08-11,0
01944544,1,1,4,0.8,0.8,name_postcode_area,2026-08-11,0
01944865,1,1,0,0.9,0.9,name_postcode,2026-08-11,0
01946078,1,1,1,0.9,0.9,name_postcode,2026-08-11,0
01947718,1,1,1,0.9,0.9,name_postcode,2026-08-11,0
01948434,1,1,1,0.9,0.9,name_postcode,2026-08-11,0
01948743,1,1,1,0.9,0.9,name_postcode,2026-08-11,0
01950720,1,1,1,0.8,0.8,name_postcode_area,2026-08-11,0
01952632,1,1,1,0.9,0.9,name_postcode,2026-08-11,0
01953136,1,1,1,0.9,0.9,name_postcode,2026-08-11,0
01955749,1,1,1,0.9,0.9,name_postcode,2026-08-11,0
01955898,1,1,1,0.9,0.9,name_postcode,2026-08-11,0
01956653,1,1,2,0.9,0.9,name_postcode,2026-08-11,0
01957036,1,1,4,0.9,0.9,name_postcode,2026-08-11,0
01959090,1,2,60,0.9,0.9,name_postcode,2026-08-11,0
01959735,1,1,2,0.9,0.9,name_postcode,2026-08-11,0
01959944,1,2,3,0.9,0.9,name_postcode,2026-08-11,0
01965882,1,1,2,0.9,0.9,name_postcode,2026-08-11,0
01966650,1,1,3,0.9,0.9,name_postcode,2026-08-11,0
01967717,1,2,13,0.9,0.9,name_postcode,2026-08-11,0
01972029,1,2,7,0.9,0.9,name_postcode,2026-08-11,0
01972451,1,1,2,0.9,0.9,name_postcode,2026-08-11,0
01981938,1,1,1,0.9,0.9,name_postcode,2026-08-11,0
01983602,1,1,1,0.9,0.9,name_postcode,2026-08-11,0
01984723,1,1,0,0.9,0.9,name_postcode,2026-08-11,0
01988284,1,1,1,0.9,0.9,name_postcode,2026-08-11,0
01988467,1,1,2,0.9,0.9,name_postcode,2026-08-11,0
01993294,1,1,4,0.9,0.9,name_postcode,2026-08-11,0
01993425,1,1,3,0.9,0.9,name_postcode,2026-08-11,0
01993923,1,1,1,0.9,0.9,name_postcode,2026-08-11,0
01994112,1,1,11,0.9,0.9,name_postcode,2026-08-11,0
01994997,1,1,2,0.9,0.9,name_postcode,2026-08-11,0
01996191,1,1,2,0.9,0.9,name_postcode,2026-08-11,0
01996395,1,1,1,0.9,0.9,name_postcode,2026-08-11,0
01996687,1,1,77,0.9,0.9,name_postcode,2026-08-11,0
01998780,1,1,1,0.9,0.9,name_postcode,2026-08-11,0
02002865,1,1,4,0.9,0.9,name_postcode,2026-08-11,0
02003365,1,1,1,0.9,0.9,name_postcode,2026-08-11,0
02005284,1,1,1,0.9,0.9,name_postcode,2026-08-11,0
02005893,1,1,2,0.8,0.8,name_postcode_area,2026-08-11,0
02006035,1,2,3,0.9,0.9,name_postcode,2026-08-11,0
02007313,1,1,1,0.9,0.9,name_postcode,2026-08-11,0
02015901,1,1,0,0.9,0.9,name_postcode,2026-08-11,0
02018267,1,1,4,0.9,0.9,name_postcode,2026-08-11,0
02024398,1,1,1,0.9,0.9,name_postcode,2026-08-11,0
02026753,1,2,10,0.9,0.9,name_postcode,2026-08-11,0
02027512,1,1,4,0.9,0.9,name_postcode,2026-08-11,0
02029363,1,1,1,0.9,0.9,name_postcode,2026-08-11,0
02029655,1,3,2,0.8,0.8,name_postcode_area,2026-08-11,0
02030221,1,1,6,0.9,0.9,name_postcode,2026-08-11,0
02033501,1,1,2,0.9,0.9,name_postcode,2026-08-11,0
02037916,1,1,1,0.9,0.9,name_postcode,2026-08-11,0
02041703,1,1,2,0.9,0.9,name_postcode,2026-08-11,0
02042783,1,1,1,0.9,0.9,name_postcode,2026-08-11,0
02044226,1,1,1,0.9,0.9,name_postcode,2026-08-11,0
02044326,1,1,1,0.9,0.9,name_postcode,2026-08-11,0
02048534,1,1,1,0.9,0.9,name_postcode,2026-08-11,0
02048608,1,1,4,0.9,0.9,name_postcode,2026-08-11,0
02049511,1,1,49,0.9,0.9,name_postcode,2026-08-11,0
02050843,1,2,4,0.9,0.9,name_postcode,2026-08-11,0
02051563,1,1,0,0.9,0.9,name_postcode,2026-08-11,0
02051641,1,1,1,0.9,0.9,name_postcode,2026-08-11,0
02053047,1,2,8,0.9,0.9,name_postcode,2026-08-11,0
02055148,1,1,1,0.9,0.9,name_postcode,2026-08-11,0
02055784,1,1,5,0.8,0.8,name_postcode_area,2026-08-11,0
02056049,1,2,26,0.9,0.9,name_postcode,2026-08-11,0
02057591,1,2,3,0.9,0.8,name_postcode|name_postcode_area,2026-08-11,0
02057889,1,1,1,0.9,0.9,name_postcode,2026-08-11,0
02060803,1,1,4,0.9,0.9,name_postcode,2026-08-11,0
02062398,1,1,1,0.9,0.9,name_postcode,2026-08-11,0
02065467,1,2,14,0.9,0.9,name_postcode,2026-08-11,0
02065974,1,1,5,0.9,0.9,name_postcode,2026-08-11,0
02066629,1,1,1,0.8,0.8,name_postcode_area,2026-08-11,0
02067030,1,2,4,0.9,0.9,name_postcode,2026-08-11,0
02072115,1,1,1,0.9,0.9,name_postcode,2026-08-11,0
02072488,1,1,1,0.9,0.9,name_postcode,2026-08-11,0
02072919,1,1,3,0.9,0.9,name_postcode,2026-08-11,0
02076899,1,1,1,0.9,0.9,name_postcode,2026-08-11,0
02077752,1,1,3,0.9,0.9,name_postcode,2026-08-11,0
02077844,1,1,1,0.9,0.9,name_postcode,2026-08-11,0
02077847,1,2,3,0.9,0.9,name_postcode,2026-08-11,0
02079750,1,1,1,0.8,0.8,name_postcode_area,2026-08-11,0
02081369,1,1,1,0.9,0.9,name_postcode,2026-08-11,0
02081960,1,1,3,0.9,0.9,name_postcode,2026-08-11,0
02082350,1,1,0,0.8,0.8,name_postcode_area,2026-08-11,0
02085250,1,1,1,0.9,0.9,name_postcode,2026-08-11,0
02086774,1,1,1,0.9,0.9,name_postcode,2026-08-11,0
02089227,1,2,14,0.9,0.9,name_postcode,2026-08-11,0
02092166,1,2,8,0.9,0.9,name_postcode,2026-08-11,0
02094503,1,1,1,0.9,0.9,name_postcode,2026-08-11,0
02094671,1,1,1,0.9,0.9,name_postcode,2026-08-11,0
02095350,1,1,2,0.9,0.9,name_postcode,2026-08-11,0
02095823,1,1,0,0.9,0.9,name_postcode,2026-08-11,0
02096520,1,1,0,0.9,0.9,name_postcode,2026-08-11,0
02100855,1,1,1,0.8,0.8,name_postcode_area,2026-08-11,0
02102749,1,1,1,0.9,0.9,name_postcode,2026-08-11,0
02105440,1,1,12,0.9,0.9,name_postcode,2026-08-11,0
02106514,1,1,2,0.9,0.9,name_postcode,2026-08-11,0
02107558,1,1,6,0.9,0.9,name_postcode,2026-08-11,0
02110620,1,1,5,0.8,0.8,name_postcode_area,2026-08-11,0
02112385,1,2,4,0.9,0.9,name_postcode,2026-08-11,0
02119397,1,1,1,0.9,0.9,name_postcode,2026-08-11,0
02119811,1,1,1,0.8,0.8,name_postcode_area,2026-08-11,0
02120586,1,1,15,0.9,0.9,name_postcode,2026-08-11,0
02120683,1,1,2,0.9,0.9,name_postcode,2026-08-11,0
02127427,1,2,15,0.9,0.9,name_postcode,2026-08-11,0
02133170,1,1,1,0.9,0.9,name_postcode,2026-08-11,0
02134749,1,1,0,0.9,0.9,name_postcode,2026-08-11,0
02134805,1,1,1,0.9,0.9,name_postcode,2026-08-11,0
02134862,1,2,9,0.9,0.9,name_postcode,2026-08-11,0
02135788,1,1,1,0.9,0.9,name_postcode,2026-08-11,0
02138623,1,1,3,0.9,0.9,name_postcode,2026-08-11,0
02141589,1,1,1,0.9,0.9,name_postcode,2026-08-11,0
02142001,1,1,1,0.9,0.9,name_postcode,2026-08-11,0
02143253,1,1,2,0.9,0.9,name_postcode,2026-08-11,0
02143970,1,1,2,0.9,0.9,name_postcode,2026-08-11,0
02147892,1,1,4,0.9,0.9,name_postcode,2026-08-11,0
02152073,1,1,2,0.9,0.9,name_postcode,2026-08-11,0
02154196,1,1,0,0.9,0.9,name_postcode,2026-08-11,0
02155347,1,3,39,0.9,0.9,name_postcode,2026-08-11,0
02159282,1,4,42,0.8,0.8,name_postcode_area,2026-08-11,0
02159382,1,1,1,0.9,0.9,name_postcode,2026-08-11,0
02159575,1,3,8,0.9,0.9,name_postcode,2026-08-11,0
02160031,1,1,6,0.9,0.9,name_postcode,2026-08-11,0
02160651,1,1,2,0.9,0.9,name_postcode,2026-08-11,0
02161995,1,1,0,0.8,0.8,name_postcode_area,2026-08-11,0
02162028,1,1,2,0.9,0.9,name_postcode,2026-08-11,0
02163063,1,1,1,0.9,0.9,name_postcode,2026-08-11,0
02163295,1,1,3,0.9,0.9,name_postcode,2026-08-11,0
02163844,1,1,2,0.9,0.9,name_postcode,2026-08-11,0
02164244,1,1,1,0.9,0.9,name_postcode,2026-08-11,0
02165802,1,1,1,0.9,0.9,name_postcode,2026-08-11,0
02168579,1,2,4,0.9,0.9,name_postcode,2026-08-11,0
02169624,1,1,1,0.9,0.9,name_postcode,2026-08-11,0
02170535,1,1,3,0.9,0.9,name_postcode,2026-08-11,0
02174066,1,1,8,0.9,0.9,name_postcode,2026-08-11,0
02174118,1,1,1,0.9,0.9,name_postcode,2026-08-11,0
02177736,1,1,4,0.9,0.9,name_postcode,2026-08-11,0
02177994,1,1,1,0.9,0.9,name_postcode,2026-08-11,0
02182135,1,1,1,0.9,0.9,name_postcode,2026-08-11,0
02182762,1,2,3,0.9,0.8,name_postcode|name_postcode_area,2026-08-11,0
02184469,1,1,2,0.9,0.9,name_postcode,2026-08-11,0
02185080,1,1,2,0.9,0.9,name_postcode,2026-08-11,0
02186740,1,1,0,0.9,0.9,name_postcode,2026-08-11,0
02189095,1,1,2,0.9,0.9,name_postcode,2026-08-11,0
02189139,1,1,1,0.9,0.9,name_postcode,2026-08-11,0
02189247,1,1,2,0.9,0.9,name_postcode,2026-08-11,0
02190128,1,1,2,0.9,0.9,name_postcode,2026-08-11,0
02193823,1,1,1,0.8,0.8,name_postcode_area,2026-08-11,0
02193976,1,1,1,0.9,0.9,name_postcode,2026-08-11,0
02194180,1,1,1,0.9,0.9,name_postcode,2026-08-11,0
02194706,1,1,3,0.9,0.9,name_postcode,2026-08-11,0
02196647,1,1,0,0.9,0.9,name_postcode,2026-08-11,0
02199169,1,1,3,0.9,0.9,name_postcode,2026-08-11,0
02199239,1,1,2,0.9,0.9,name_postcode,2026-08-11,0
02201553,1,1,2,0.9,0.9,name_postcode,2026-08-11,0
02204655,1,1,3,0.9,0.9,name_postcode,2026-08-11,0
02205891,1,1,1,0.8,0.8,name_postcode_area,2026-08-11,0
02206314,1,1,1,0.9,0.9,name_postcode,2026-08-11,0
02206389,1,1,1,0.8,0.8,name_postcode_area,2026-08-11,0
02206559,1,1,2,0.8,0.8,name_postcode_area,2026-08-11,0
02208009,1,2,2,0.9,0.9,name_postcode,2026-08-11,0
02208285,1,1,1,0.9,0.9,name_postcode,2026-08-11,0
02209367,1,2,5,0.9,0.9,name_postcode,2026-08-11,0
02210129,1,1,1,0.9,0.9,name_postcode,2026-08-11,0
02211999,1,1,0,0.9,0.9,name_postcode,2026-08-11,0
02212959,1,1,8,0.9,0.9,name_postcode,2026-08-11,0
02213855,1,2,3,0.9,0.9,name_postcode,2026-08-11,0
02215654,1,2,11,0.9,0.9,name_postcode,2026-08-11,0
02216369,1,1,6,0.9,0.9,name_postcode,2026-08-11,0
02218531,1,1,13,0.9,0.9,name_postcode,2026-08-11,0
02219673,1,2,14,0.9,0.9,name_postcode,2026-08-11,0
02219693,1,1,1,0.9,0.9,name_postcode,2026-08-11,0
02220030,1,1,2,0.9,0.9,name_postcode,2026-08-11,0
02221710,1,1,1,0.9,0.9,name_postcode,2026-08-11,0
02224439,1,1,6,0.9,0.9,name_postcode,2026-08-11,0
02230419,1,1,0,0.9,0.9,name_postcode,2026-08-11,0
02231246,1,1,1,0.9,0.9,name_postcode,2026-08-11,0
02231437,1,1,4,0.9,0.9,name_postcode,2026-08-11,0
02232508,1,1,1,0.9,0.9,name_postcode,2026-08-11,0
02233989,1,1,3,0.9,0.9,name_postcode,2026-08-11,0
02235994,1,1,0,0.9,0.9,name_postcode,2026-08-11,0
02238320,1,2,2,0.9,0.9,name_postcode,2026-08-11,0
02242163,1,1,1,0.9,0.9,name_postcode,2026-08-11,0
02242511,1,1,0,0.9,0.9,name_postcode,2026-08-11,0
02242542,1,3,1,0.9,0.9,name_postcode,2026-08-11,0
02245657,1,1,1,0.9,0.9,name_postcode,2026-08-11,0
02246273,1,1,1,0.8,0.8,name_postcode_area,2026-08-11,0
02246361,1,1,6,0.9,0.9,name_postcode,2026-08-11,0
02248615,1,2,7,0.9,0.9,name_postcode,2026-08-11,0
02250436,1,1,1,0.9,0.9,name_postcode,2026-08-11,0
02251723,1,1,1,0.9,0.9,name_postcode,2026-08-11,0
02257199,1,1,2,0.9,0.9,name_postcode,2026-08-11,0
02262638,1,1,1,0.9,0.9,name_postcode,2026-08-11,0
02263923,1,1,2,0.9,0.9,name_postcode,2026-08-11,0
02264869,1,1,19,0.9,0.9,name_postcode,2026-08-11,0
02265026,1,1,1,0.9,0.9,name_postcode,2026-08-11,0
02267983,1,1,1,0.9,0.9,name_postcode,2026-08-11,0
02273129,1,2,11,0.9,0.9,name_postcode,2026-08-11,0
02275157,1,1,1,0.9,0.9,name_postcode,2026-08-11,0
02275192,1,1,0,0.9,0.9,name_postcode,2026-08-11,0
02279688,1,1,1,0.9,0.9,name_postcode,2026-08-11,0
02280000,1,2,64,0.9,0.9,name_postcode,2026-08-11,0
02282162,1,1,2,0.9,0.9,name_postcode,2026-08-11,0
02282265,1,1,0,0.9,0.9,name_postcode,2026-08-11,0
02283308,1,1,0,0.9,0.9,name_postcode,2026-08-11,0
02289571,1,1,1,0.9,0.9,name_postcode,2026-08-11,0
02292967,1,1,1,0.9,0.9,name_postcode,2026-08-11,0
02294036,1,1,1,0.9,0.9,name_postcode,2026-08-11,0
02300406,1,1,1,0.9,0.9,name_postcode,2026-08-11,0
02302168,1,2,11,0.9,0.9,name_postcode,2026-08-11,0
02305498,1,1,1,0.9,0.9,name_postcode,2026-08-11,0
02305889,1,2,8,0.9,0.9,name_postcode,2026-08-11,0
02308367,1,2,5,0.9,0.9,name_postcode,2026-08-11,0
02310013,1,1,1,0.9,0.9,name_postcode,2026-08-11,0
02311487,1,1,11,0.9,0.9,name_postcode,2026-08-11,0
02312115,1,1,1,0.9,0.9,name_postcode,2026-08-11,0
02314890,1,1,1,0.9,0.9,name_postcode,2026-08-11,0
02319068,1,1,2,0.9,0.9,name_postcode,2026-08-11,0
02319127,1,1,2,0.9,0.9,name_postcode,2026-08-11,0
02321869,1,1,1,0.9,0.9,name_postcode,2026-08-11,0
02322358,1,1,1,0.9,0.9,name_postcode,2026-08-11,0
02322992,1,1,8,0.9,0.9,name_postcode,2026-08-11,0
02325396,1,1,1,0.9,0.9,name_postcode,2026-08-11,0
02326885,1,2,8,0.9,0.9,name_postcode,2026-08-11,0
02327613,1,2,9,0.9,0.9,name_postcode,2026-08-11,0
02328946,1,1,1,0.8,0.8,name_postcode_area,2026-08-11,0
02329039,1,2,3,0.9,0.9,name_postcode,2026-08-11,0
02330031,1,3,22,0.9,0.9,name_postcode,2026-08-11,0
02332065,1,3,14,0.9,0.8,name_postcode|name_postcode_area,2026-08-11,0
02337313,1,1,1,0.9,0.9,name_postcode,2026-08-11,0
02338162,1,1,0,0.9,0.9,name_postcode,2026-08-11,0
02341404,1,1,3,0.9,0.9,name_postcode,2026-08-11,0
02343479,1,1,1,0.9,0.9,name_postcode,2026-08-11,0
02344610,1,4,6,0.9,0.9,name_postcode,2026-08-11,0
02345696,1,1,17,0.9,0.9,name_postcode,2026-08-11,0
02346109,1,1,6,0.9,0.9,name_postcode,2026-08-11,0
02348404,1,1,1,0.9,0.9,name_postcode,2026-08-11,0
02349003,1,1,4,0.9,0.9,name_postcode,2026-08-11,0
02349996,1,1,2,0.9,0.9,name_postcode,2026-08-11,0
02350123,1,1,1,0.9,0.9,name_postcode,2026-08-11,0
02351541,1,1,1,0.9,0.9,name_postcode,2026-08-11,0
02352348,1,2,2,0.9,0.9,name_postcode,2026-08-11,0
02352849,1,1,1,0.9,0.9,name_postcode,2026-08-11,0
02354269,1,2,1,0.8,0.8,name_postcode_area,2026-08-11,0
02354890,1,1,1,0.9,0.9,name_postcode,2026-08-11,0
02355503,1,1,1,0.8,0.8,name_postcode_area,2026-08-11,0
02356284,1,1,1,0.9,0.9,name_postcode,2026-08-11,0
02357989,1,1,1,0.8,0.8,name_postcode_area,2026-08-11,0
02358956,1,1,1,0.9,0.9,name_postcode,2026-08-11,0
02360101,1,1,1,0.9,0.9,name_postcode,2026-08-11,0
02362531,1,1,1,0.9,0.9,name_postcode,2026-08-11,0
02364716,1,1,1,0.9,0.9,name_postcode,2026-08-11,0
02366619,1,1,1,0.9,0.9,name_postcode,2026-08-11,0
02366620,1,1,7,0.9,0.9,name_postcode,2026-08-11,0
02366640,1,1,1,0.9,0.9,name_postcode,2026-08-11,0
02366656,1,3,6,0.9,0.8,name_postcode|name_postcode_area,2026-08-11,0
02366670,1,1,1,0.9,0.9,name_postcode,2026-08-11,0
02376439,1,1,1,0.9,0.9,name_postcode,2026-08-11,0
02379479,1,1,11,0.9,0.9,name_postcode,2026-08-11,0
02381060,1,1,1,0.9,0.9,name_postcode,2026-08-11,0
02382197,1,1,2,0.9,0.9,name_postcode,2026-08-11,0
02383808,1,2,5,0.9,0.9,name_postcode,2026-08-11,0
02384114,1,1,1,0.9,0.9,name_postcode,2026-08-11,0
02385824,1,1,2,0.9,0.9,name_postcode,2026-08-11,0
02385991,1,2,3,0.9,0.9,name_postcode,2026-08-11,0
02386638,1,1,1,0.9,0.9,name_postcode,2026-08-11,0
02388128,1,1,1,0.9,0.9,name_postcode,2026-08-11,0
02388853,1,1,0,0.9,0.9,name_postcode,2026-08-11,0
02392990,1,1,1,0.9,0.9,name_postcode,2026-08-11,0
02393175,1,5,592,0.9,0.9,name_postcode,2026-08-11,0
02393534,1,2,2,0.9,0.9,name_postcode,2026-08-11,0
02394244,1,1,1,0.9,0.9,name_postcode,2026-08-11,0
02407393,1,1,1,0.8,0.8,name_postcode_area,2026-08-11,0
02408016,1,2,3,0.9,0.9,name_postcode,2026-08-11,0
02409655,1,1,3,0.9,0.9,name_postcode,2026-08-11,0
02410626,1,1,4,0.9,0.9,name_postcode,2026-08-11,0
02412689,1,2,9,0.9,0.9,name_postcode,2026-08-11,0
02415174,1,1,1,0.9,0.9,name_postcode,2026-08-11,0
02415517,1,1,1,0.9,0.9,name_postcode,2026-08-11,0
02415578,1,2,10,0.9,0.9,name_postcode,2026-08-11,0
02415720,1,1,3,0.9,0.9,name_postcode,2026-08-11,0
02426132,1,2,52,0.9,0.9,name_postcode,2026-08-11,0
02432592,1,1,1,0.9,0.9,name_postcode,2026-08-11,0
02434384,1,2,1,0.9,0.9,name_postcode,2026-08-11,0
02435132,1,1,0,0.9,0.9,name_postcode,2026-08-11,0
02438560,1,1,2,0.9,0.9,name_postcode,2026-08-11,0
02438826,1,1,1,0.9,0.9,name_postcode,2026-08-11,0
02440991,1,2,5,0.9,0.9,name_postcode,2026-08-11,0
02442570,1,1,1,0.9,0.9,name_postcode,2026-08-11,0
02444158,1,1,1,0.9,0.9,name_postcode,2026-08-11,0
02445197,1,1,1,0.9,0.9,name_postcode,2026-08-11,0
02445665,1,1,2,0.9,0.9,name_postcode,2026-08-11,0
02448058,1,1,3,0.9,0.9,name_postcode,2026-08-11,0
02449259,1,1,28,0.9,0.9,name_postcode,2026-08-11,0
02449413,1,1,2,0.9,0.9,name_postcode,2026-08-11,0
02452044,1,1,2,0.9,0.9,name_postcode,2026-08-11,0
02452908,1,1,1,0.9,0.9,name_postcode,2026-08-11,0
02455849,1,1,1,0.9,0.9,name_postcode,2026-08-11,0
02457888,1,1,3,0.9,0.9,name_postcode,2026-08-11,0
02457981,1,1,0,0.9,0.9,name_postcode,2026-08-11,0
02459166,1,1,1,0.9,0.9,name_postcode,2026-08-11,0
02460631,1,2,1,0.9,0.9,name_postcode,2026-08-11,0
02461313,1,14,0,0.9,0.9,name_postcode,2026-08-11,0
02464025,1,2,5,0.9,0.8,name_postcode|name_postcode_area,2026-08-11,0
02465687,1,1,1,0.9,0.9,name_postcode,2026-08-11,0
02466435,1,2,24,0.9,0.9,name_postcode,2026-08-11,0
02475539,1,1,1,0.9,0.9,name_postcode,2026-08-11,0
02478877,1,1,1,0.9,0.9,name_postcode,2026-08-11,0
02484526,1,2,5,0.9,0.9,name_postcode,2026-08-11,0
02486205,1,1,1,0.9,0.9,name_postcode,2026-08-11,0
02487083,1,1,1,0.9,0.9,name_postcode,2026-08-11,0
02487565,1,1,1,0.9,0.9,name_postcode,2026-08-11,0
02487574,1,1,2,0.9,0.9,name_postcode,2026-08-11,0
02487597,1,2,6,0.9,0.9,name_postcode,2026-08-11,0
02487800,1,1,1,0.9,0.9,name_postcode,2026-08-11,0
02488940,1,1,1,0.9,0.9,name_postcode,2026-08-11,0
02492536,1,1,1,0.9,0.9,name_postcode,2026-08-11,0
02493312,1,1,2,0.9,0.9,name_postcode,2026-08-11,0
02494007,1,1,1,0.9,0.9,name_postcode,2026-08-11,0
02497862,1,1,1,0.9,0.9,name_postcode,2026-08-11,0
02501732,1,1,1,0.9,0.9,name_postcode,2026-08-11,0
02503296,1,2,1,0.9,0.9,name_postcode,2026-08-11,0
02506189,1,1,2,0.9,0.9,name_postcode,2026-08-11,0
02507015,1,1,1,0.9,0.9,name_postcode,2026-08-11,0
02507861,1,1,0,0.9,0.9,name_postcode,2026-08-11,0
02516654,1,1,1,0.9,0.9,name_postcode,2026-08-11,0
02517194,1,1,1,0.9,0.9,name_postcode,2026-08-11,0
02519556,1,6,0,0.9,0.9,name_postcode,2026-08-11,0
02523284,1,1,1,0.9,0.9,name_postcode,2026-08-11,0
02523619,1,1,1,0.9,0.9,name_postcode,2026-08-11,0
02524190,1,1,2,0.9,0.9,name_postcode,2026-08-11,0
02526127,1,2,2,0.9,0.9,name_postcode,2026-08-11,0
02526963,1,1,1,0.9,0.9,name_postcode,2026-08-11,0
02527309,1,1,1,0.9,0.9,name_postcode,2026-08-11,0
02530851,1,1,1,0.9,0.9,name_postcode,2026-08-11,0
02532900,1,1,2,0.9,0.9,name_postcode,2026-08-11,0
02535642,1,1,2,0.9,0.9,name_postcode,2026-08-11,0
02536659,1,1,1,0.9,0.9,name_postcode,2026-08-11,0
02538255,1,1,1,0.8,0.8,name_postcode_area,2026-08-11,0
02542980,1,1,1,0.9,0.9,name_postcode,2026-08-11,0
02547695,1,2,4,0.9,0.9,name_postcode,2026-08-11,0
02549609,1,1,1,0.9,0.9,name_postcode,2026-08-11,0
02550992,1,1,2,0.9,0.9,name_postcode,2026-08-11,0
02552224,1,1,2,0.9,0.9,name_postcode,2026-08-11,0
02554514,1,1,0,0.9,0.9,name_postcode,2026-08-11,0
02556321,1,3,6,0.9,0.8,name_postcode|name_postcode_area,2026-08-11,0
02556636,1,1,1,0.9,0.9,name_postcode,2026-08-11,0
02558071,1,2,4,0.9,0.9,name_postcode,2026-08-11,0
02558939,1,1,6,0.9,0.9,name_postcode,2026-08-11,0
02562099,1,4,54,0.9,0.9,name_postcode,2026-08-11,0
02562870,1,2,20,0.9,0.9,name_postcode,2026-08-11,0
02563702,1,1,1,0.9,0.9,name_postcode,2026-08-11,0
02563736,1,1,1,0.9,0.9,name_postcode,2026-08-11,0
02565953,1,1,0,0.9,0.9,name_postcode,2026-08-11,0
02566313,1,2,17,0.9,0.9,name_postcode,2026-08-11,0
02566845,1,1,1,0.9,0.9,name_postcode,2026-08-11,0
02568411,1,1,1,0.9,0.9,name_postcode,2026-08-11,0
02569742,1,1,2,0.9,0.9,name_postcode,2026-08-11,0
02570030,1,2,1,0.9,0.8,name_postcode|name_postcode_area,2026-08-11,0
02570711,1,1,5,0.9,0.9,name_postcode,2026-08-11,0
02570883,1,2,26,0.9,0.9,name_postcode,2026-08-11,0
02571313,1,1,1,0.9,0.9,name_postcode,2026-08-11,0
02571389,1,1,2,0.9,0.9,name_postcode,2026-08-11,0
02575066,1,1,0,0.9,0.9,name_postcode,2026-08-11,0
02576295,1,1,4,0.9,0.9,name_postcode,2026-08-11,0
02576490,1,1,1,0.8,0.8,name_postcode_area,2026-08-11,0
02584687,1,2,2,0.9,0.9,name_postcode,2026-08-11,0
02590014,1,1,0,0.9,0.9,name_postcode,2026-08-11,0
02590031,1,1,3,0.9,0.9,name_postcode,2026-08-11,0
02591700,1,1,0,0.9,0.9,name_postcode,2026-08-11,0
02593588,1,1,2,0.8,0.8,name_postcode_area,2026-08-11,0
02594504,1,1,1,0.9,0.9,name_postcode,2026-08-11,0
02596832,1,1,1,0.9,0.9,name_postcode,2026-08-11,0
02598126,1,1,2,0.9,0.9,name_postcode,2026-08-11,0
02600308,1,1,2,0.9,0.9,name_postcode,2026-08-11,0
02601465,1,2,10,0.9,0.9,name_postcode,2026-08-11,0
02602824,1,1,1,0.9,0.9,name_postcode,2026-08-11,0
02605319,1,1,1,0.9,0.9,name_postcode,2026-08-11,0
02605817,1,1,2,0.9,0.9,name_postcode,2026-08-11,0
02606331,1,1,1,0.9,0.9,name_postcode,2026-08-11,0
02606600,1,1,1,0.8,0.8,name_postcode_area,2026-08-11,0
02606806,1,1,1,0.9,0.9,name_postcode,2026-08-11,0
02607059,1,1,1,0.9,0.9,name_postcode,2026-08-11,0
02607586,1,1,2,0.9,0.9,name_postcode,2026-08-11,0
02609319,1,2,4,0.9,0.9,name_postcode,2026-08-11,0
02609935,1,2,1,0.9,0.9,name_postcode,2026-08-11,0
02614179,1,1,2,0.9,0.9,name_postcode,2026-08-11,0
02619230,1,1,3,0.9,0.9,name_postcode,2026-08-11,0
02620271,1,1,1,0.8,0.8,name_postcode_area,2026-08-11,0
02626181,1,1,1,0.9,0.9,name_postcode,2026-08-11,0
02626784,1,1,1,0.9,0.9,name_postcode,2026-08-11,0
02628212,1,1,6,0.9,0.9,name_postcode,2026-08-11,0
02630106,1,1,2,0.9,0.9,name_postcode,2026-08-11,0
02636427,1,1,2,0.8,0.8,name_postcode_area,2026-08-11,0
02636775,1,1,1,0.9,0.9,name_postcode,2026-08-11,0
02641767,1,1,1,0.9,0.9,name_postcode,2026-08-11,0
02641768,1,1,2,0.9,0.9,name_postcode,2026-08-11,0
02643175,1,1,2,0.9,0.9,name_postcode,2026-08-11,0
02644602,1,1,0,0.9,0.9,name_postcode,2026-08-11,0
02645016,1,1,2,0.9,0.9,name_postcode,2026-08-11,0
02646070,1,1,1,0.9,0.9,name_postcode,2026-08-11,0
02646249,1,1,1,0.9,0.9,name_postcode,2026-08-11,0
02646875,1,1,1,0.9,0.9,name_postcode,2026-08-11,0
02647054,1,2,10,0.9,0.9,name_postcode,2026-08-11,0
02647438,1,1,1,0.9,0.9,name_postcode,2026-08-11,0
02649790,1,1,1,0.8,0.8,name_postcode_area,2026-08-11,0
02649828,1,1,1,0.9,0.9,name_postcode,2026-08-11,0
02650571,1,3,24,0.9,0.9,name_postcode,2026-08-11,0
02653887,1,1,1,0.9,0.9,name_postcode,2026-08-11,0
02654803,1,1,8,0.9,0.9,name_postcode,2026-08-11,0
02657442,1,1,1,0.9,0.9,name_postcode,2026-08-11,0
02658829,1,1,2,0.9,0.9,name_postcode,2026-08-11,0
02659543,1,1,2,0.9,0.9,name_postcode,2026-08-11,0
02663988,1,1,1,0.9,0.9,name_postcode,2026-08-11,0
02664833,1,1,1,0.9,0.9,name_postcode,2026-08-11,0
02665200,1,2,11,0.9,0.8,name_postcode|name_postcode_area,2026-08-11,0
02671608,1,1,1,0.9,0.9,name_postcode,2026-08-11,0
02672436,1,1,2,0.9,0.9,name_postcode,2026-08-11,0
02672530,1,1,20,0.9,0.9,name_postcode,2026-08-11,0
02674265,1,3,21,0.9,0.8,name_postcode|name_postcode_area,2026-08-11,0
02676930,1,1,1,0.9,0.9,name_postcode,2026-08-11,0
02677990,1,1,2,0.9,0.9,name_postcode,2026-08-11,0
02680159,1,1,1,0.9,0.9,name_postcode,2026-08-11,0
02681705,1,1,2,0.9,0.9,name_postcode,2026-08-11,0
02682144,1,2,2,0.9,0.9,name_postcode,2026-08-11,0
02683741,1,1,0,0.9,0.9,name_postcode,2026-08-11,0
02690088,1,1,10,0.9,0.9,name_postcode,2026-08-11,0
02692297,1,1,3,0.9,0.9,name_postcode,2026-08-11,0
02696865,1,1,3,0.9,0.9,name_postcode,2026-08-11,0
02700424,1,1,2,0.9,0.9,name_postcode,2026-08-11,0
02701771,1,1,1,0.8,0.8,name_postcode_area,2026-08-11,0
02704051,1,1,2,0.9,0.9,name_postcode,2026-08-11,0
02704696,1,1,1,0.9,0.9,name_postcode,2026-08-11,0
02706775,1,1,2,0.9,0.9,name_postcode,2026-08-11,0
02709880,1,1,1,0.9,0.9,name_postcode,2026-08-11,0
02710265,1,1,1,0.9,0.9,name_postcode,2026-08-11,0
02710424,1,1,1,0.9,0.9,name_postcode,2026-08-11,0
02710631,1,1,1,0.8,0.8,name_postcode_area,2026-08-11,0
02710654,1,3,19,0.9,0.9,name_postcode,2026-08-11,0
02710846,1,1,12,0.9,0.9,name_postcode,2026-08-11,0
02713582,1,1,1,0.9,0.9,name_postcode,2026-08-11,0
02713601,1,1,1,0.8,0.8,name_postcode_area,2026-08-11,0
02714552,1,1,1,0.9,0.9,name_postcode,2026-08-11,0
02715398,1,1,1,0.9,0.9,name_postcode,2026-08-11,0
02715464,1,1,1,0.9,0.9,name_postcode,2026-08-11,0
02715639,1,1,1,0.9,0.9,name_postcode,2026-08-11,0
02717007,1,1,1,0.9,0.9,name_postcode,2026-08-11,0
02718543,1,1,1,0.9,0.9,name_postcode,2026-08-11,0
02720198,1,1,1,0.9,0.9,name_postcode,2026-08-11,0
02721125,1,1,1,0.9,0.9,name_postcode,2026-08-11,0
02722655,1,1,1,0.9,0.9,name_postcode,2026-08-11,0
02723534,1,1,20,0.9,0.9,name_postcode,2026-08-11,0
02730356,1,1,5,0.8,0.8,name_postcode_area,2026-08-11,0
02731401,1,1,4,0.9,0.9,name_postcode,2026-08-11,0
02732279,1,1,2,0.9,0.9,name_postcode,2026-08-11,0
02737396,1,1,1,0.9,0.9,name_postcode,2026-08-11,0
02738897,1,1,3,0.9,0.9,name_postcode,2026-08-11,0
02738964,1,1,0,0.9,0.9,name_postcode,2026-08-11,0
02742969,1,1,3,0.9,0.9,name_postcode,2026-08-11,0
02743403,1,2,5,0.9,0.9,name_postcode,2026-08-11,0
02746241,1,1,1,0.9,0.9,name_postcode,2026-08-11,0
02748497,1,2,3,0.9,0.9,name_postcode,2026-08-11,0
02751654,1,1,2,0.9,0.9,name_postcode,2026-08-11,0
02753595,1,1,4,0.9,0.9,name_postcode,2026-08-11,0
02754905,1,1,3,0.9,0.9,name_postcode,2026-08-11,0
02755304,1,1,1,0.9,0.9,name_postcode,2026-08-11,0
02758741,1,1,1,0.9,0.9,name_postcode,2026-08-11,0
02762764,1,1,3,0.9,0.9,name_postcode,2026-08-11,0
02763007,1,1,16,0.9,0.9,name_postcode,2026-08-11,0
02763500,1,1,1,0.9,0.9,name_postcode,2026-08-11,0
02763902,1,3,151,0.9,0.9,name_postcode,2026-08-11,0
02764368,1,1,1,0.9,0.9,name_postcode,2026-08-11,0
02765790,1,2,10,0.9,0.8,name_postcode|name_postcode_area,2026-08-11,0
02766825,1,1,1,0.9,0.9,name_postcode,2026-08-11,0
02767216,1,1,5,0.9,0.9,name_postcode,2026-08-11,0
02769182,1,1,1,0.9,0.9,name_postcode,2026-08-11,0
02769288,1,1,1,0.8,0.8,name_postcode_area,2026-08-11,0
02769714,1,1,1,0.9,0.9,name_postcode,2026-08-11,0
02769778,1,1,4,0.9,0.9,name_postcode,2026-08-11,0
02770940,1,1,4,0.9,0.9,name_postcode,2026-08-11,0
02771869,1,2,4,0.9,0.9,name_postcode,2026-08-11,0
02772147,1,1,2,0.9,0.9,name_postcode,2026-08-11,0
02774368,1,1,0,0.9,0.9,name_postcode,2026-08-11,0
02774899,1,1,13,0.9,0.9,name_postcode,2026-08-11,0
02775187,1,1,2,0.9,0.9,name_postcode,2026-08-11,0
02775805,1,1,1,0.8,0.8,name_postcode_area,2026-08-11,0
02776439,1,1,1,0.9,0.9,name_postcode,2026-08-11,0
02776601,1,1,3,0.9,0.9,name_postcode,2026-08-11,0
02780189,1,1,1,0.9,0.9,name_postcode,2026-08-11,0
02780638,1,1,1,0.9,0.9,name_postcode,2026-08-11,0
02783461,1,1,1,0.9,0.9,name_postcode,2026-08-11,0
02784795,1,1,1,0.9,0.9,name_postcode,2026-08-11,0
02786571,1,2,4,0.9,0.9,name_postcode,2026-08-11,0
02786596,1,1,1,0.8,0.8,name_postcode_area,2026-08-11,0
02787157,1,1,1,0.9,0.9,name_postcode,2026-08-11,0
02791518,1,1,1,0.9,0.9,name_postcode,2026-08-11,0
02793489,1,1,20,0.9,0.9,name_postcode,2026-08-11,0
02793780,1,2,15,0.9,0.9,name_postcode,2026-08-11,0
02794127,1,1,0,0.8,0.8,name_postcode_area,2026-08-11,0
02794829,1,1,1,0.9,0.9,name_postcode,2026-08-11,0
02795233,1,2,11,0.9,0.8,name_postcode|name_postcode_area,2026-08-11,0
02795460,1,1,2,0.9,0.9,name_postcode,2026-08-11,0
02798150,1,1,3,0.9,0.9,name_postcode,2026-08-11,0
02800215,1,2,2,0.9,0.9,name_postcode,2026-08-11,0
02800327,1,1,1,0.9,0.9,name_postcode,2026-08-11,0
02802948,1,1,0,0.8,0.8,name_postcode_area,2026-08-11,0
02806428,1,2,4,0.9,0.9,name_postcode,2026-08-11,0
02808801,1,1,2,0.9,0.9,name_postcode,2026-08-11,0
02811275,1,1,1,0.9,0.9,name_postcode,2026-08-11,0
02813653,1,1,1,0.9,0.9,name_postcode,2026-08-11,0
02814092,1,1,8,0.9,0.9,name_postcode,2026-08-11,0
02814647,1,1,1,0.9,0.9,name_postcode,2026-08-11,0
02815314,1,2,1,0.9,0.9,name_postcode,2026-08-11,0
02815682,1,4,129,0.9,0.9,name_postcode,2026-08-11,0
02819935,1,2,5,0.9,0.9,name_postcode,2026-08-11,0
02822615,1,2,12,0.9,0.8,name_postcode|name_postcode_area,2026-08-11,0
02822726,1,1,1,0.9,0.9,name_postcode,2026-08-11,0
02823205,1,1,9,0.9,0.9,name_postcode,2026-08-11,0
02823761,1,1,3,0.9,0.9,name_postcode,2026-08-11,0
02823838,1,1,0,0.9,0.9,name_postcode,2026-08-11,0
02826929,1,1,1,0.9,0.9,name_postcode,2026-08-11,0
02827534,1,1,3,0.9,0.9,name_postcode,2026-08-11,0
02832216,1,3,53,0.9,0.9,name_postcode,2026-08-11,0
02838845,1,1,0,0.9,0.9,name_postcode,2026-08-11,0
02841234,1,1,1,0.9,0.9,name_postcode,2026-08-11,0
02843391,1,1,1,0.9,0.9,name_postcode,2026-08-11,0
02844616,1,1,1,0.9,0.9,name_postcode,2026-08-11,0
02844851,1,1,1,0.9,0.9,name_postcode,2026-08-11,0
02845018,1,1,12,0.9,0.9,name_postcode,2026-08-11,0
02846291,1,1,3,0.9,0.9,name_postcode,2026-08-11,0
02847178,1,2,6,0.9,0.9,name_postcode,2026-08-11,0
02847431,1,1,1,0.9,0.9,name_postcode,2026-08-11,0
02849299,1,1,2,0.9,0.9,name_postcode,2026-08-11,0
02849455,1,1,1,0.9,0.9,name_postcode,2026-08-11,0
02851421,1,1,7,0.9,0.9,name_postcode,2026-08-11,0
02852924,1,1,0,0.9,0.9,name_postcode,2026-08-11,0
02855312,1,1,1,0.9,0.9,name_postcode,2026-08-11,0
02856162,1,1,1,0.9,0.9,name_postcode,2026-08-11,0
02861517,1,1,2,0.9,0.9,name_postcode,2026-08-11,0
02862835,1,1,1,0.9,0.9,name_postcode,2026-08-11,0
02865845,1,1,2,0.9,0.9,name_postcode,2026-08-11,0
02868475,1,1,1,0.9,0.9,name_postcode,2026-08-11,0
02869577,1,2,1,0.8,0.8,name_postcode_area,2026-08-11,0
02873433,1,1,1,0.9,0.9,name_postcode,2026-08-11,0
02877316,1,1,1,0.9,0.9,name_postcode,2026-08-11,0
02877400,1,2,2,0.9,0.8,name_postcode|name_postcode_area,2026-08-11,0
02878495,1,1,0,0.8,0.8,name_postcode_area,2026-08-11,0
02880176,1,3,7,0.9,0.9,name_postcode,2026-08-11,0
02880501,1,1,1,0.9,0.9,name_postcode,2026-08-11,0
02881225,1,1,0,0.9,0.9,name_postcode,2026-08-11,0
02883652,1,1,2,0.9,0.9,name_postcode,2026-08-11,0
02885148,1,2,8,0.9,0.9,name_postcode,2026-08-11,0
02885429,1,1,0,0.9,0.9,name_postcode,2026-08-11,0
02887403,1,1,2,0.9,0.9,name_postcode,2026-08-11,0
02887821,1,1,2,0.8,0.8,name_postcode_area,2026-08-11,0
02889486,1,1,1,0.9,0.9,name_postcode,2026-08-11,0
02889789,1,2,25,0.9,0.9,name_postcode,2026-08-11,0
02892031,1,1,1,0.9,0.9,name_postcode,2026-08-11,0
02892803,1,1,1,0.9,0.9,name_postcode,2026-08-11,0
02896421,1,1,1,0.9,0.9,name_postcode,2026-08-11,0
02902036,1,1,1,0.9,0.9,name_postcode,2026-08-11,0
02902387,1,1,3,0.9,0.9,name_postcode,2026-08-11,0
02902591,1,1,2,0.9,0.9,name_postcode,2026-08-11,0
02906991,1,1,5,0.9,0.9,name_postcode,2026-08-11,0
02907282,1,1,1,0.9,0.9,name_postcode,2026-08-11,0
02908933,1,1,1,0.8,0.8,name_postcode_area,2026-08-11,0
02909321,1,1,1,0.9,0.9,name_postcode,2026-08-11,0
02910171,1,1,1,0.8,0.8,name_postcode_area,2026-08-11,0
02910523,1,1,1,0.9,0.9,name_postcode,2026-08-11,0
02910694,1,1,2,0.9,0.9,name_postcode,2026-08-11,0
02912767,1,1,1,0.8,0.8,name_postcode_area,2026-08-11,0
02912982,1,1,0,0.9,0.9,name_postcode,2026-08-11,0
02914133,1,1,1,0.9,0.9,name_postcode,2026-08-11,0
02914636,1,1,1,0.9,0.9,name_postcode,2026-08-11,0
02918365,1,1,2,0.9,0.9,name_postcode,2026-08-11,0
02919549,1,1,2,0.9,0.9,name_postcode,2026-08-11,0
02921698,1,1,1,0.9,0.9,name_postcode,2026-08-11,0
02922638,1,1,1,0.9,0.9,name_postcode,2026-08-11,0
02923252,1,1,1,0.9,0.9,name_postcode,2026-08-11,0
02923485,1,1,3,0.9,0.9,name_postcode,2026-08-11,0
02923528,1,1,15,0.9,0.9,name_postcode,2026-08-11,0
02925653,1,1,0,0.9,0.9,name_postcode,2026-08-11,0
02925718,1,1,6,0.9,0.9,name_postcode,2026-08-11,0
02925900,1,1,2,0.9,0.9,name_postcode,2026-08-11,0
02928395,1,1,2,0.9,0.9,name_postcode,2026-08-11,0
02929032,1,1,0,0.9,0.9,name_postcode,2026-08-11,0
02933905,1,1,3,0.9,0.9,name_postcode,2026-08-11,0
02937296,1,1,5,0.9,0.9,name_postcode,2026-08-11,0
02937724,1,1,0,0.9,0.9,name_postcode,2026-08-11,0
02940032,1,1,1,0.9,0.9,name_postcode,2026-08-11,0
02941208,1,1,0,0.9,0.9,name_postcode,2026-08-11,0
02945270,1,1,1,0.9,0.9,name_postcode,2026-08-11,0
02946727,1,1,0,0.9,0.9,name_postcode,2026-08-11,0
02946825,1,1,1,0.9,0.9,name_postcode,2026-08-11,0
02946905,1,1,6,0.9,0.9,name_postcode,2026-08-11,0
02947247,1,2,3,0.9,0.9,name_postcode,2026-08-11,0
02948891,1,1,1,0.9,0.9,name_postcode,2026-08-11,0
02949672,1,2,4,0.9,0.9,name_postcode,2026-08-11,0
02950201,1,1,1,0.9,0.9,name_postcode,2026-08-11,0
02951585,1,1,0,0.9,0.9,name_postcode,2026-08-11,0
02952082,1,2,1,0.9,0.9,name_postcode,2026-08-11,0
02954592,1,2,17,0.9,0.9,name_postcode,2026-08-11,0
02955021,1,1,5,0.9,0.9,name_postcode,2026-08-11,0
02956175,1,1,1,0.9,0.9,name_postcode,2026-08-11,0
02956199,1,2,2,0.9,0.9,name_postcode,2026-08-11,0
02956450,1,1,16,0.9,0.9,name_postcode,2026-08-11,0
02959991,1,1,1,0.9,0.9,name_postcode,2026-08-11,0
02960685,1,1,1,0.9,0.9,name_postcode,2026-08-11,0
02963759,1,1,1,0.9,0.9,name_postcode,2026-08-11,0
02963819,1,2,4,0.9,0.9,name_postcode,2026-08-11,0
02964089,1,1,0,0.9,0.9,name_postcode,2026-08-11,0
02965434,1,1,1,0.9,0.9,name_postcode,2026-08-11,0
02968188,1,1,1,0.9,0.9,name_postcode,2026-08-11,0
02968818,1,1,2,0.9,0.9,name_postcode,2026-08-11,0
02971285,1,1,1,0.9,0.9,name_postcode,2026-08-11,0
02973165,1,2,3,0.8,0.8,name_postcode_area,2026-08-11,0
02973246,1,1,3,0.9,0.9,name_postcode,2026-08-11,0
02974356,1,1,0,0.8,0.8,name_postcode_area,2026-08-11,0
02981251,1,1,1,0.9,0.9,name_postcode,2026-08-11,0
02983376,1,1,1,0.8,0.8,name_postcode_area,2026-08-11,0
02985746,1,3,21,0.9,0.9,name_postcode,2026-08-11,0
02986447,1,1,9,0.9,0.9,name_postcode,2026-08-11,0
02987743,1,1,3,0.9,0.9,name_postcode,2026-08-11,0
02990094,1,1,1,0.9,0.9,name_postcode,2026-08-11,0
02990705,1,1,2,0.9,0.9,name_postcode,2026-08-11,0
02991879,1,1,54,0.9,0.9,name_postcode,2026-08-11,0
02992144,1,7,246,0.9,0.9,name_postcode,2026-08-11,0
02996700,1,1,1,0.9,0.9,name_postcode,2026-08-11,0
02997333,1,1,1,0.8,0.8,name_postcode_area,2026-08-11,0
02998639,1,1,2,0.9,0.9,name_postcode,2026-08-11,0
02999350,1,1,7,0.9,0.9,name_postcode,2026-08-11,0
03005200,1,1,2,0.9,0.9,name_postcode,2026-08-11,0
03006418,1,1,1,0.9,0.9,name_postcode,2026-08-11,0
03009044,1,1,2,0.9,0.9,name_postcode,2026-08-11,0
03009972,1,1,399,0.9,0.9,name_postcode,2026-08-11,0
03011737,1,4,67,0.9,0.9,name_postcode,2026-08-11,0
03014347,1,1,1,0.9,0.9,name_postcode,2026-08-11,0
03015948,1,1,0,0.9,0.9,name_postcode,2026-08-11,0
03016796,1,1,2,0.9,0.9,name_postcode,2026-08-11,0
03016831,1,1,0,0.9,0.9,name_postcode,2026-08-11,0
03017283,1,1,0,0.9,0.9,name_postcode,2026-08-11,0
03017339,1,1,3,0.9,0.9,name_postcode,2026-08-11,0
03019560,1,1,1,0.9,0.9,name_postcode,2026-08-11,0
03020608,1,1,1,0.8,0.8,name_postcode_area,2026-08-11,0
03020738,1,1,1,0.9,0.9,name_postcode,2026-08-11,0
03022426,1,1,2,0.9,0.9,name_postcode,2026-08-11,0
03022633,1,1,1,0.9,0.9,name_postcode,2026-08-11,0
03025947,1,1,1,0.9,0.9,name_postcode,2026-08-11,0
03028778,1,1,1,0.9,0.9,name_postcode,2026-08-11,0
03028927,1,1,5,0.9,0.9,name_postcode,2026-08-11,0
03037936,1,1,9,0.9,0.9,name_postcode,2026-08-11,0
03038421,1,1,2,0.9,0.9,name_postcode,2026-08-11,0
03039768,1,1,1,0.9,0.9,name_postcode,2026-08-11,0
03044274,1,1,2,0.9,0.9,name_postcode,2026-08-11,0
03046907,1,2,6,0.9,0.9,name_postcode,2026-08-11,0
03048898,1,1,1,0.9,0.9,name_postcode,2026-08-11,0
03049099,1,2,4,0.8,0.8,name_postcode_area,2026-08-11,0
03053545,1,1,3,0.9,0.9,name_postcode,2026-08-11,0
03056738,1,1,1,0.8,0.8,name_postcode_area,2026-08-11,0
03057920,1,1,2,0.9,0.9,name_postcode,2026-08-11,0
03061083,1,1,1,0.9,0.9,name_postcode,2026-08-11,0
03062983,1,1,1,0.9,0.9,name_postcode,2026-08-11,0
03067529,1,1,2,0.9,0.9,name_postcode,2026-08-11,0
03069887,1,1,8,0.9,0.9,name_postcode,2026-08-11,0
03071324,1,1,2,0.9,0.9,name_postcode,2026-08-11,0
03074423,1,1,1,0.9,0.9,name_postcode,2026-08-11,0
03074536,1,1,2,0.9,0.9,name_postcode,2026-08-11,0
03076190,1,1,1,0.9,0.9,name_postcode,2026-08-11,0
03076287,1,1,2,0.9,0.9,name_postcode,2026-08-11,0
03079239,1,1,1,0.9,0.9,name_postcode,2026-08-11,0
03079282,1,2,86,0.9,0.9,name_postcode,2026-08-11,0
03080825,1,1,1,0.9,0.9,name_postcode,2026-08-11,0
03081171,1,2,1,0.9,0.9,name_postcode,2026-08-11,0
03081478,1,1,1,0.9,0.9,name_postcode,2026-08-11,0
03081991,1,2,4,0.9,0.8,name_postcode|name_postcode_area,2026-08-11,0
03085850,1,1,2,0.9,0.9,name_postcode,2026-08-11,0
03086621,1,1,7,0.9,0.9,name_postcode,2026-08-11,0
03087255,1,1,5,0.9,0.9,name_postcode,2026-08-11,0
03087930,1,1,2,0.9,0.9,name_postcode,2026-08-11,0
03088819,1,1,4,0.9,0.9,name_postcode,2026-08-11,0
03090966,1,1,2,0.8,0.8,name_postcode_area,2026-08-11,0
03096272,1,1,2,0.9,0.9,name_postcode,2026-08-11,0
03099946,1,1,1,0.9,0.9,name_postcode,2026-08-11,0
03101020,1,1,1,0.9,0.9,name_postcode,2026-08-11,0
03103092,1,1,1,0.9,0.9,name_postcode,2026-08-11,0
03104989,1,1,1,0.8,0.8,name_postcode_area,2026-08-11,0
03105256,1,1,6,0.9,0.9,name_postcode,2026-08-11,0
03110122,1,1,2,0.8,0.8,name_postcode_area,2026-08-11,0
03114121,1,1,1,0.9,0.9,name_postcode,2026-08-11,0
03114332,1,1,9,0.9,0.9,name_postcode,2026-08-11,0
03114535,1,1,2,0.9,0.9,name_postcode,2026-08-11,0
03116767,1,1,2,0.9,0.9,name_postcode,2026-08-11,0
03118924,1,2,1,0.8,0.8,name_postcode_area,2026-08-11,0
03120376,1,1,1,0.9,0.9,name_postcode,2026-08-11,0
03120940,1,1,2,0.9,0.9,name_postcode,2026-08-11,0
03121038,1,1,1,0.9,0.9,name_postcode,2026-08-11,0
03121448,1,1,0,0.9,0.9,name_postcode,2026-08-11,0
03122495,1,1,3,0.8,0.8,name_postcode_area,2026-08-11,0
03125249,1,2,3,0.9,0.8,name_postcode|name_postcode_area,2026-08-11,0
03125408,1,1,1,0.9,0.9,name_postcode,2026-08-11,0
03128071,1,2,4,0.9,0.9,name_postcode,2026-08-11,0
03132110,1,1,3,0.9,0.9,name_postcode,2026-08-11,0
03132438,1,1,6,0.9,0.9,name_postcode,2026-08-11,0
03133467,1,1,1,0.9,0.9,name_postcode,2026-08-11,0
03137111,1,1,1,0.9,0.9,name_postcode,2026-08-11,0
03137282,1,2,23,0.8,0.8,name_postcode_area,2026-08-11,0
03137558,1,1,1,0.9,0.9,name_postcode,2026-08-11,0
03139400,1,1,1,0.8,0.8,name_postcode_area,2026-08-11,0
03140068,1,1,0,0.9,0.9,name_postcode,2026-08-11,0
03140172,1,1,2,0.8,0.8,name_postcode_area,2026-08-11,0
03140691,1,1,1,0.9,0.9,name_postcode,2026-08-11,0
03141009,1,2,4,0.9,0.9,name_postcode,2026-08-11,0
03143263,1,1,1,0.9,0.9,name_postcode,2026-08-11,0
03143330,1,1,1,0.9,0.9,name_postcode,2026-08-11,0
03143440,1,1,1,0.9,0.9,name_postcode,2026-08-11,0
03143936,1,2,12,0.9,0.9,name_postcode,2026-08-11,0
03144459,1,1,0,0.9,0.9,name_postcode,2026-08-11,0
03144919,1,1,8,0.9,0.9,name_postcode,2026-08-11,0
03146114,1,1,0,0.9,0.9,name_postcode,2026-08-11,0
03150096,1,1,2,0.9,0.9,name_postcode,2026-08-11,0
03150434,1,1,1,0.9,0.9,name_postcode,2026-08-11,0
03151141,1,1,1,0.9,0.9,name_postcode,2026-08-11,0
03153028,1,1,1,0.9,0.9,name_postcode,2026-08-11,0
03153273,1,1,1,0.9,0.9,name_postcode,2026-08-11,0
03155885,1,2,1,0.8,0.8,name_postcode_area,2026-08-11,0
03156874,1,1,2,0.9,0.9,name_postcode,2026-08-11,0
03158371,1,1,7,0.9,0.9,name_postcode,2026-08-11,0
03160007,1,1,1,0.9,0.9,name_postcode,2026-08-11,0
03162200,1,1,10,0.9,0.9,name_postcode,2026-08-11,0
03162904,1,1,1,0.9,0.9,name_postcode,2026-08-11,0
03163230,1,1,2,0.9,0.9,name_postcode,2026-08-11,0
03165884,1,1,5,0.9,0.9,name_postcode,2026-08-11,0
03166948,1,1,6,0.9,0.9,name_postcode,2026-08-11,0
03167280,1,1,2,0.9,0.9,name_postcode,2026-08-11,0
03167564,1,1,5,0.9,0.9,name_postcode,2026-08-11,0
03167902,1,2,4,0.9,0.9,name_postcode,2026-08-11,0
03167927,1,1,2,0.9,0.9,name_postcode,2026-08-11,0
03168483,1,1,2,0.8,0.8,name_postcode_area,2026-08-11,0
03169381,1,1,2,0.9,0.9,name_postcode,2026-08-11,0
03170260,1,1,1,0.9,0.9,name_postcode,2026-08-11,0
03178796,1,1,1,0.9,0.9,name_postcode,2026-08-11,0
03179673,1,1,1,0.9,0.9,name_postcode,2026-08-11,0
03179843,1,1,2,0.9,0.9,name_postcode,2026-08-11,0
03181391,1,1,1,0.9,0.9,name_postcode,2026-08-11,0
03184967,1,1,10,0.9,0.9,name_postcode,2026-08-11,0
03189123,1,1,5,0.9,0.9,name_postcode,2026-08-11,0
03193298,1,3,8,0.9,0.9,name_postcode,2026-08-11,0
03197379,1,1,4,0.9,0.9,name_postcode,2026-08-11,0
03202316,1,1,1,0.9,0.9,name_postcode,2026-08-11,0
03202913,1,1,1,0.8,0.8,name_postcode_area,2026-08-11,0
03203042,1,1,0,0.8,0.8,name_postcode_area,2026-08-11,0
03203247,1,1,1,0.9,0.9,name_postcode,2026-08-11,0
03203859,1,1,2,0.9,0.9,name_postcode,2026-08-11,0
03207883,1,1,8,0.9,0.9,name_postcode,2026-08-11,0
03208792,1,1,0,0.9,0.9,name_postcode,2026-08-11,0
03209576,1,1,1,0.9,0.9,name_postcode,2026-08-11,0
03210135,1,1,1,0.9,0.9,name_postcode,2026-08-11,0
03210248,1,1,13,0.8,0.8,name_postcode_area,2026-08-11,0
03213816,1,2,2,0.9,0.9,name_postcode,2026-08-11,0
03217573,1,1,1,0.9,0.9,name_postcode,2026-08-11,0
03220755,1,1,17,0.9,0.9,name_postcode,2026-08-11,0
03221823,1,1,1,0.9,0.9,name_postcode,2026-08-11,0
03223959,1,1,1,0.9,0.9,name_postcode,2026-08-11,0
03224819,1,1,2,0.9,0.9,name_postcode,2026-08-11,0
03225820,1,2,0,0.9,0.9,name_postcode,2026-08-11,0
03226319,1,1,1,0.9,0.9,name_postcode,2026-08-11,0
03226333,1,1,3,0.9,0.9,name_postcode,2026-08-11,0
03226474,1,1,1,0.9,0.9,name_postcode,2026-08-11,0
03229078,1,1,1,0.9,0.9,name_postcode,2026-08-11,0
03229262,1,3,5,0.9,0.8,name_postcode|name_postcode_area,2026-08-11,0
03230332,1,2,9,0.9,0.8,name_postcode|name_postcode_area,2026-08-11,0
03231267,1,1,2,0.9,0.9,name_postcode,2026-08-11,0
03231566,1,1,1,0.9,0.9,name_postcode,2026-08-11,0
03234376,1,1,2,0.9,0.9,name_postcode,2026-08-11,0
03234861,1,1,1,0.9,0.9,name_postcode,2026-08-11,0
03234881,1,1,2,0.8,0.8,name_postcode_area,2026-08-11,0
03236021,1,1,1,0.9,0.9,name_postcode,2026-08-11,0
03236687,1,1,2,0.9,0.9,name_postcode,2026-08-11,0
03237543,1,1,0,0.9,0.9,name_postcode,2026-08-11,0
03242254,1,1,1,0.9,0.9,name_postcode,2026-08-11,0
03242704,1,1,1,0.9,0.9,name_postcode,2026-08-11,0
03245094,1,1,1,0.9,0.9,name_postcode,2026-08-11,0
03246693,1,1,4,0.9,0.9,name_postcode,2026-08-11,0
03246999,1,1,2,0.9,0.9,name_postcode,2026-08-11,0
03250486,1,1,1,0.9,0.9,name_postcode,2026-08-11,0
03255664,1,1,0,0.9,0.9,name_postcode,2026-08-11,0
03255719,1,1,1,0.9,0.9,name_postcode,2026-08-11,0
03261510,1,1,2,0.9,0.9,name_postcode,2026-08-11,0
03264661,1,2,16,0.9,0.9,name_postcode,2026-08-11,0
03266015,1,1,2,0.9,0.9,name_postcode,2026-08-11,0
03266992,1,1,3,0.9,0.9,name_postcode,2026-08-11,0
03267313,1,1,1,0.8,0.8,name_postcode_area,2026-08-11,0
03270536,1,1,1,0.8,0.8,name_postcode_area,2026-08-11,0
03271981,1,1,1,0.9,0.9,name_postcode,2026-08-11,0
03272115,1,1,1,0.9,0.9,name_postcode,2026-08-11,0
03273596,1,1,0,0.9,0.9,name_postcode,2026-08-11,0
03274591,1,1,1,0.9,0.9,name_postcode,2026-08-11,0
03275801,1,1,1,0.9,0.9,name_postcode,2026-08-11,0
03277032,1,2,4,0.9,0.9,name_postcode,2026-08-11,0
03277793,1,2,8,0.9,0.9,name_postcode,2026-08-11,0
03281294,1,1,12,0.9,0.9,name_postcode,2026-08-11,0
03282856,1,1,4,0.9,0.9,name_postcode,2026-08-11,0
03284171,1,1,1,0.9,0.9,name_postcode,2026-08-11,0
03284478,1,1,1,0.9,0.9,name_postcode,2026-08-11,0
03284935,1,1,15,0.8,0.8,name_postcode_area,2026-08-11,0
03288109,1,1,1,0.9,0.9,name_postcode,2026-08-11,0
03290431,1,1,1,0.9,0.9,name_postcode,2026-08-11,0
03290610,1,1,2,0.9,0.9,name_postcode,2026-08-11,0
03290789,1,1,1,0.9,0.9,name_postcode,2026-08-11,0
03291461,1,1,0,0.9,0.9,name_postcode,2026-08-11,0
03291592,1,1,2,0.9,0.9,name_postcode,2026-08-11,0
03292360,1,2,2,0.9,0.9,name_postcode,2026-08-11,0
03294136,1,1,4,0.9,0.9,name_postcode,2026-08-11,0
03295909,1,1,1,0.9,0.9,name_postcode,2026-08-11,0
03296028,1,1,0,0.9,0.9,name_postcode,2026-08-11,0
03297031,1,1,1,0.9,0.9,name_postcode,2026-08-11,0
03298042,1,2,5,0.9,0.9,name_postcode,2026-08-11,0
03303852,1,1,7,0.9,0.9,name_postcode,2026-08-11,0
03304377,1,1,1,0.9,0.9,name_postcode,2026-08-11,0
03304950,1,2,2,0.8,0.8,name_postcode_area,2026-08-11,0
03305326,1,1,1,0.9,0.9,name_postcode,2026-08-11,0
03308069,1,1,1,0.9,0.9,name_postcode,2026-08-11,0
03308074,1,1,1,0.9,0.9,name_postcode,2026-08-11,0
03309044,1,1,1,0.9,0.9,name_postcode,2026-08-11,0
03310394,1,1,1,0.9,0.9,name_postcode,2026-08-11,0
03311052,1,1,1,0.8,0.8,name_postcode_area,2026-08-11,0
03311781,1,1,3,0.8,0.8,name_postcode_area,2026-08-11,0
03313958,1,1,2,0.9,0.9,name_postcode,2026-08-11,0
03315718,1,1,1,0.8,0.8,name_postcode_area,2026-08-11,0
03316790,1,1,0,0.9,0.9,name_postcode,2026-08-11,0
03319324,1,2,101,0.9,0.9,name_postcode,2026-08-11,0
03319712,1,2,5,0.9,0.9,name_postcode,2026-08-11,0
03321948,1,1,0,0.8,0.8,name_postcode_area,2026-08-11,0
03322560,1,2,9,0.9,0.9,name_postcode,2026-08-11,0
03324009,1,1,1,0.9,0.9,name_postcode,2026-08-11,0
03324556,1,1,1,0.9,0.9,name_postcode,2026-08-11,0
03325250,1,1,1,0.9,0.9,name_postcode,2026-08-11,0
03325643,1,1,3,0.9,0.9,name_postcode,2026-08-11,0
03325701,1,1,6,0.9,0.9,name_postcode,2026-08-11,0
03326051,1,1,1,0.9,0.9,name_postcode,2026-08-11,0
03328095,1,1,6,0.9,0.9,name_postcode,2026-08-11,0
03328668,1,1,1,0.9,0.9,name_postcode,2026-08-11,0
03328943,1,1,1,0.8,0.8,name_postcode_area,2026-08-11,0
03329252,1,1,2,0.9,0.9,name_postcode,2026-08-11,0
03330062,1,1,1,0.9,0.9,name_postcode,2026-08-11,0
03330283,1,1,2,0.8,0.8,name_postcode_area,2026-08-11,0
03331929,1,1,5,0.9,0.9,name_postcode,2026-08-11,0
03332258,1,1,4,0.8,0.8,name_postcode_area,2026-08-11,0
03333323,1,1,1,0.8,0.8,name_postcode_area,2026-08-11,0
03333366,1,2,20,0.9,0.8,name_postcode|name_postcode_area,2026-08-11,0
03334117,1,1,1,0.9,0.9,name_postcode,2026-08-11,0
03341743,1,1,6,0.9,0.9,name_postcode,2026-08-11,0
03344825,1,1,3,0.9,0.9,name_postcode,2026-08-11,0
03345114,1,1,1,0.9,0.9,name_postcode,2026-08-11,0
03345469,1,1,1,0.9,0.9,name_postcode,2026-08-11,0
03346114,1,1,3,0.9,0.9,name_postcode,2026-08-11,0
03346853,1,2,9,0.9,0.8,name_postcode|name_postcode_area,2026-08-11,0
03347404,1,2,6,0.9,0.9,name_postcode,2026-08-11,0
03347611,1,1,1,0.9,0.9,name_postcode,2026-08-11,0
03352175,1,1,0,0.9,0.9,name_postcode,2026-08-11,0
03356289,1,1,1,0.9,0.9,name_postcode,2026-08-11,0
03356520,1,1,1,0.9,0.9,name_postcode,2026-08-11,0
03358553,1,1,1,0.9,0.9,name_postcode,2026-08-11,0
03358704,1,1,3,0.9,0.9,name_postcode,2026-08-11,0
03359002,1,1,4,0.9,0.9,name_postcode,2026-08-11,0
03361843,1,1,1,0.9,0.9,name_postcode,2026-08-11,0
03366643,1,1,3,0.8,0.8,name_postcode_area,2026-08-11,0
03369488,1,3,184,0.9,0.9,name_postcode,2026-08-11,0
03369681,1,1,1,0.9,0.9,name_postcode,2026-08-11,0
03370750,1,1,2,0.9,0.9,name_postcode,2026-08-11,0
03373123,1,1,1,0.9,0.9,name_postcode,2026-08-11,0
03378617,1,1,1,0.9,0.9,name_postcode,2026-08-11,0
03379754,1,1,1,0.8,0.8,name_postcode_area,2026-08-11,0
03380727,1,1,2,0.9,0.9,name_postcode,2026-08-11,0
03382084,1,1,2,0.9,0.9,name_postcode,2026-08-11,0
03383537,1,1,1,0.9,0.9,name_postcode,2026-08-11,0
03386022,1,1,2,0.9,0.9,name_postcode,2026-08-11,0
03386965,1,1,1,0.8,0.8,name_postcode_area,2026-08-11,0
03387047,1,1,1,0.9,0.9,name_postcode,2026-08-11,0
03387654,1,1,1,0.9,0.9,name_postcode,2026-08-11,0
03390810,1,2,5,0.9,0.8,name_postcode|name_postcode_area,2026-08-11,0
03391524,1,1,1,0.9,0.9,name_postcode,2026-08-11,0
03392707,1,1,1,0.9,0.9,name_postcode,2026-08-11,0
03395353,1,1,5,0.9,0.9,name_postcode,2026-08-11,0
03396849,1,1,2,0.8,0.8,name_postcode_area,2026-08-11,0
03398105,1,2,10,0.9,0.8,name_postcode|name_postcode_area,2026-08-11,0
03398534,1,1,1,0.8,0.8,name_postcode_area,2026-08-11,0
03400937,1,1,3,0.9,0.9,name_postcode,2026-08-11,0
03402844,1,2,18,0.9,0.9,name_postcode,2026-08-11,0
03406287,1,1,1,0.9,0.9,name_postcode,2026-08-11,0
03406375,1,1,1,0.9,0.9,name_postcode,2026-08-11,0
03412024,1,1,1,0.9,0.9,name_postcode,2026-08-11,0
03413179,1,1,1,0.9,0.9,name_postcode,2026-08-11,0
03415837,1,1,1,0.9,0.9,name_postcode,2026-08-11,0
03416760,1,1,0,0.9,0.9,name_postcode,2026-08-11,0
03418673,1,1,1,0.9,0.9,name_postcode,2026-08-11,0
03421028,1,1,0,0.8,0.8,name_postcode_area,2026-08-11,0
03425054,1,1,1,0.9,0.9,name_postcode,2026-08-11,0
03426095,1,2,5,0.9,0.9,name_postcode,2026-08-11,0
03426284,1,1,1,0.9,0.9,name_postcode,2026-08-11,0
03427270,1,1,1,0.8,0.8,name_postcode_area,2026-08-11,0
03433217,1,2,2,0.9,0.9,name_postcode,2026-08-11,0
03435974,1,2,2,0.9,0.9,name_postcode,2026-08-11,0
03436243,1,1,1,0.9,0.9,name_postcode,2026-08-11,0
03438219,1,1,1,0.9,0.9,name_postcode,2026-08-11,0
03443946,1,1,2,0.9,0.9,name_postcode,2026-08-11,0
03444214,1,1,17,0.8,0.8,name_postcode_area,2026-08-11,0
03445616,1,1,3,0.9,0.9,name_postcode,2026-08-11,0
03447462,1,1,1,0.9,0.9,name_postcode,2026-08-11,0
03450138,1,1,1,0.9,0.9,name_postcode,2026-08-11,0
03452628,1,1,1,0.8,0.8,name_postcode_area,2026-08-11,0
03456683,1,1,1,0.9,0.9,name_postcode,2026-08-11,0
03457565,1,1,4,0.9,0.9,name_postcode,2026-08-11,0
03458224,1,1,0,0.9,0.9,name_postcode,2026-08-11,0
03459373,1,1,1,0.9,0.9,name_postcode,2026-08-11,0
03459600,1,1,1,0.9,0.9,name_postcode,2026-08-11,0
03460613,1,2,1,0.9,0.9,name_postcode,2026-08-11,0
03462263,1,2,1,0.9,0.9,name_postcode,2026-08-11,0
03464353,1,1,1,0.9,0.9,name_postcode,2026-08-11,0
03466242,1,1,1,0.9,0.9,name_postcode,2026-08-11,0
03467939,1,1,3,0.9,0.9,name_postcode,2026-08-11,0
03468512,1,1,0,0.9,0.9,name_postcode,2026-08-11,0
03468788,1,5,162,0.9,0.9,name_postcode,2026-08-11,0
03470398,1,1,0,0.9,0.9,name_postcode,2026-08-11,0
03470898,1,1,1,0.9,0.9,name_postcode,2026-08-11,0
03472480,1,1,2,0.9,0.9,name_postcode,2026-08-11,0
03473056,1,1,1,0.8,0.8,name_postcode_area,2026-08-11,0
03474923,1,2,1,0.9,0.9,name_postcode,2026-08-11,0
03475558,1,2,4,0.9,0.9,name_postcode,2026-08-11,0
03475769,1,1,1,0.9,0.9,name_postcode,2026-08-11,0
03476255,1,1,2,0.9,0.9,name_postcode,2026-08-11,0
03476521,1,1,1,0.9,0.9,name_postcode,2026-08-11,0
03476850,1,1,5,0.9,0.9,name_postcode,2026-08-11,0
03477402,1,1,1,0.8,0.8,name_postcode_area,2026-08-11,0
03477444,1,1,2,0.9,0.9,name_postcode,2026-08-11,0
03477890,1,2,22,0.9,0.9,name_postcode,2026-08-11,0
03479133,1,1,2,0.9,0.9,name_postcode,2026-08-11,0
03480995,1,2,4,0.9,0.9,name_postcode,2026-08-11,0
03482081,1,1,4,0.9,0.9,name_postcode,2026-08-11,0
03484910,1,1,1,0.9,0.9,name_postcode,2026-08-11,0
03485430,1,1,2,0.8,0.8,name_postcode_area,2026-08-11,0
03485785,1,1,4,0.9,0.9,name_postcode,2026-08-11,0
03486926,1,1,1,0.9,0.9,name_postcode,2026-08-11,0
03486934,1,1,2,0.9,0.9,name_postcode,2026-08-11,0
03487778,1,2,5,0.9,0.9,name_postcode,2026-08-11,0
03488643,1,1,1,0.9,0.9,name_postcode,2026-08-11,0
03489117,1,1,2,0.9,0.9,name_postcode,2026-08-11,0
03492030,1,1,5,0.9,0.9,name_postcode,2026-08-11,0
03492334,1,1,1,0.9,0.9,name_postcode,2026-08-11,0
03493954,1,1,14,0.8,0.8,name_postcode_area,2026-08-11,0
03494913,1,1,1,0.9,0.9,name_postcode,2026-08-11,0
03495210,1,1,1,0.9,0.9,name_postcode,2026-08-11,0
03496036,1,1,1,0.8,0.8,name_postcode_area,2026-08-11,0
03496115,1,1,13,0.9,0.9,name_postcode,2026-08-11,0
03496361,1,1,1,0.9,0.9,name_postcode,2026-08-11,0
03498691,1,1,1,0.9,0.9,name_postcode,2026-08-11,0
03498849,1,2,16,0.9,0.9,name_postcode,2026-08-11,0
03501481,1,1,1,0.9,0.9,name_postcode,2026-08-11,0
03502794,1,1,2,0.9,0.9,name_postcode,2026-08-11,0
03503148,1,1,0,0.9,0.9,name_postcode,2026-08-11,0
03504192,1,2,8,0.9,0.9,name_postcode,2026-08-11,0
03504416,1,1,1,0.9,0.9,name_postcode,2026-08-11,0
03505279,1,1,1,0.9,0.9,name_postcode,2026-08-11,0
03514874,1,1,1,0.9,0.9,name_postcode,2026-08-11,0
03514991,1,1,5,0.9,0.9,name_postcode,2026-08-11,0
03517199,1,4,30,0.9,0.9,name_postcode,2026-08-11,0
03519696,1,1,1,0.9,0.9,name_postcode,2026-08-11,0
03521776,1,1,1,0.8,0.8,name_postcode_area,2026-08-11,0
03521946,1,1,1,0.9,0.9,name_postcode,2026-08-11,0
03524039,1,2,1,0.9,0.9,name_postcode,2026-08-11,0
03525534,1,2,2,0.9,0.9,name_postcode,2026-08-11,0
03526142,1,2,4,0.9,0.9,name_postcode,2026-08-11,0
03526590,1,1,1,0.9,0.9,name_postcode,2026-08-11,0
03527231,1,1,1,0.9,0.9,name_postcode,2026-08-11,0
03529599,1,1,1,0.9,0.9,name_postcode,2026-08-11,0
03530984,1,1,1,0.9,0.9,name_postcode,2026-08-11,0
03534778,1,1,1,0.9,0.9,name_postcode,2026-08-11,0
03536953,1,1,6,0.9,0.9,name_postcode,2026-08-11,0
03537860,1,1,2,0.9,0.9,name_postcode,2026-08-11,0
03539836,1,1,6,0.9,0.9,name_postcode,2026-08-11,0
03546146,1,1,1,0.9,0.9,name_postcode,2026-08-11,0
03546214,1,2,5,0.9,0.9,name_postcode,2026-08-11,0
03546846,1,1,1,0.9,0.9,name_postcode,2026-08-11,0
03547108,1,1,1,0.9,0.9,name_postcode,2026-08-11,0
03547449,1,1,1,0.9,0.9,name_postcode,2026-08-11,0
03548352,1,1,6,0.9,0.9,name_postcode,2026-08-11,0
03548809,1,1,21,0.9,0.9,name_postcode,2026-08-11,0
03552453,1,1,0,0.8,0.8,name_postcode_area,2026-08-11,0
03553836,1,1,2,0.9,0.9,name_postcode,2026-08-11,0
03555496,1,1,1,0.9,0.9,name_postcode,2026-08-11,0
03563283,1,1,1,0.9,0.9,name_postcode,2026-08-11,0
03565155,1,2,12,0.9,0.9,name_postcode,2026-08-11,0
03566560,1,1,1,0.9,0.9,name_postcode,2026-08-11,0
03566646,1,1,7,0.9,0.9,name_postcode,2026-08-11,0
03571564,1,1,1,0.9,0.9,name_postcode,2026-08-11,0
03571781,1,2,7,0.9,0.9,name_postcode,2026-08-11,0
03572942,1,1,1,0.9,0.9,name_postcode,2026-08-11,0
03575937,1,1,10,0.9,0.9,name_postcode,2026-08-11,0
03576442,1,1,2,0.8,0.8,name_postcode_area,2026-08-11,0
03576615,1,1,2,0.9,0.9,name_postcode,2026-08-11,0
03578603,1,1,1,0.9,0.9,name_postcode,2026-08-11,0
03579143,1,1,1,0.9,0.9,name_postcode,2026-08-11,0
03579362,1,1,1,0.9,0.9,name_postcode,2026-08-11,0
03579622,1,1,1,0.9,0.9,name_postcode,2026-08-11,0
03587610,1,1,1,0.9,0.9,name_postcode,2026-08-11,0
03589504,1,1,1,0.9,0.9,name_postcode,2026-08-11,0
03597998,1,1,2,0.9,0.9,name_postcode,2026-08-11,0
03601325,1,1,1,0.9,0.9,name_postcode,2026-08-11,0
03602240,1,1,5,0.9,0.9,name_postcode,2026-08-11,0
03602945,1,1,1,0.9,0.9,name_postcode,2026-08-11,0
03607311,1,2,5,0.9,0.9,name_postcode,2026-08-11,0
03607694,1,1,1,0.9,0.9,name_postcode,2026-08-11,0
03608206,1,2,1,0.9,0.9,name_postcode,2026-08-11,0
03608546,1,1,1,0.9,0.9,name_postcode,2026-08-11,0
03608807,1,1,1,0.9,0.9,name_postcode,2026-08-11,0
03611608,1,1,1,0.8,0.8,name_postcode_area,2026-08-11,0
03615916,1,1,1,0.9,0.9,name_postcode,2026-08-11,0
03616334,1,1,1,0.9,0.9,name_postcode,2026-08-11,0
03616766,1,1,0,0.9,0.9,name_postcode,2026-08-11,0
03617656,1,1,2,0.9,0.9,name_postcode,2026-08-11,0
03619954,1,1,8,0.9,0.9,name_postcode,2026-08-11,0
03620177,1,2,20,0.9,0.9,name_postcode,2026-08-11,0
03622909,1,2,5,0.9,0.9,name_postcode,2026-08-11,0
03624096,1,2,5,0.9,0.8,name_postcode|name_postcode_area,2026-08-11,0
03625145,1,1,3,0.9,0.9,name_postcode,2026-08-11,0
03633992,1,1,1,0.9,0.9,name_postcode,2026-08-11,0
03634644,1,1,6,0.9,0.9,name_postcode,2026-08-11,0
03637849,1,1,1,0.8,0.8,name_postcode_area,2026-08-11,0
03639165,1,1,1,0.9,0.9,name_postcode,2026-08-11,0
03640833,1,1,1,0.8,0.8,name_postcode_area,2026-08-11,0
03640941,1,1,3,0.9,0.9,name_postcode,2026-08-11,0
03643676,1,1,1,0.9,0.9,name_postcode,2026-08-11,0
03644215,1,1,1,0.9,0.9,name_postcode,2026-08-11,0
03645072,1,1,2,0.9,0.9,name_postcode,2026-08-11,0
03646267,1,2,9,0.9,0.9,name_postcode,2026-08-11,0
03653794,1,1,1,0.9,0.9,name_postcode,2026-08-11,0
03654457,1,1,2,0.8,0.8,name_postcode_area,2026-08-11,0
03654492,1,2,5,0.9,0.9,name_postcode,2026-08-11,0
03655429,1,1,1,0.9,0.9,name_postcode,2026-08-11,0
03656605,1,1,6,0.9,0.9,name_postcode,2026-08-11,0
03657653,1,2,5,0.9,0.9,name_postcode,2026-08-11,0
03659970,1,2,24,0.9,0.9,name_postcode,2026-08-11,0
03660805,1,2,1,0.9,0.9,name_postcode,2026-08-11,0
03662043,1,1,1,0.8,0.8,name_postcode_area,2026-08-11,0
03663473,1,1,11,0.9,0.9,name_postcode,2026-08-11,0
03668442,1,1,2,0.8,0.8,name_postcode_area,2026-08-11,0
03671139,1,1,1,0.9,0.9,name_postcode,2026-08-11,0
03671355,1,1,4,0.8,0.8,name_postcode_area,2026-08-11,0
03672188,1,1,1,0.9,0.9,name_postcode,2026-08-11,0
03674842,1,2,23,0.9,0.9,name_postcode,2026-08-11,0
03675964,1,1,1,0.9,0.9,name_postcode,2026-08-11,0
03679321,1,1,1,0.9,0.9,name_postcode,2026-08-11,0
03681737,1,1,2,0.9,0.9,name_postcode,2026-08-11,0
03682759,1,1,2,0.9,0.9,name_postcode,2026-08-11,0
03684766,1,1,4,0.9,0.9,name_postcode,2026-08-11,0
03685596,1,1,1,0.9,0.9,name_postcode,2026-08-11,0
03685711,1,1,8,0.9,0.9,name_postcode,2026-08-11,0
03685736,1,1,5,0.8,0.8,name_postcode_area,2026-08-11,0
03688979,1,1,2,0.9,0.9,name_postcode,2026-08-11,0
03690881,1,2,2,0.9,0.9,name_postcode,2026-08-11,0
03699022,1,1,8,0.9,0.9,name_postcode,2026-08-11,0
03699400,1,2,11,0.9,0.9,name_postcode,2026-08-11,0
03699427,1,1,1,0.9,0.9,name_postcode,2026-08-11,0
03700715,1,1,1,0.9,0.9,name_postcode,2026-08-11,0
03701792,1,1,1,0.8,0.8,name_postcode_area,2026-08-11,0
03705562,1,1,3,0.9,0.9,name_postcode,2026-08-11,0
03709130,1,2,3,0.9,0.9,name_postcode,2026-08-11,0
03709549,1,1,2,0.9,0.9,name_postcode,2026-08-11,0
03713964,1,1,4,0.9,0.9,name_postcode,2026-08-11,0
03716623,1,1,2,0.9,0.9,name_postcode,2026-08-11,0
03729745,1,1,2,0.9,0.9,name_postcode,2026-08-11,0
03729805,1,1,1,0.9,0.9,name_postcode,2026-08-11,0
03733334,1,1,1,0.9,0.9,name_postcode,2026-08-11,0
03737163,1,1,1,0.9,0.9,name_postcode,2026-08-11,0
03737270,1,1,1,0.9,0.9,name_postcode,2026-08-11,0
03739805,1,1,1,0.9,0.9,name_postcode,2026-08-11,0
03741454,1,1,2,0.9,0.9,name_postcode,2026-08-11,0
03743347,1,1,1,0.9,0.9,name_postcode,2026-08-11,0
03743494,1,1,2,0.9,0.9,name_postcode,2026-08-11,0
03744012,1,1,0,0.9,0.9,name_postcode,2026-08-11,0
03745726,1,2,91,0.9,0.9,name_postcode,2026-08-11,0
03749443,1,1,2,0.9,0.9,name_postcode,2026-08-11,0
03751665,1,2,5,0.9,0.9,name_postcode,2026-08-11,0
03751674,1,1,2,0.9,0.9,name_postcode,2026-08-11,0
03752242,1,3,5,0.8,0.8,name_postcode_area,2026-08-11,0
03752719,1,1,7,0.9,0.9,name_postcode,2026-08-11,0
03755080,1,1,1,0.9,0.9,name_postcode,2026-08-11,0
03755592,1,1,0,0.9,0.9,name_postcode,2026-08-11,0
03756030,1,1,1,0.9,0.9,name_postcode,2026-08-11,0
03759347,1,1,1,0.8,0.8,name_postcode_area,2026-08-11,0
03760548,1,1,1,0.9,0.9,name_postcode,2026-08-11,0
03761340,1,2,7,0.9,0.9,name_postcode,2026-08-11,0
03767075,1,1,1,0.9,0.9,name_postcode,2026-08-11,0
03773617,1,1,1,0.9,0.9,name_postcode,2026-08-11,0
03775131,1,1,1,0.8,0.8,name_postcode_area,2026-08-11,0
03775780,1,1,1,0.9,0.9,name_postcode,2026-08-11,0
03776018,1,1,1,0.9,0.9,name_postcode,2026-08-11,0
03776727,1,1,1,0.9,0.9,name_postcode,2026-08-11,0
03777037,1,1,3,0.9,0.9,name_postcode,2026-08-11,0
03777578,1,1,5,0.9,0.9,name_postcode,2026-08-11,0
03780105,1,1,5,0.9,0.9,name_postcode,2026-08-11,0
03780764,1,1,13,0.9,0.9,name_postcode,2026-08-11,0
03781545,1,1,3,0.9,0.9,name_postcode,2026-08-11,0
03782938,1,2,8,0.9,0.9,name_postcode,2026-08-11,0
03783386,1,1,2,0.9,0.9,name_postcode,2026-08-11,0
03785518,1,1,1,0.9,0.9,name_postcode,2026-08-11,0
03788489,1,1,8,0.9,0.9,name_postcode,2026-08-11,0
03794455,1,1,1,0.9,0.9,name_postcode,2026-08-11,0
03794633,1,1,2,0.9,0.9,name_postcode,2026-08-11,0
03796233,1,1,43,0.9,0.9,name_postcode,2026-08-11,0
03799809,1,1,3,0.8,0.8,name_postcode_area,2026-08-11,0
03799817,1,2,2,0.9,0.9,name_postcode,2026-08-11,0
03801319,1,1,0,0.9,0.9,name_postcode,2026-08-11,0
03802001,1,1,6,0.9,0.9,name_postcode,2026-08-11,0
03802139,1,1,1,0.9,0.9,name_postcode,2026-08-11,0
03803367,1,2,18,0.9,0.9,name_postcode,2026-08-11,0
03808313,1,1,1,0.9,0.9,name_postcode,2026-08-11,0
03810162,1,1,2,0.8,0.8,name_postcode_area,2026-08-11,0
03812608,1,2,2,0.9,0.8,name_postcode|name_postcode_area,2026-08-11,0
03818176,1,1,5,0.9,0.9,name_postcode,2026-08-11,0
03818234,1,1,1,0.9,0.9,name_postcode,2026-08-11,0
03818280,1,1,2,0.8,0.8,name_postcode_area,2026-08-11,0
03821362,1,1,1,0.8,0.8,name_postcode_area,2026-08-11,0
03823204,1,1,1,0.9,0.9,name_postcode,2026-08-11,0
03823727,1,1,4,0.9,0.9,name_postcode,2026-08-11,0
03823810,1,1,1,0.9,0.9,name_postcode,2026-08-11,0
03824626,1,1,16,0.9,0.9,name_postcode,2026-08-11,0
03825057,1,1,1,0.9,0.9,name_postcode,2026-08-11,0
03827293,1,2,23,0.9,0.9,name_postcode,2026-08-11,0
03829615,1,1,0,0.8,0.8,name_postcode_area,2026-08-11,0
03830078,1,1,2,0.9,0.9,name_postcode,2026-08-11,0
03830311,1,3,3,0.9,0.8,name_postcode|name_postcode_area,2026-08-11,0
03830499,1,1,3,0.9,0.9,name_postcode,2026-08-11,0
03831898,1,1,1,0.9,0.9,name_postcode,2026-08-11,0
03834125,1,1,3,0.9,0.9,name_postcode,2026-08-11,0
03834869,1,1,1,0.9,0.9,name_postcode,2026-08-11,0
03835180,1,1,1,0.9,0.9,name_postcode,2026-08-11,0
03836922,1,1,9,0.9,0.9,name_postcode,2026-08-11,0
03838002,1,1,1,0.9,0.9,name_postcode,2026-08-11,0
03838464,1,1,1,0.9,0.9,name_postcode,2026-08-11,0
03839609,1,2,1,0.9,0.9,name_postcode,2026-08-11,0
03841804,1,3,2,0.8,0.8,name_postcode_area,2026-08-11,0
03844571,1,1,1,0.9,0.9,name_postcode,2026-08-11,0
03844938,1,2,2,0.9,0.9,name_postcode,2026-08-11,0
03845305,1,1,1,0.9,0.9,name_postcode,2026-08-11,0
03845432,1,1,3,0.8,0.8,name_postcode_area,2026-08-11,0
03847220,1,1,0,0.9,0.9,name_postcode,2026-08-11,0
03847379,1,1,3,0.9,0.9,name_postcode,2026-08-11,0
03847966,1,1,1,0.9,0.9,name_postcode,2026-08-11,0
03852657,1,1,1,0.9,0.9,name_postcode,2026-08-11,0
03853277,1,2,7,0.9,0.9,name_postcode,2026-08-11,0
03855274,1,1,2,0.9,0.9,name_postcode,2026-08-11,0
03858881,1,2,11,0.9,0.8,name_postcode|name_postcode_area,2026-08-11,0
03859239,1,1,1,0.8,0.8,name_postcode_area,2026-08-11,0
03859442,1,3,220,0.9,0.9,name_postcode,2026-08-11,0
03859507,1,1,1,0.9,0.9,name_postcode,2026-08-11,0
03860799,1,1,3,0.8,0.8,name_postcode_area,2026-08-11,0
03861633,1,1,1,0.8,0.8,name_postcode_area,2026-08-11,0
03862571,1,1,1,0.9,0.9,name_postcode,2026-08-11,0
03867040,1,1,1,0.9,0.9,name_postcode,2026-08-11,0
03867723,1,1,1,0.9,0.9,name_postcode,2026-08-11,0
03867976,1,2,2,0.9,0.9,name_postcode,2026-08-11,0
03870587,1,1,7,0.9,0.9,name_postcode,2026-08-11,0
03872673,1,1,1,0.9,0.9,name_postcode,2026-08-11,0
03874320,1,2,1,0.9,0.9,name_postcode,2026-08-11,0
03877089,1,1,4,0.9,0.9,name_postcode,2026-08-11,0
03879156,1,1,3,0.9,0.9,name_postcode,2026-08-11,0
03881993,1,2,2,0.9,0.9,name_postcode,2026-08-11,0
03883223,1,1,16,0.9,0.9,name_postcode,2026-08-11,0
03884055,1,1,13,0.9,0.9,name_postcode,2026-08-11,0
03885544,1,1,2,0.9,0.9,name_postcode,2026-08-11,0
03886556,1,1,1,0.9,0.9,name_postcode,2026-08-11,0
03888271,1,1,1,0.9,0.9,name_postcode,2026-08-11,0
03889552,1,2,4,0.9,0.9,name_postcode,2026-08-11,0
03893100,1,1,1,0.9,0.9,name_postcode,2026-08-11,0
03893149,1,1,0,0.9,0.9,name_postcode,2026-08-11,0
03895736,1,1,1,0.9,0.9,name_postcode,2026-08-11,0
03896734,1,1,6,0.9,0.9,name_postcode,2026-08-11,0
03897642,1,1,1,0.9,0.9,name_postcode,2026-08-11,0
03898047,1,2,2,0.9,0.9,name_postcode,2026-08-11,0
03899549,1,1,3,0.8,0.8,name_postcode_area,2026-08-11,0
03899842,1,1,7,0.9,0.9,name_postcode,2026-08-11,0
03901952,1,1,4,0.9,0.9,name_postcode,2026-08-11,0
03902966,1,1,1,0.9,0.9,name_postcode,2026-08-11,0
03903987,1,1,3,0.9,0.9,name_postcode,2026-08-11,0
03908794,1,1,1,0.9,0.9,name_postcode,2026-08-11,0
03912361,1,1,2,0.9,0.9,name_postcode,2026-08-11,0
03913109,1,1,1,0.9,0.9,name_postcode,2026-08-11,0
03914370,1,1,6,0.9,0.9,name_postcode,2026-08-11,0
03917515,1,1,19,0.9,0.9,name_postcode,2026-08-11,0
03917536,1,1,7,0.9,0.9,name_postcode,2026-08-11,0
03918227,1,1,3,0.9,0.9,name_postcode,2026-08-11,0
03918877,1,2,12,0.9,0.8,name_postcode|name_postcode_area,2026-08-11,0
03921135,1,1,3,0.9,0.9,name_postcode,2026-08-11,0
03921897,1,1,0,0.9,0.9,name_postcode,2026-08-11,0
03922575,1,1,8,0.9,0.9,name_postcode,2026-08-11,0
03924148,1,1,2,0.9,0.9,name_postcode,2026-08-11,0
03926132,1,1,1,0.9,0.9,name_postcode,2026-08-11,0
03926300,1,1,1,0.8,0.8,name_postcode_area,2026-08-11,0
03928078,1,1,0,0.9,0.9,name_postcode,2026-08-11,0
03931532,1,1,3,0.8,0.8,name_postcode_area,2026-08-11,0
03934026,1,1,2,0.9,0.9,name_postcode,2026-08-11,0
03934767,1,1,2,0.9,0.9,name_postcode,2026-08-11,0
03934798,1,1,1,0.8,0.8,name_postcode_area,2026-08-11,0
03936112,1,1,2,0.9,0.9,name_postcode,2026-08-11,0
03938270,1,1,18,0.8,0.8,name_postcode_area,2026-08-11,0
03939427,1,1,2,0.9,0.9,name_postcode,2026-08-11,0
03942412,1,2,8,0.9,0.9,name_postcode,2026-08-11,0
03942728,1,3,6,0.9,0.9,name_postcode,2026-08-11,0
03946660,1,1,11,0.9,0.9,name_postcode,2026-08-11,0
03948863,1,1,0,0.9,0.9,name_postcode,2026-08-11,0
03949649,1,1,1,0.9,0.9,name_postcode,2026-08-11,0
03949707,1,2,5,0.9,0.9,name_postcode,2026-08-11,0
03950028,1,1,1,0.9,0.9,name_postcode,2026-08-11,0
03950388,1,1,1,0.8,0.8,name_postcode_area,2026-08-11,0
03950868,1,1,2,0.9,0.9,name_postcode,2026-08-11,0
03951260,1,1,3,0.9,0.9,name_postcode,2026-08-11,0
03951486,1,1,3,0.9,0.9,name_postcode,2026-08-11,0
03954256,1,1,1,0.9,0.9,name_postcode,2026-08-11,0
03954387,1,1,2,0.8,0.8,name_postcode_area,2026-08-11,0
03956929,1,1,0,0.9,0.9,name_postcode,2026-08-11,0
03957801,1,2,6,0.9,0.9,name_postcode,2026-08-11,0
03958217,1,3,45,0.9,0.8,name_postcode|name_postcode_area,2026-08-11,0
03958350,1,1,0,0.8,0.8,name_postcode_area,2026-08-11,0
03959037,1,1,3,0.9,0.9,name_postcode,2026-08-11,0
03959310,1,2,3,0.9,0.9,name_postcode,2026-08-11,0
03960198,1,2,7,0.9,0.9,name_postcode,2026-08-11,0
03961272,1,1,1,0.9,0.9,name_postcode,2026-08-11,0
03964307,1,1,1,0.9,0.9,name_postcode,2026-08-11,0
03966267,1,2,1,0.9,0.9,name_postcode,2026-08-11,0
03968472,1,1,1,0.9,0.9,name_postcode,2026-08-11,0
03969379,1,1,1,0.8,0.8,name_postcode_area,2026-08-11,0
03974455,1,1,1,0.9,0.9,name_postcode,2026-08-11,0
03974470,1,1,1,0.9,0.9,name_postcode,2026-08-11,0
03974954,1,1,1,0.9,0.9,name_postcode,2026-08-11,0
03975941,1,1,1,0.9,0.9,name_postcode,2026-08-11,0
03978908,1,1,2,0.9,0.9,name_postcode,2026-08-11,0
03979088,1,1,8,0.9,0.9,name_postcode,2026-08-11,0
03980418,1,1,1,0.9,0.9,name_postcode,2026-08-11,0
03980594,1,1,1,0.9,0.9,name_postcode,2026-08-11,0
03981291,1,1,2,0.9,0.9,name_postcode,2026-08-11,0
03981497,1,1,2,0.9,0.9,name_postcode,2026-08-11,0
03981600,1,1,1,0.9,0.9,name_postcode,2026-08-11,0
03985345,1,2,7,0.9,0.9,name_postcode,2026-08-11,0
03986368,1,2,1,0.9,0.9,name_postcode,2026-08-11,0
03986643,1,1,4,0.9,0.9,name_postcode,2026-08-11,0
03989628,1,1,1,0.9,0.9,name_postcode,2026-08-11,0
03990080,1,3,18,0.9,0.9,name_postcode,2026-08-11,0
03990424,1,1,1,0.9,0.9,name_postcode,2026-08-11,0
03993695,1,1,1,0.9,0.9,name_postcode,2026-08-11,0
03996923,1,1,1,0.9,0.9,name_postcode,2026-08-11,0
03998680,1,1,1,0.9,0.9,name_postcode,2026-08-11,0
03999152,1,1,1,0.9,0.9,name_postcode,2026-08-11,0
04004881,1,1,1,0.9,0.9,name_postcode,2026-08-11,0
04005047,1,1,1,0.8,0.8,name_postcode_area,2026-08-11,0
04005808,1,1,2,0.8,0.8,name_postcode_area,2026-08-11,0
04006213,1,2,11,0.9,0.9,name_postcode,2026-08-11,0
04006623,1,2,3,0.9,0.9,name_postcode,2026-08-11,0
04007931,1,1,1,0.9,0.9,name_postcode,2026-08-11,0
04010481,1,1,8,0.9,0.9,name_postcode,2026-08-11,0
04013510,1,1,2,0.9,0.9,name_postcode,2026-08-11,0
04016333,1,1,1,0.9,0.9,name_postcode,2026-08-11,0
04017097,1,1,1,0.9,0.9,name_postcode,2026-08-11,0
04017120,1,1,2,0.9,0.9,name_postcode,2026-08-11,0
04021002,1,2,3,0.9,0.9,name_postcode,2026-08-11,0
04021155,1,1,1,0.9,0.9,name_postcode,2026-08-11,0
04021697,1,1,1,0.9,0.9,name_postcode,2026-08-11,0
04022369,1,1,1,0.9,0.9,name_postcode,2026-08-11,0
04022586,1,1,1,0.9,0.9,name_postcode,2026-08-11,0
04024062,1,1,1,0.9,0.9,name_postcode,2026-08-11,0
04024351,1,1,1,0.9,0.9,name_postcode,2026-08-11,0
04027977,1,1,1,0.9,0.9,name_postcode,2026-08-11,0
04029108,1,1,8,0.9,0.9,name_postcode,2026-08-11,0
04031152,1,6,121,0.9,0.9,name_postcode,2026-08-11,0
04035592,1,1,1,0.8,0.8,name_postcode_area,2026-08-11,0
04036478,1,1,1,0.9,0.9,name_postcode,2026-08-11,0
04039524,1,1,3,0.9,0.9,name_postcode,2026-08-11,0
04040105,1,1,1,0.9,0.9,name_postcode,2026-08-11,0
04042810,1,1,5,0.9,0.9,name_postcode,2026-08-11,0
04043542,1,1,0,0.9,0.9,name_postcode,2026-08-11,0
04045742,1,1,1,0.9,0.9,name_postcode,2026-08-11,0
04045797,1,1,1,0.9,0.9,name_postcode,2026-08-11,0
04046384,1,1,1,0.8,0.8,name_postcode_area,2026-08-11,0
04047905,1,1,4,0.8,0.8,name_postcode_area,2026-08-11,0
04049445,1,1,3,0.9,0.9,name_postcode,2026-08-11,0
04049461,1,1,0,0.9,0.9,name_postcode,2026-08-11,0
04050479,1,1,1,0.9,0.9,name_postcode,2026-08-11,0
04052391,1,1,1,0.9,0.9,name_postcode,2026-08-11,0
04054159,1,1,1,0.9,0.9,name_postcode,2026-08-11,0
04055277,1,1,1,0.8,0.8,name_postcode_area,2026-08-11,0
04056154,1,1,1,0.9,0.9,name_postcode,2026-08-11,0
04056406,1,1,1,0.8,0.8,name_postcode_area,2026-08-11,0
04056474,1,1,4,0.9,0.9,name_postcode,2026-08-11,0
04057330,1,1,3,0.9,0.9,name_postcode,2026-08-11,0
04057669,1,1,1,0.9,0.9,name_postcode,2026-08-11,0
04057922,1,1,1,0.9,0.9,name_postcode,2026-08-11,0
04060311,1,1,1,0.9,0.9,name_postcode,2026-08-11,0
04061959,1,2,4,0.9,0.9,name_postcode,2026-08-11,0
04063402,1,1,1,0.9,0.9,name_postcode,2026-08-11,0
04064285,1,1,1,0.9,0.9,name_postcode,2026-08-11,0
04066153,1,1,0,0.9,0.9,name_postcode,2026-08-11,0
04067902,1,1,1,0.8,0.8,name_postcode_area,2026-08-11,0
04068812,1,1,1,0.8,0.8,name_postcode_area,2026-08-11,0
04069334,1,1,4,0.9,0.9,name_postcode,2026-08-11,0
04071207,1,1,1,0.9,0.9,name_postcode,2026-08-11,0
04071554,1,1,2,0.9,0.9,name_postcode,2026-08-11,0
04078533,1,1,4,0.9,0.9,name_postcode,2026-08-11,0
04079715,1,1,2,0.8,0.8,name_postcode_area,2026-08-11,0
04079723,1,1,1,0.8,0.8,name_postcode_area,2026-08-11,0
04079942,1,1,2,0.9,0.9,name_postcode,2026-08-11,0
04080726,1,1,1,0.8,0.8,name_postcode_area,2026-08-11,0
04082763,1,1,1,0.9,0.9,name_postcode,2026-08-11,0
04083204,1,1,1,0.9,0.9,name_postcode,2026-08-11,0
04083914,1,1,1,0.9,0.9,name_postcode,2026-08-11,0
04084246,1,1,1,0.9,0.9,name_postcode,2026-08-11,0
04085346,1,1,1,0.9,0.9,name_postcode,2026-08-11,0
04088050,1,1,9,0.9,0.9,name_postcode,2026-08-11,0
04088286,1,1,1,0.9,0.9,name_postcode,2026-08-11,0
04091038,1,1,1,0.9,0.9,name_postcode,2026-08-11,0
04093977,1,1,2,0.8,0.8,name_postcode_area,2026-08-11,0
04094366,1,1,4,0.9,0.9,name_postcode,2026-08-11,0
04095261,1,2,3,0.9,0.9,name_postcode,2026-08-11,0
04100816,1,1,3,0.9,0.9,name_postcode,2026-08-11,0
04102746,1,1,5,0.9,0.9,name_postcode,2026-08-11,0
04103211,1,1,2,0.9,0.9,name_postcode,2026-08-11,0
04105474,1,2,18,0.9,0.9,name_postcode,2026-08-11,0
04108372,1,1,0,0.9,0.9,name_postcode,2026-08-11,0
04108425,1,1,2,0.9,0.9,name_postcode,2026-08-11,0
04108577,1,1,1,0.9,0.9,name_postcode,2026-08-11,0
04109464,1,1,2,0.8,0.8,name_postcode_area,2026-08-11,0
04111746,1,1,1,0.9,0.9,name_postcode,2026-08-11,0
04112266,1,1,1,0.9,0.9,name_postcode,2026-08-11,0
04115619,1,1,8,0.9,0.9,name_postcode,2026-08-11,0
04117809,1,2,3,0.9,0.9,name_postcode,2026-08-11,0
04120121,1,1,0,0.8,0.8,name_postcode_area,2026-08-11,0
04121166,1,1,3,0.9,0.9,name_postcode,2026-08-11,0
04125147,1,1,0,0.9,0.9,name_postcode,2026-08-11,0
04126458,1,1,2,0.9,0.9,name_postcode,2026-08-11,0
04126946,1,1,0,0.9,0.9,name_postcode,2026-08-11,0
04127915,1,1,1,0.8,0.8,name_postcode_area,2026-08-11,0
04129612,1,2,43,0.9,0.9,name_postcode,2026-08-11,0
04129959,1,1,1,0.9,0.9,name_postcode,2026-08-11,0
04131046,1,1,3,0.9,0.9,name_postcode,2026-08-11,0
04132405,1,1,5,0.9,0.9,name_postcode,2026-08-11,0
04132533,1,2,10,0.9,0.9,name_postcode,2026-08-11,0
04132591,1,1,1,0.9,0.9,name_postcode,2026-08-11,0
04133084,1,1,1,0.9,0.9,name_postcode,2026-08-11,0
04134381,1,1,1,0.9,0.9,name_postcode,2026-08-11,0
04135318,1,1,3,0.9,0.9,name_postcode,2026-08-11,0
04135916,1,1,1,0.9,0.9,name_postcode,2026-08-11,0
04138468,1,1,3,0.9,0.9,name_postcode,2026-08-11,0
04139271,1,1,11,0.9,0.9,name_postcode,2026-08-11,0
04140355,1,1,1,0.9,0.9,name_postcode,2026-08-11,0
04140420,1,1,4,0.9,0.9,name_postcode,2026-08-11,0
04140709,1,2,6,0.9,0.9,name_postcode,2026-08-11,0
04144762,1,1,0,0.9,0.9,name_postcode,2026-08-11,0
04146523,1,2,9,0.9,0.9,name_postcode,2026-08-11,0
04147691,1,1,1,0.9,0.9,name_postcode,2026-08-11,0
04148007,1,1,2,0.9,0.9,name_postcode,2026-08-11,0
04150627,1,1,1,0.9,0.9,name_postcode,2026-08-11,0
04150975,1,1,3,0.9,0.9,name_postcode,2026-08-11,0
04151475,1,1,6,0.9,0.9,name_postcode,2026-08-11,0
04151672,1,1,2,0.9,0.9,name_postcode,2026-08-11,0
04154625,1,1,1,0.9,0.9,name_postcode,2026-08-11,0
04155171,1,1,3,0.9,0.9,name_postcode,2026-08-11,0
04155640,1,2,2,0.9,0.9,name_postcode,2026-08-11,0
04159388,1,1,1,0.9,0.9,name_postcode,2026-08-11,0
04160934,1,1,1,0.9,0.9,name_postcode,2026-08-11,0
04161472,1,1,5,0.9,0.9,name_postcode,2026-08-11,0
04161766,1,1,1,0.9,0.9,name_postcode,2026-08-11,0
04164169,1,1,2,0.9,0.9,name_postcode,2026-08-11,0
04168293,1,1,1,0.9,0.9,name_postcode,2026-08-11,0
04169507,1,1,0,0.9,0.9,name_postcode,2026-08-11,0
04170515,1,1,1,0.9,0.9,name_postcode,2026-08-11,0
04170519,1,1,12,0.9,0.9,name_postcode,2026-08-11,0
04172118,1,1,3,0.8,0.8,name_postcode_area,2026-08-11,0
04174582,1,2,4,0.9,0.9,name_postcode,2026-08-11,0
04175440,1,2,7,0.9,0.9,name_postcode,2026-08-11,0
04178503,1,4,182,0.9,0.9,name_postcode,2026-08-11,0
04182527,1,1,1,0.9,0.9,name_postcode,2026-08-11,0
04184061,1,1,0,0.9,0.9,name_postcode,2026-08-11,0
04184592,1,1,1,0.8,0.8,name_postcode_area,2026-08-11,0
04185240,1,1,3,0.9,0.9,name_postcode,2026-08-11,0
04185316,1,1,18,0.9,0.9,name_postcode,2026-08-11,0
04185385,1,1,1,0.9,0.9,name_postcode,2026-08-11,0
04185518,1,2,3,0.9,0.9,name_postcode,2026-08-11,0
04186744,1,1,1,0.9,0.9,name_postcode,2026-08-11,0
04188685,1,1,1,0.8,0.8,name_postcode_area,2026-08-11,0
04190230,1,3,33,0.9,0.8,name_postcode|name_postcode_area,2026-08-11,0
04190552,1,1,1,0.9,0.9,name_postcode,2026-08-11,0
04190807,1,1,1,0.9,0.9,name_postcode,2026-08-11,0
04190816,1,1,5,0.9,0.9,name_postcode,2026-08-11,0
04191368,1,1,5,0.8,0.8,name_postcode_area,2026-08-11,0
04191887,1,1,1,0.8,0.8,name_postcode_area,2026-08-11,0
04197202,1,1,1,0.8,0.8,name_postcode_area,2026-08-11,0
04197962,1,1,1,0.9,0.9,name_postcode,2026-08-11,0
04199761,1,1,1,0.8,0.8,name_postcode_area,2026-08-11,0
04202179,1,1,1,0.9,0.9,name_postcode,2026-08-11,0
04202562,1,1,7,0.9,0.9,name_postcode,2026-08-11,0
04208260,1,1,0,0.9,0.9,name_postcode,2026-08-11,0
04209116,1,1,2,0.9,0.9,name_postcode,2026-08-11,0
04209907,1,1,2,0.9,0.9,name_postcode,2026-08-11,0
04210542,1,1,1,0.8,0.8,name_postcode_area,2026-08-11,0
04211052,1,1,1,0.8,0.8,name_postcode_area,2026-08-11,0
04211637,1,1,2,0.9,0.9,name_postcode,2026-08-11,0
04213928,1,1,3,0.8,0.8,name_postcode_area,2026-08-11,0
04217235,1,1,1,0.9,0.9,name_postcode,2026-08-11,0
04219306,1,1,1,0.9,0.9,name_postcode,2026-08-11,0
04220106,1,1,4,0.9,0.9,name_postcode,2026-08-11,0
04221252,1,2,2,0.9,0.8,name_postcode|name_postcode_area,2026-08-11,0
04222409,1,1,15,0.9,0.9,name_postcode,2026-08-11,0
04222675,1,1,1,0.9,0.9,name_postcode,2026-08-11,0
04225530,1,1,1,0.9,0.9,name_postcode,2026-08-11,0
04226233,1,1,2,0.9,0.9,name_postcode,2026-08-11,0
04228706,1,1,1,0.9,0.9,name_postcode,2026-08-11,0
04229894,1,1,2,0.9,0.9,name_postcode,2026-08-11,0
04230486,1,1,1,0.9,0.9,name_postcode,2026-08-11,0
04231536,1,1,7,0.8,0.8,name_postcode_area,2026-08-11,0
04232133,1,1,3,0.9,0.9,name_postcode,2026-08-11,0
04232750,1,2,7,0.9,0.9,name_postcode,2026-08-11,0
04233275,1,1,0,0.9,0.9,name_postcode,2026-08-11,0
04238711,1,1,4,0.9,0.9,name_postcode,2026-08-11,0
04238862,1,1,4,0.9,0.9,name_postcode,2026-08-11,0
04238976,1,1,0,0.9,0.9,name_postcode,2026-08-11,0
04241498,1,1,16,0.9,0.9,name_postcode,2026-08-11,0
04242937,1,2,2,0.9,0.8,name_postcode|name_postcode_area,2026-08-11,0
04242938,1,1,2,0.9,0.9,name_postcode,2026-08-11,0
04243307,1,1,1,0.9,0.9,name_postcode,2026-08-11,0
04244463,1,1,1,0.9,0.9,name_postcode,2026-08-11,0
04244715,1,2,2,0.8,0.8,name_postcode_area,2026-08-11,0
04247368,1,1,7,0.9,0.9,name_postcode,2026-08-11,0
04250311,1,2,2,0.9,0.8,name_postcode|name_postcode_area,2026-08-11,0
04253279,1,1,2,0.9,0.9,name_postcode,2026-08-11,0
04257461,1,1,2,0.8,0.8,name_postcode_area,2026-08-11,0
04258410,1,2,3,0.9,0.9,name_postcode,2026-08-11,0
04260093,1,1,1,0.9,0.9,name_postcode,2026-08-11,0
04260219,1,1,1,0.9,0.9,name_postcode,2026-08-11,0
04262737,1,1,7,0.9,0.9,name_postcode,2026-08-11,0
04263979,1,1,2,0.9,0.9,name_postcode,2026-08-11,0
04266661,1,1,1,0.9,0.9,name_postcode,2026-08-11,0
04268143,1,2,1,0.9,0.9,name_postcode,2026-08-11,0
04269261,1,1,1,0.9,0.9,name_postcode,2026-08-11,0
04269533,1,1,1,0.9,0.9,name_postcode,2026-08-11,0
04273537,1,1,1,0.9,0.9,name_postcode,2026-08-11,0
04275710,1,1,1,0.8,0.8,name_postcode_area,2026-08-11,0
04276599,1,1,0,0.8,0.8,name_postcode_area,2026-08-11,0
04282112,1,1,1,0.9,0.9,name_postcode,2026-08-11,0
04283382,1,2,2,0.8,0.8,name_postcode_area,2026-08-11,0
04286869,1,1,1,0.9,0.9,name_postcode,2026-08-11,0
04287238,1,1,1,0.9,0.9,name_postcode,2026-08-11,0
04290072,1,2,1,0.8,0.8,name_postcode_area,2026-08-11,0
04290554,1,1,1,0.8,0.8,name_postcode_area,2026-08-11,0
04293167,1,1,2,0.9,0.9,name_postcode,2026-08-11,0
04294176,1,1,1,0.9,0.9,name_postcode,2026-08-11,0
04295201,1,1,4,0.9,0.9,name_postcode,2026-08-11,0
04297229,1,1,1,0.9,0.9,name_postcode,2026-08-11,0
04298384,1,1,1,0.9,0.9,name_postcode,2026-08-11,0
04302194,1,1,1,0.9,0.9,name_postcode,2026-08-11,0
04304431,1,1,1,0.9,0.9,name_postcode,2026-08-11,0
04304984,1,1,1,0.9,0.9,name_postcode,2026-08-11,0
04305025,1,3,6,0.9,0.9,name_postcode,2026-08-11,0
04305857,1,2,8,0.8,0.8,name_postcode_area,2026-08-11,0
04306715,1,1,2,0.9,0.9,name_postcode,2026-08-11,0
04307057,1,1,3,0.9,0.9,name_postcode,2026-08-11,0
04310826,1,1,1,0.9,0.9,name_postcode,2026-08-11,0
04310986,1,1,1,0.9,0.9,name_postcode,2026-08-11,0
04316414,1,1,1,0.9,0.9,name_postcode,2026-08-11,0
04316617,1,2,7,0.9,0.9,name_postcode,2026-08-11,0
04317651,1,1,12,0.9,0.9,name_postcode,2026-08-11,0
04319825,1,1,0,0.9,0.9,name_postcode,2026-08-11,0
04322550,1,1,4,0.9,0.9,name_postcode,2026-08-11,0
04324144,1,1,1,0.9,0.9,name_postcode,2026-08-11,0
04325633,1,1,6,0.9,0.9,name_postcode,2026-08-11,0
04328300,1,1,1,0.9,0.9,name_postcode,2026-08-11,0
04330394,1,1,0,0.9,0.9,name_postcode,2026-08-11,0
04331550,1,1,1,0.9,0.9,name_postcode,2026-08-11,0
04332645,1,1,1,0.9,0.9,name_postcode,2026-08-11,0
04332659,1,1,1,0.9,0.9,name_postcode,2026-08-11,0
04332799,1,1,2,0.9,0.9,name_postcode,2026-08-11,0
04334036,1,1,1,0.9,0.9,name_postcode,2026-08-11,0
04335734,1,2,7,0.9,0.9,name_postcode,2026-08-11,0
04335872,1,1,3,0.9,0.9,name_postcode,2026-08-11,0
04337458,1,1,2,0.8,0.8,name_postcode_area,2026-08-11,0
04338746,1,2,10,0.9,0.9,name_postcode,2026-08-11,0
04342165,1,1,1,0.9,0.9,name_postcode,2026-08-11,0
04342954,1,1,2,0.9,0.9,name_postcode,2026-08-11,0
04345860,1,1,1,0.9,0.9,name_postcode,2026-08-11,0
04348048,1,2,1,0.9,0.9,name_postcode,2026-08-11,0
04354601,1,1,4,0.9,0.9,name_postcode,2026-08-11,0
04355332,1,1,1,0.9,0.9,name_postcode,2026-08-11,0
04356194,1,1,1,0.9,0.9,name_postcode,2026-08-11,0
04356641,1,1,0,0.9,0.9,name_postcode,2026-08-11,0
04358894,1,1,10,0.8,0.8,name_postcode_area,2026-08-11,0
04362105,1,1,0,0.9,0.9,name_postcode,2026-08-11,0
04362610,1,1,1,0.9,0.9,name_postcode,2026-08-11,0
04362859,1,1,1,0.9,0.9,name_postcode,2026-08-11,0
04364671,1,2,18,0.9,0.9,name_postcode,2026-08-11,0
04366849,1,5,30,0.9,0.9,name_postcode,2026-08-11,0
04368396,1,1,1,0.9,0.9,name_postcode,2026-08-11,0
04371103,1,1,1,0.9,0.9,name_postcode,2026-08-11,0
04371441,1,1,1,0.9,0.9,name_postcode,2026-08-11,0
04373019,1,2,14,0.9,0.8,name_postcode|name_postcode_area,2026-08-11,0
04375679,1,4,396,0.9,0.9,name_postcode,2026-08-11,0
04376245,1,1,1,0.9,0.9,name_postcode,2026-08-11,0
04376912,1,2,1,0.8,0.8,name_postcode_area,2026-08-11,0
04379384,1,1,1,0.9,0.9,name_postcode,2026-08-11,0
04380474,1,1,1,0.8,0.8,name_postcode_area,2026-08-11,0
04380834,1,1,5,0.9,0.9,name_postcode,2026-08-11,0
04381203,1,1,19,0.9,0.9,name_postcode,2026-08-11,0
04388143,1,1,1,0.9,0.9,name_postcode,2026-08-11,0
04389483,1,2,5,0.9,0.9,name_postcode,2026-08-11,0
04389517,1,1,1,0.9,0.9,name_postcode,2026-08-11,0
04391513,1,1,1,0.8,0.8,name_postcode_area,2026-08-11,0
04393161,1,1,25,0.9,0.9,name_postcode,2026-08-11,0
04394409,1,1,8,0.9,0.9,name_postcode,2026-08-11,0
04398993,1,1,2,0.9,0.9,name_postcode,2026-08-11,0
04399565,1,1,1,0.9,0.9,name_postcode,2026-08-11,0
04400300,1,1,2,0.9,0.9,name_postcode,2026-08-11,0
04401421,1,1,1,0.9,0.9,name_postcode,2026-08-11,0
04402211,1,1,1,0.9,0.9,name_postcode,2026-08-11,0
04403746,1,1,2,0.9,0.9,name_postcode,2026-08-11,0
04404220,1,2,6,0.9,0.8,name_postcode|name_postcode_area,2026-08-11,0
04409934,1,2,4,0.9,0.9,name_postcode,2026-08-11,0
04409990,1,1,1,0.9,0.9,name_postcode,2026-08-11,0
04410946,1,1,1,0.8,0.8,name_postcode_area,2026-08-11,0
04412362,1,2,3,0.9,0.9,name_postcode,2026-08-11,0
04414356,1,1,1,0.8,0.8,name_postcode_area,2026-08-11,0
04414508,1,2,5,0.8,0.8,name_postcode_area,2026-08-11,0
04415388,1,1,2,0.9,0.9,name_postcode,2026-08-11,0
04421171,1,1,6,0.9,0.9,name_postcode,2026-08-11,0
04421199,1,1,1,0.9,0.9,name_postcode,2026-08-11,0
04421812,1,1,9,0.9,0.9,name_postcode,2026-08-11,0
04422370,1,2,1,0.9,0.9,name_postcode,2026-08-11,0
04425795,1,1,1,0.9,0.9,name_postcode,2026-08-11,0
04428215,1,1,2,0.9,0.9,name_postcode,2026-08-11,0
04428781,1,1,1,0.9,0.9,name_postcode,2026-08-11,0
04430621,1,2,1,0.9,0.9,name_postcode,2026-08-11,0
04432600,1,1,1,0.9,0.9,name_postcode,2026-08-11,0
04437155,1,1,4,0.9,0.9,name_postcode,2026-08-11,0
04437451,1,1,0,0.9,0.9,name_postcode,2026-08-11,0
04437633,1,1,2,0.9,0.9,name_postcode,2026-08-11,0
04438430,1,1,1,0.8,0.8,name_postcode_area,2026-08-11,0
04439515,1,1,2,0.9,0.9,name_postcode,2026-08-11,0
04439757,1,1,2,0.9,0.9,name_postcode,2026-08-11,0
04441097,1,1,0,0.9,0.9,name_postcode,2026-08-11,0
04451325,1,2,5,0.9,0.9,name_postcode,2026-08-11,0
04451674,1,1,1,0.9,0.9,name_postcode,2026-08-11,0
04452715,1,1,2,0.9,0.9,name_postcode,2026-08-11,0
04453629,1,1,1,0.9,0.9,name_postcode,2026-08-11,0
04455315,1,1,1,0.8,0.8,name_postcode_area,2026-08-11,0
04456225,1,1,3,0.9,0.9,name_postcode,2026-08-11,0
04457230,1,1,1,0.9,0.9,name_postcode,2026-08-11,0
04462756,1,1,1,0.9,0.9,name_postcode,2026-08-11,0
04463294,1,1,10,0.9,0.9,name_postcode,2026-08-11,0
04464469,1,1,10,0.9,0.9,name_postcode,2026-08-11,0
04464777,1,1,4,0.9,0.9,name_postcode,2026-08-11,0
04468819,1,1,1,0.9,0.9,name_postcode,2026-08-11,0
04470941,1,1,1,0.8,0.8,name_postcode_area,2026-08-11,0
04474324,1,1,2,0.9,0.9,name_postcode,2026-08-11,0
04475521,1,1,2,0.9,0.9,name_postcode,2026-08-11,0
04476687,1,2,26,0.8,0.8,name_postcode_area,2026-08-11,0
04477153,1,1,1,0.9,0.9,name_postcode,2026-08-11,0
04478971,1,2,6,0.9,0.9,name_postcode,2026-08-11,0
04482153,1,1,1,0.9,0.9,name_postcode,2026-08-11,0
04482312,1,1,14,0.9,0.9,name_postcode,2026-08-11,0
04482320,1,1,12,0.9,0.9,name_postcode,2026-08-11,0
04482357,1,1,3,0.9,0.9,name_postcode,2026-08-11,0
04484160,1,1,3,0.9,0.9,name_postcode,2026-08-11,0
04484344,1,1,1,0.9,0.9,name_postcode,2026-08-11,0
04489925,1,1,3,0.9,0.9,name_postcode,2026-08-11,0
04490332,1,1,0,0.9,0.9,name_postcode,2026-08-11,0
04490352,1,2,6,0.9,0.9,name_postcode,2026-08-11,0
04492798,1,2,3,0.8,0.8,name_postcode_area,2026-08-11,0
04496566,1,1,2,0.8,0.8,name_postcode_area,2026-08-11,0
04497081,1,2,4,0.8,0.8,name_postcode_area,2026-08-11,0
04497456,1,1,2,0.9,0.9,name_postcode,2026-08-11,0
04497478,1,1,1,0.8,0.8,name_postcode_area,2026-08-11,0
04497920,1,1,1,0.9,0.9,name_postcode,2026-08-11,0
04498601,1,1,2,0.9,0.9,name_postcode,2026-08-11,0
04499961,1,2,4,0.9,0.9,name_postcode,2026-08-11,0
04504895,1,1,2,0.9,0.9,name_postcode,2026-08-11,0
04507961,1,1,1,0.9,0.9,name_postcode,2026-08-11,0
04513938,1,1,1,0.9,0.9,name_postcode,2026-08-11,0
04514127,1,2,8,0.8,0.8,name_postcode_area,2026-08-11,0
04516079,1,1,2,0.8,0.8,name_postcode_area,2026-08-11,0
04520394,1,1,1,0.9,0.9,name_postcode,2026-08-11,0
04521280,1,1,1,0.9,0.9,name_postcode,2026-08-11,0
04524830,1,1,1,0.9,0.9,name_postcode,2026-08-11,0
04525158,1,1,2,0.9,0.9,name_postcode,2026-08-11,0
04533078,1,2,9,0.9,0.8,name_postcode|name_postcode_area,2026-08-11,0
04534336,1,1,15,0.9,0.9,name_postcode,2026-08-11,0
04538571,1,1,1,0.9,0.9,name_postcode,2026-08-11,0
04543737,1,1,4,0.9,0.9,name_postcode,2026-08-11,0
04546319,1,1,0,0.9,0.9,name_postcode,2026-08-11,0
04547144,1,1,1,0.8,0.8,name_postcode_area,2026-08-11,0
04547830,1,2,2,0.9,0.9,name_postcode,2026-08-11,0
04548384,1,1,12,0.9,0.9,name_postcode,2026-08-11,0
04550257,1,2,3,0.8,0.8,name_postcode_area,2026-08-11,0
04552140,1,1,1,0.8,0.8,name_postcode_area,2026-08-11,0
04554636,1,1,14,0.9,0.9,name_postcode,2026-08-11,0
04555463,1,1,1,0.9,0.9,name_postcode,2026-08-11,0
04556216,1,1,3,0.8,0.8,name_postcode_area,2026-08-11,0
04557983,1,1,1,0.9,0.9,name_postcode,2026-08-11,0
04560091,1,1,1,0.9,0.9,name_postcode,2026-08-11,0
04560531,1,1,1,0.8,0.8,name_postcode_area,2026-08-11,0
04561671,1,2,2,0.9,0.9,name_postcode,2026-08-11,0
04562669,1,1,1,0.8,0.8,name_postcode_area,2026-08-11,0
04565472,1,1,0,0.9,0.9,name_postcode,2026-08-11,0
04567874,1,1,3,0.9,0.9,name_postcode,2026-08-11,0
04570982,1,1,0,0.9,0.9,name_postcode,2026-08-11,0
04572901,1,1,1,0.9,0.9,name_postcode,2026-08-11,0
04575555,1,1,2,0.8,0.8,name_postcode_area,2026-08-11,0
04576718,1,1,1,0.8,0.8,name_postcode_area,2026-08-11,0
04582786,1,1,3,0.8,0.8,name_postcode_area,2026-08-11,0
04583982,1,1,27,0.8,0.8,name_postcode_area,2026-08-11,0
04584554,1,1,1,0.8,0.8,name_postcode_area,2026-08-11,0
04584656,1,2,3,0.9,0.9,name_postcode,2026-08-11,0
04586551,1,1,1,0.9,0.9,name_postcode,2026-08-11,0
04586941,1,1,39,0.9,0.9,name_postcode,2026-08-11,0
04589821,1,1,1,0.9,0.9,name_postcode,2026-08-11,0
04589932,1,2,14,0.9,0.8,name_postcode|name_postcode_area,2026-08-11,0
04590002,1,1,1,0.9,0.9,name_postcode,2026-08-11,0
04590414,1,1,1,0.9,0.9,name_postcode,2026-08-11,0
04590729,1,1,4,0.9,0.9,name_postcode,2026-08-11,0
04594095,1,1,1,0.8,0.8,name_postcode_area,2026-08-11,0
04600084,1,1,1,0.9,0.9,name_postcode,2026-08-11,0
04603920,1,1,1,0.9,0.9,name_postcode,2026-08-11,0
04604106,1,1,1,0.8,0.8,name_postcode_area,2026-08-11,0
04605875,1,2,2,0.9,0.9,name_postcode,2026-08-11,0
04611064,1,1,1,0.9,0.9,name_postcode,2026-08-11,0
04611914,1,1,1,0.9,0.9,name_postcode,2026-08-11,0
04612139,1,1,1,0.9,0.9,name_postcode,2026-08-11,0
04615004,1,1,2,0.9,0.9,name_postcode,2026-08-11,0
04615780,1,1,1,0.9,0.9,name_postcode,2026-08-11,0
04618579,1,1,16,0.9,0.9,name_postcode,2026-08-11,0
04618725,1,1,1,0.9,0.9,name_postcode,2026-08-11,0
04619513,1,1,1,0.9,0.9,name_postcode,2026-08-11,0
04619527,1,2,5,0.8,0.8,name_postcode_area,2026-08-11,0
04620448,1,1,0,0.9,0.9,name_postcode,2026-08-11,0
04623699,1,1,1,0.9,0.9,name_postcode,2026-08-11,0
04625172,1,1,1,0.9,0.9,name_postcode,2026-08-11,0
04626618,1,1,1,0.9,0.9,name_postcode,2026-08-11,0
04627044,1,1,3,0.9,0.9,name_postcode,2026-08-11,0
04627117,1,1,1,0.9,0.9,name_postcode,2026-08-11,0
04628049,1,2,7,0.9,0.9,name_postcode,2026-08-11,0
04629168,1,1,1,0.9,0.9,name_postcode,2026-08-11,0
04630014,1,1,1,0.8,0.8,name_postcode_area,2026-08-11,0
04633707,1,1,1,0.9,0.9,name_postcode,2026-08-11,0
04633827,1,1,3,0.9,0.9,name_postcode,2026-08-11,0
04634797,1,2,11,0.8,0.8,name_postcode_area,2026-08-11,0
04636301,1,1,2,0.9,0.9,name_postcode,2026-08-11,0
04636431,1,1,1,0.8,0.8,name_postcode_area,2026-08-11,0
04640528,1,1,7,0.9,0.9,name_postcode,2026-08-11,0
04641522,1,1,8,0.9,0.9,name_postcode,2026-08-11,0
04642373,1,1,1,0.9,0.9,name_postcode,2026-08-11,0
04643351,1,1,6,0.9,0.9,name_postcode,2026-08-11,0
04645475,1,1,13,0.9,0.9,name_postcode,2026-08-11,0
04645806,1,1,1,0.9,0.9,name_postcode,2026-08-11,0
04646508,1,2,10,0.9,0.9,name_postcode,2026-08-11,0
04648787,1,2,3,0.9,0.9,name_postcode,2026-08-11,0
04649096,1,1,1,0.9,0.9,name_postcode,2026-08-11,0
04651443,1,1,4,0.9,0.9,name_postcode,2026-08-11,0
04656787,1,1,1,0.9,0.9,name_postcode,2026-08-11,0
04658880,1,1,1,0.8,0.8,name_postcode_area,2026-08-11,0
04659351,1,2,221,0.9,0.9,name_postcode,2026-08-11,0
04662922,1,1,3,0.9,0.9,name_postcode,2026-08-11,0
04665665,1,2,4,0.9,0.9,name_postcode,2026-08-11,0
04666325,1,1,1,0.8,0.8,name_postcode_area,2026-08-11,0
04674423,1,1,4,0.9,0.9,name_postcode,2026-08-11,0
04674774,1,1,0,0.9,0.9,name_postcode,2026-08-11,0
04676297,1,1,1,0.9,0.9,name_postcode,2026-08-11,0
04678473,1,1,1,0.8,0.8,name_postcode_area,2026-08-11,0
04679225,1,1,1,0.9,0.9,name_postcode,2026-08-11,0
04682116,1,1,1,0.9,0.9,name_postcode,2026-08-11,0
04683805,1,1,5,0.9,0.9,name_postcode,2026-08-11,0
04684150,1,1,3,0.9,0.9,name_postcode,2026-08-11,0
04694123,1,1,1,0.9,0.9,name_postcode,2026-08-11,0
04694438,1,1,1,0.9,0.9,name_postcode,2026-08-11,0
04695086,1,1,0,0.9,0.9,name_postcode,2026-08-11,0
04696821,1,1,1,0.8,0.8,name_postcode_area,2026-08-11,0
04709027,1,1,1,0.8,0.8,name_postcode_area,2026-08-11,0
04710174,1,1,0,0.9,0.9,name_postcode,2026-08-11,0
04713606,1,1,1,0.8,0.8,name_postcode_area,2026-08-11,0
04716714,1,1,2,0.9,0.9,name_postcode,2026-08-11,0
04716961,1,1,1,0.9,0.9,name_postcode,2026-08-11,0
04718208,1,1,1,0.9,0.9,name_postcode,2026-08-11,0
04718630,1,1,1,0.9,0.9,name_postcode,2026-08-11,0
04721316,1,1,3,0.8,0.8,name_postcode_area,2026-08-11,0
04728565,1,1,16,0.9,0.9,name_postcode,2026-08-11,0
04729687,1,1,1,0.9,0.9,name_postcode,2026-08-11,0
04729734,1,1,5,0.9,0.9,name_postcode,2026-08-11,0
04732073,1,1,3,0.9,0.9,name_postcode,2026-08-11,0
04737488,1,1,1,0.9,0.9,name_postcode,2026-08-11,0
04740406,1,1,1,0.9,0.9,name_postcode,2026-08-11,0
04742829,1,1,1,0.9,0.9,name_postcode,2026-08-11,0
04746656,1,1,0,0.9,0.9,name_postcode,2026-08-11,0
04750292,1,1,4,0.9,0.9,name_postcode,2026-08-11,0
04753033,1,1,2,0.9,0.9,name_postcode,2026-08-11,0
04754303,1,1,2,0.9,0.9,name_postcode,2026-08-11,0
04754510,1,1,1,0.9,0.9,name_postcode,2026-08-11,0
04757301,1,2,5,0.9,0.9,name_postcode,2026-08-11,0
04760441,1,4,70,0.9,0.9,name_postcode,2026-08-11,0
04761384,1,1,1,0.9,0.9,name_postcode,2026-08-11,0
04761703,1,1,2,0.9,0.9,name_postcode,2026-08-11,0
04764605,1,2,1,0.9,0.9,name_postcode,2026-08-11,0
04775448,1,1,1,0.9,0.9,name_postcode,2026-08-11,0
04776218,1,1,0,0.9,0.9,name_postcode,2026-08-11,0
04776587,1,1,1,0.9,0.9,name_postcode,2026-08-11,0
04776603,1,1,2,0.8,0.8,name_postcode_area,2026-08-11,0
04777660,1,1,8,0.9,0.9,name_postcode,2026-08-11,0
04778142,1,1,3,0.9,0.9,name_postcode,2026-08-11,0
04782008,1,2,14,0.9,0.9,name_postcode,2026-08-11,0
04784437,1,2,40,0.9,0.9,name_postcode,2026-08-11,0
04786458,1,1,2,0.9,0.9,name_postcode,2026-08-11,0
04787596,1,1,1,0.9,0.9,name_postcode,2026-08-11,0
04789469,1,1,1,0.9,0.9,name_postcode,2026-08-11,0
04789922,1,1,0,0.9,0.9,name_postcode,2026-08-11,0
04796045,1,1,1,0.9,0.9,name_postcode,2026-08-11,0
04797821,1,1,3,0.9,0.9,name_postcode,2026-08-11,0
04800534,1,1,1,0.9,0.9,name_postcode,2026-08-11,0
04802961,1,1,4,0.9,0.9,name_postcode,2026-08-11,0
04804945,1,1,1,0.9,0.9,name_postcode,2026-08-11,0
04806374,1,2,21,0.9,0.9,name_postcode,2026-08-11,0
04806503,1,1,2,0.9,0.9,name_postcode,2026-08-11,0
04807405,1,1,0,0.9,0.9,name_postcode,2026-08-11,0
04809334,1,1,6,0.9,0.9,name_postcode,2026-08-11,0
04809956,1,1,1,0.8,0.8,name_postcode_area,2026-08-11,0
04812219,1,1,1,0.9,0.9,name_postcode,2026-08-11,0
04814350,1,1,2,0.9,0.9,name_postcode,2026-08-11,0
04819632,1,1,1,0.9,0.9,name_postcode,2026-08-11,0
04820046,1,1,1,0.9,0.9,name_postcode,2026-08-11,0
04821377,1,1,3,0.9,0.9,name_postcode,2026-08-11,0
04821572,1,1,2,0.8,0.8,name_postcode_area,2026-08-11,0
04824441,1,1,0,0.9,0.9,name_postcode,2026-08-11,0
04826593,1,2,26,0.9,0.8,name_postcode|name_postcode_area,2026-08-11,0
04830520,1,1,2,0.9,0.9,name_postcode,2026-08-11,0
04831755,1,2,9,0.9,0.9,name_postcode,2026-08-11,0
04831890,1,1,1,0.9,0.9,name_postcode,2026-08-11,0
04831995,1,1,1,0.9,0.9,name_postcode,2026-08-11,0
04833848,1,1,1,0.9,0.9,name_postcode,2026-08-11,0
04834510,1,1,1,0.9,0.9,name_postcode,2026-08-11,0
04835644,1,1,1,0.9,0.9,name_postcode,2026-08-11,0
04837586,1,1,1,0.9,0.9,name_postcode,2026-08-11,0
04840874,1,1,1,0.9,0.9,name_postcode,2026-08-11,0
04843566,1,1,1,0.9,0.9,name_postcode,2026-08-11,0
04847599,1,1,1,0.9,0.9,name_postcode,2026-08-11,0
04848655,1,1,0,0.9,0.9,name_postcode,2026-08-11,0
04849181,1,1,2,0.9,0.9,name_postcode,2026-08-11,0
04850367,1,1,8,0.9,0.9,name_postcode,2026-08-11,0
04850754,1,1,1,0.8,0.8,name_postcode_area,2026-08-11,0
04852922,1,1,5,0.9,0.9,name_postcode,2026-08-11,0
04853659,1,1,5,0.8,0.8,name_postcode_area,2026-08-11,0
04854117,1,1,1,0.8,0.8,name_postcode_area,2026-08-11,0
04855747,1,1,1,0.9,0.9,name_postcode,2026-08-11,0
04856586,1,1,1,0.9,0.9,name_postcode,2026-08-11,0
04857809,1,1,2,0.9,0.9,name_postcode,2026-08-11,0
04858233,1,1,1,0.9,0.9,name_postcode,2026-08-11,0
04860521,1,2,2,0.9,0.9,name_postcode,2026-08-11,0
04863659,1,2,3,0.9,0.8,name_postcode|name_postcode_area,2026-08-11,0
04864216,1,2,2,0.9,0.8,name_postcode|name_postcode_area,2026-08-11,0
04864539,1,1,3,0.9,0.9,name_postcode,2026-08-11,0
04869229,1,1,3,0.9,0.9,name_postcode,2026-08-11,0
04869273,1,1,1,0.9,0.9,name_postcode,2026-08-11,0
04871074,1,1,1,0.9,0.9,name_postcode,2026-08-11,0
04883668,1,1,1,0.9,0.9,name_postcode,2026-08-11,0
04886771,1,1,1,0.9,0.9,name_postcode,2026-08-11,0
04889235,1,1,12,0.9,0.9,name_postcode,2026-08-11,0
04889471,1,1,2,0.8,0.8,name_postcode_area,2026-08-11,0
04893291,1,1,0,0.9,0.9,name_postcode,2026-08-11,0
04897542,1,1,1,0.9,0.9,name_postcode,2026-08-11,0
04897543,1,1,1,0.9,0.9,name_postcode,2026-08-11,0
04897864,1,1,3,0.9,0.9,name_postcode,2026-08-11,0
04901515,1,1,1,0.9,0.9,name_postcode,2026-08-11,0
04901879,1,1,1,0.9,0.9,name_postcode,2026-08-11,0
04906088,1,1,4,0.9,0.9,name_postcode,2026-08-11,0
04908229,1,1,1,0.9,0.9,name_postcode,2026-08-11,0
04908756,1,1,3,0.9,0.9,name_postcode,2026-08-11,0
04909329,1,1,1,0.9,0.9,name_postcode,2026-08-11,0
04914201,1,1,2,0.9,0.9,name_postcode,2026-08-11,0
04916279,1,1,1,0.8,0.8,name_postcode_area,2026-08-11,0
04922922,1,1,1,0.9,0.9,name_postcode,2026-08-11,0
04924658,1,1,1,0.8,0.8,name_postcode_area,2026-08-11,0
04925633,1,1,1,0.9,0.9,name_postcode,2026-08-11,0
04925636,1,1,1,0.9,0.9,name_postcode,2026-08-11,0
04925854,1,1,1,0.8,0.8,name_postcode_area,2026-08-11,0
04925936,1,1,2,0.9,0.9,name_postcode,2026-08-11,0
04927294,1,1,2,0.9,0.9,name_postcode,2026-08-11,0
04927794,1,1,2,0.9,0.9,name_postcode,2026-08-11,0
04932416,1,1,16,0.9,0.9,name_postcode,2026-08-11,0
04933751,1,1,1,0.9,0.9,name_postcode,2026-08-11,0
04937132,1,1,1,0.9,0.9,name_postcode,2026-08-11,0
04942817,1,1,0,0.9,0.9,name_postcode,2026-08-11,0
04944069,1,1,1,0.8,0.8,name_postcode_area,2026-08-11,0
04948632,1,3,7,0.9,0.9,name_postcode,2026-08-11,0
04949651,1,1,4,0.9,0.9,name_postcode,2026-08-11,0
04952865,1,1,1,0.9,0.9,name_postcode,2026-08-11,0
04953775,1,1,5,0.9,0.9,name_postcode,2026-08-11,0
04955131,1,1,1,0.9,0.9,name_postcode,2026-08-11,0
04955647,1,1,2,0.8,0.8,name_postcode_area,2026-08-11,0
04955841,1,1,5,0.9,0.9,name_postcode,2026-08-11,0
04956761,1,1,0,0.9,0.9,name_postcode,2026-08-11,0
04958135,1,1,1,0.9,0.9,name_postcode,2026-08-11,0
04964677,1,1,1,0.9,0.9,name_postcode,2026-08-11,0
04967068,1,1,1,0.8,0.8,name_postcode_area,2026-08-11,0
04968239,1,1,1,0.9,0.9,name_postcode,2026-08-11,0
04969187,1,2,5,0.9,0.9,name_postcode,2026-08-11,0
04971299,1,1,1,0.8,0.8,name_postcode_area,2026-08-11,0
04972465,1,1,3,0.9,0.9,name_postcode,2026-08-11,0
04978210,1,2,9,0.9,0.8,name_postcode|name_postcode_area,2026-08-11,0
04978908,1,1,1,0.8,0.8,name_postcode_area,2026-08-11,0
04978912,1,2,64,0.9,0.9,name_postcode,2026-08-11,0
04980223,1,1,0,0.8,0.8,name_postcode_area,2026-08-11,0
04982409,1,1,1,0.9,0.9,name_postcode,2026-08-11,0
04982542,1,1,1,0.9,0.9,name_postcode,2026-08-11,0
04983524,1,1,1,0.9,0.9,name_postcode,2026-08-11,0
04987690,1,2,5,0.9,0.8,name_postcode|name_postcode_area,2026-08-11,0
04989875,1,1,1,0.9,0.9,name_postcode,2026-08-11,0
04991941,1,1,0,0.9,0.9,name_postcode,2026-08-11,0
04995829,1,1,1,0.8,0.8,name_postcode_area,2026-08-11,0
04998042,1,1,1,0.9,0.9,name_postcode,2026-08-11,0
04998277,1,1,4,0.9,0.9,name_postcode,2026-08-11,0
05001590,1,1,1,0.9,0.9,name_postcode,2026-08-11,0
05002194,1,10,237,0.9,0.9,name_postcode,2026-08-11,0
05008225,1,1,1,0.9,0.9,name_postcode,2026-08-11,0
05009019,1,1,1,0.9,0.9,name_postcode,2026-08-11,0
05009315,1,1,1,0.9,0.9,name_postcode,2026-08-11,0
05010341,1,1,0,0.9,0.9,name_postcode,2026-08-11,0
05011090,1,1,9,0.9,0.9,name_postcode,2026-08-11,0
05012801,1,1,1,0.8,0.8,name_postcode_area,2026-08-11,0
05012944,1,1,1,0.9,0.9,name_postcode,2026-08-11,0
05014538,1,1,0,0.9,0.9,name_postcode,2026-08-11,0
05014680,1,1,2,0.9,0.9,name_postcode,2026-08-11,0
05016402,1,1,1,0.9,0.9,name_postcode,2026-08-11,0
05016533,1,1,1,0.8,0.8,name_postcode_area,2026-08-11,0
05017166,1,1,1,0.9,0.9,name_postcode,2026-08-11,0
05019027,1,1,14,0.9,0.9,name_postcode,2026-08-11,0
05019106,1,2,3,0.8,0.8,name_postcode_area,2026-08-11,0
05020036,1,2,2,0.9,0.9,name_postcode,2026-08-11,0
05020074,1,1,1,0.9,0.9,name_postcode,2026-08-11,0
05022001,1,1,1,0.8,0.8,name_postcode_area,2026-08-11,0
05025973,1,1,1,0.8,0.8,name_postcode_area,2026-08-11,0
05029821,1,1,1,0.8,0.8,name_postcode_area,2026-08-11,0
05032048,1,1,0,0.9,0.9,name_postcode,2026-08-11,0
05032748,1,1,0,0.9,0.9,name_postcode,2026-08-11,0
05033133,1,1,1,0.9,0.9,name_postcode,2026-08-11,0
05033662,1,1,5,0.9,0.9,name_postcode,2026-08-11,0
05035078,1,1,1,0.9,0.9,name_postcode,2026-08-11,0
05041402,1,1,1,0.8,0.8,name_postcode_area,2026-08-11,0
05042279,1,1,2,0.9,0.9,name_postcode,2026-08-11,0
05048094,1,1,2,0.8,0.8,name_postcode_area,2026-08-11,0
05048184,1,1,2,0.9,0.9,name_postcode,2026-08-11,0
05048342,1,1,3,0.8,0.8,name_postcode_area,2026-08-11,0
05048432,1,1,1,0.9,0.9,name_postcode,2026-08-11,0
05054643,1,1,1,0.9,0.9,name_postcode,2026-08-11,0
05054813,1,1,1,0.9,0.9,name_postcode,2026-08-11,0
05055019,1,1,1,0.9,0.9,name_postcode,2026-08-11,0
05055089,1,1,1,0.9,0.9,name_postcode,2026-08-11,0
05055989,1,1,2,0.9,0.9,name_postcode,2026-08-11,0
05056797,1,1,1,0.9,0.9,name_postcode,2026-08-11,0
05057797,1,1,2,0.9,0.9,name_postcode,2026-08-11,0
05058123,1,2,3,0.9,0.9,name_postcode,2026-08-11,0
05060016,1,1,1,0.9,0.9,name_postcode,2026-08-11,0
05061391,1,1,1,0.9,0.9,name_postcode,2026-08-11,0
05061695,1,1,1,0.9,0.9,name_postcode,2026-08-11,0
05062047,1,1,0,0.9,0.9,name_postcode,2026-08-11,0
05062865,1,1,4,0.9,0.9,name_postcode,2026-08-11,0
05065360,1,1,1,0.9,0.9,name_postcode,2026-08-11,0
05065838,1,2,27,0.9,0.9,name_postcode,2026-08-11,0
05073590,1,1,1,0.8,0.8,name_postcode_area,2026-08-11,0
05074255,1,1,1,0.9,0.9,name_postcode,2026-08-11,0
05078814,1,1,4,0.9,0.9,name_postcode,2026-08-11,0
05079322,1,1,4,0.8,0.8,name_postcode_area,2026-08-11,0
05081222,1,1,0,0.9,0.9,name_postcode,2026-08-11,0
05083316,1,1,8,0.9,0.9,name_postcode,2026-08-11,0
05083479,1,1,2,0.9,0.9,name_postcode,2026-08-11,0
05084053,1,1,1,0.8,0.8,name_postcode_area,2026-08-11,0
05087813,1,1,1,0.9,0.9,name_postcode,2026-08-11,0
05092027,1,1,9,0.9,0.9,name_postcode,2026-08-11,0
05096725,1,1,13,0.9,0.9,name_postcode,2026-08-11,0
05096956,1,1,1,0.9,0.9,name_postcode,2026-08-11,0
05097052,1,1,5,0.9,0.9,name_postcode,2026-08-11,0
05098235,1,1,1,0.9,0.9,name_postcode,2026-08-11,0
05098967,1,2,4,0.9,0.8,name_postcode|name_postcode_area,2026-08-11,0
05098999,1,1,1,0.9,0.9,name_postcode,2026-08-11,0
05100353,1,1,1,0.9,0.9,name_postcode,2026-08-11,0
05103958,1,1,1,0.9,0.9,name_postcode,2026-08-11,0
05105594,1,1,12,0.9,0.9,name_postcode,2026-08-11,0
05107377,1,1,2,0.8,0.8,name_postcode_area,2026-08-11,0
05113433,1,1,1,0.8,0.8,name_postcode_area,2026-08-11,0
05114111,1,1,4,0.9,0.9,name_postcode,2026-08-11,0
05114893,1,1,2,0.9,0.9,name_postcode,2026-08-11,0
05115186,1,1,2,0.9,0.9,name_postcode,2026-08-11,0
05115407,1,2,2,0.8,0.8,name_postcode_area,2026-08-11,0
05117285,1,1,1,0.9,0.9,name_postcode,2026-08-11,0
05119030,1,1,1,0.9,0.9,name_postcode,2026-08-11,0
05120035,1,1,1,0.9,0.9,name_postcode,2026-08-11,0
05120913,1,1,1,0.8,0.8,name_postcode_area,2026-08-11,0
05121067,1,1,2,0.9,0.9,name_postcode,2026-08-11,0
05122063,1,1,1,0.9,0.9,name_postcode,2026-08-11,0
05124376,1,1,1,0.9,0.9,name_postcode,2026-08-11,0
05127298,1,1,2,0.9,0.9,name_postcode,2026-08-11,0
05129976,1,1,1,0.8,0.8,name_postcode_area,2026-08-11,0
05133530,1,1,0,0.9,0.9,name_postcode,2026-08-11,0
05139083,1,1,2,0.9,0.9,name_postcode,2026-08-11,0
05140382,1,1,1,0.9,0.9,name_postcode,2026-08-11,0
05143484,1,2,3,0.9,0.9,name_postcode,2026-08-11,0
05145684,1,1,2,0.9,0.9,name_postcode,2026-08-11,0
05148143,1,1,3,0.9,0.9,name_postcode,2026-08-11,0
05149033,1,1,1,0.9,0.9,name_postcode,2026-08-11,0
05149130,1,1,2,0.8,0.8,name_postcode_area,2026-08-11,0
05149333,1,1,1,0.8,0.8,name_postcode_area,2026-08-11,0
05152465,1,2,11,0.9,0.9,name_postcode,2026-08-11,0
05154449,1,1,1,0.9,0.9,name_postcode,2026-08-11,0
05156202,1,1,1,0.9,0.9,name_postcode,2026-08-11,0
05156557,1,1,1,0.9,0.9,name_postcode,2026-08-11,0
05158056,1,2,1,0.8,0.8,name_postcode_area,2026-08-11,0
05160050,1,1,3,0.9,0.9,name_postcode,2026-08-11,0
05160407,1,1,4,0.9,0.9,name_postcode,2026-08-11,0
05165299,1,1,1,0.8,0.8,name_postcode_area,2026-08-11,0
05169556,1,1,2,0.9,0.9,name_postcode,2026-08-11,0
05171172,1,1,1,0.9,0.9,name_postcode,2026-08-11,0
05171525,1,1,12,0.9,0.9,name_postcode,2026-08-11,0
05171777,1,1,2,0.9,0.9,name_postcode,2026-08-11,0
05173073,1,1,1,0.9,0.9,name_postcode,2026-08-11,0
05175970,1,1,1,0.9,0.9,name_postcode,2026-08-11,0
05176411,1,1,1,0.9,0.9,name_postcode,2026-08-11,0
05177945,1,1,1,0.9,0.9,name_postcode,2026-08-11,0
05183743,1,1,1,0.9,0.9,name_postcode,2026-08-11,0
05184164,1,2,14,0.9,0.9,name_postcode,2026-08-11,0
05184655,1,1,1,0.9,0.9,name_postcode,2026-08-11,0
05186286,1,1,0,0.8,0.8,name_postcode_area,2026-08-11,0
05187927,1,1,6,0.9,0.9,name_postcode,2026-08-11,0
05189218,1,2,10,0.9,0.8,name_postcode|name_postcode_area,2026-08-11,0
05191512,1,2,8,0.9,0.8,name_postcode|name_postcode_area,2026-08-11,0
05192016,1,1,1,0.8,0.8,name_postcode_area,2026-08-11,0
05195829,1,2,4,0.9,0.9,name_postcode,2026-08-11,0
05195952,1,1,1,0.9,0.9,name_postcode,2026-08-11,0
05197494,1,3,5,0.8,0.8,name_postcode_area,2026-08-11,0
05197878,1,1,1,0.9,0.9,name_postcode,2026-08-11,0
05199719,1,1,2,0.9,0.9,name_postcode,2026-08-11,0
05202283,1,1,3,0.9,0.9,name_postcode,2026-08-11,0
05205112,1,2,3,0.9,0.9,name_postcode,2026-08-11,0
05213804,1,1,1,0.8,0.8,name_postcode_area,2026-08-11,0
05218124,1,1,1,0.9,0.9,name_postcode,2026-08-11,0
05219420,1,1,1,0.9,0.9,name_postcode,2026-08-11,0
05220538,1,1,21,0.9,0.9,name_postcode,2026-08-11,0
05221066,1,1,1,0.9,0.9,name_postcode,2026-08-11,0
05222935,1,2,3,0.9,0.9,name_postcode,2026-08-11,0
05224107,1,1,6,0.9,0.9,name_postcode,2026-08-11,0
05225211,1,2,5,0.9,0.9,name_postcode,2026-08-11,0
05230809,1,1,1,0.9,0.9,name_postcode,2026-08-11,0
05231840,1,1,7,0.9,0.9,name_postcode,2026-08-11,0
05234234,1,1,1,0.9,0.9,name_postcode,2026-08-11,0
05234236,1,1,1,0.8,0.8,name_postcode_area,2026-08-11,0
05240645,1,1,1,0.9,0.9,name_postcode,2026-08-11,0
05242429,1,1,1,0.9,0.9,name_postcode,2026-08-11,0
05243319,1,1,1,0.9,0.9,name_postcode,2026-08-11,0
05244104,1,1,1,0.9,0.9,name_postcode,2026-08-11,0
05246861,1,1,1,0.9,0.9,name_postcode,2026-08-11,0
05248270,1,1,1,0.9,0.9,name_postcode,2026-08-11,0
05249177,1,2,3,0.9,0.9,name_postcode,2026-08-11,0
05249349,1,1,1,0.8,0.8,name_postcode_area,2026-08-11,0
05250862,1,1,1,0.8,0.8,name_postcode_area,2026-08-11,0
05254260,1,1,1,0.9,0.9,name_postcode,2026-08-11,0
05254987,1,1,1,0.8,0.8,name_postcode_area,2026-08-11,0
05256344,1,1,1,0.9,0.9,name_postcode,2026-08-11,0
05260778,1,1,1,0.9,0.9,name_postcode,2026-08-11,0
05264829,1,1,1,0.9,0.9,name_postcode,2026-08-11,0
05267572,1,1,1,0.9,0.9,name_postcode,2026-08-11,0
05268536,1,1,2,0.9,0.9,name_postcode,2026-08-11,0
05268855,1,1,1,0.9,0.9,name_postcode,2026-08-11,0
05269210,1,2,1,0.8,0.8,name_postcode_area,2026-08-11,0
05269248,1,1,1,0.9,0.9,name_postcode,2026-08-11,0
05271849,1,1,8,0.9,0.9,name_postcode,2026-08-11,0
05273371,1,1,2,0.9,0.9,name_postcode,2026-08-11,0
05274797,1,1,0,0.9,0.9,name_postcode,2026-08-11,0
05276121,1,1,1,0.9,0.9,name_postcode,2026-08-11,0
05276391,1,2,4,0.9,0.8,name_postcode|name_postcode_area,2026-08-11,0
05279122,1,1,2,0.9,0.9,name_postcode,2026-08-11,0
05283526,1,1,3,0.9,0.9,name_postcode,2026-08-11,0
05286528,1,1,2,0.8,0.8,name_postcode_area,2026-08-11,0
05287667,1,1,1,0.9,0.9,name_postcode,2026-08-11,0
05288483,1,2,6,0.8,0.8,name_postcode_area,2026-08-11,0
05288859,1,1,1,0.9,0.9,name_postcode,2026-08-11,0
05291675,1,1,1,0.9,0.9,name_postcode,2026-08-11,0
05292712,1,1,34,0.8,0.8,name_postcode_area,2026-08-11,0
05299520,1,2,7,0.9,0.9,name_postcode,2026-08-11,0
05301369,1,1,1,0.9,0.9,name_postcode,2026-08-11,0
05303208,1,1,2,0.9,0.9,name_postcode,2026-08-11,0
05304904,1,2,1,0.9,0.9,name_postcode,2026-08-11,0
05304968,1,1,3,0.9,0.9,name_postcode,2026-08-11,0
05307204,1,1,1,0.9,0.9,name_postcode,2026-08-11,0
05308826,1,1,3,0.9,0.9,name_postcode,2026-08-11,0
05312643,1,1,1,0.9,0.9,name_postcode,2026-08-11,0
05313505,1,3,16,0.9,0.9,name_postcode,2026-08-11,0
05313963,1,1,3,0.9,0.9,name_postcode,2026-08-11,0
05317683,1,2,9,0.8,0.8,name_postcode_area,2026-08-11,0
05322957,1,1,1,0.9,0.9,name_postcode,2026-08-11,0
05323651,1,1,1,0.9,0.9,name_postcode,2026-08-11,0
05323799,1,1,2,0.8,0.8,name_postcode_area,2026-08-11,0
05325366,1,1,8,0.9,0.9,name_postcode,2026-08-11,0
05326015,1,1,2,0.9,0.9,name_postcode,2026-08-11,0
05327824,1,1,1,0.9,0.9,name_postcode,2026-08-11,0
05334687,1,1,1,0.9,0.9,name_postcode,2026-08-11,0
05336536,1,2,10,0.8,0.8,name_postcode_area,2026-08-11,0
05339421,1,1,1,0.9,0.9,name_postcode,2026-08-11,0
05342169,1,1,3,0.8,0.8,name_postcode_area,2026-08-11,0
05343342,1,2,5,0.9,0.9,name_postcode,2026-08-11,0
05344714,1,1,4,0.8,0.8,name_postcode_area,2026-08-11,0
05347221,1,1,1,0.8,0.8,name_postcode_area,2026-08-11,0
05352525,1,1,3,0.9,0.9,name_postcode,2026-08-11,0
05355973,1,1,1,0.9,0.9,name_postcode,2026-08-11,0
05356763,1,1,1,0.9,0.9,name_postcode,2026-08-11,0
05356783,1,1,1,0.9,0.9,name_postcode,2026-08-11,0
05360409,1,1,1,0.9,0.9,name_postcode,2026-08-11,0
05360864,1,1,1,0.9,0.9,name_postcode,2026-08-11,0
05367753,1,1,6,0.9,0.9,name_postcode,2026-08-11,0
05369440,1,1,1,0.8,0.8,name_postcode_area,2026-08-11,0
05371158,1,2,50,0.9,0.8,name_postcode|name_postcode_area,2026-08-11,0
05380695,1,1,2,0.9,0.9,name_postcode,2026-08-11,0
05384454,1,1,2,0.9,0.9,name_postcode,2026-08-11,0
05386273,1,2,50,0.9,0.8,name_postcode|name_postcode_area,2026-08-11,0
05390759,1,1,2,0.9,0.9,name_postcode,2026-08-11,0
05392125,1,1,1,0.9,0.9,name_postcode,2026-08-11,0
05394358,1,1,2,0.8,0.8,name_postcode_area,2026-08-11,0
05397719,1,1,1,0.9,0.9,name_postcode,2026-08-11,0
05403483,1,1,8,0.9,0.9,name_postcode,2026-08-11,0
05407219,1,1,1,0.9,0.9,name_postcode,2026-08-11,0
05409529,1,1,1,0.9,0.9,name_postcode,2026-08-11,0
05411451,1,1,7,0.9,0.9,name_postcode,2026-08-11,0
05412872,1,1,2,0.9,0.9,name_postcode,2026-08-11,0
05416158,1,1,1,0.9,0.9,name_postcode,2026-08-11,0
05417630,1,2,2,0.9,0.9,name_postcode,2026-08-11,0
05419072,1,1,1,0.9,0.9,name_postcode,2026-08-11,0
05425986,1,2,1,0.9,0.9,name_postcode,2026-08-11,0
05426066,1,2,9,0.9,0.9,name_postcode,2026-08-11,0
05427322,1,1,1,0.9,0.9,name_postcode,2026-08-11,0
05429042,1,1,0,0.9,0.9,name_postcode,2026-08-11,0
05437347,1,2,4,0.9,0.9,name_postcode,2026-08-11,0
05437712,1,1,45,0.9,0.9,name_postcode,2026-08-11,0
05438122,1,1,1,0.9,0.9,name_postcode,2026-08-11,0
05441254,1,1,2,0.9,0.9,name_postcode,2026-08-11,0
05442936,1,2,18,0.9,0.8,name_postcode|name_postcode_area,2026-08-11,0
05443465,1,1,0,0.9,0.9,name_postcode,2026-08-11,0
05446021,1,1,2,0.9,0.9,name_postcode,2026-08-11,0
05446285,1,1,0,0.9,0.9,name_postcode,2026-08-11,0
05448638,1,2,1,0.9,0.9,name_postcode,2026-08-11,0
05450628,1,1,1,0.9,0.9,name_postcode,2026-08-11,0
05451320,1,1,1,0.9,0.9,name_postcode,2026-08-11,0
05455668,1,1,2,0.8,0.8,name_postcode_area,2026-08-11,0
05458748,1,1,1,0.9,0.9,name_postcode,2026-08-11,0
05460228,1,1,2,0.9,0.9,name_postcode,2026-08-11,0
05460568,1,1,2,0.9,0.9,name_postcode,2026-08-11,0
05462871,1,1,2,0.9,0.9,name_postcode,2026-08-11,0
05463305,1,1,1,0.9,0.9,name_postcode,2026-08-11,0
05464765,1,1,1,0.9,0.9,name_postcode,2026-08-11,0
05464887,1,2,3,0.9,0.9,name_postcode,2026-08-11,0
05465323,1,1,3,0.9,0.9,name_postcode,2026-08-11,0
05465374,1,1,1,0.9,0.9,name_postcode,2026-08-11,0
05466753,1,1,1,0.9,0.9,name_postcode,2026-08-11,0
05467524,1,1,2,0.9,0.9,name_postcode,2026-08-11,0
05468780,1,1,0,0.9,0.9,name_postcode,2026-08-11,0
05469396,1,1,2,0.9,0.9,name_postcode,2026-08-11,0
05469984,1,1,0,0.9,0.9,name_postcode,2026-08-11,0
05470178,1,1,6,0.9,0.9,name_postcode,2026-08-11,0
05471488,1,1,1,0.9,0.9,name_postcode,2026-08-11,0
05476000,1,2,3,0.9,0.9,name_postcode,2026-08-11,0
05476116,1,1,2,0.9,0.9,name_postcode,2026-08-11,0
05478834,1,1,1,0.8,0.8,name_postcode_area,2026-08-11,0
05491334,1,2,2,0.9,0.9,name_postcode,2026-08-11,0
05495096,1,1,5,0.9,0.9,name_postcode,2026-08-11,0
05495455,1,1,1,0.8,0.8,name_postcode_area,2026-08-11,0
05495567,1,1,7,0.9,0.9,name_postcode,2026-08-11,0
05497978,1,1,0,0.9,0.9,name_postcode,2026-08-11,0
05499156,1,1,6,0.9,0.9,name_postcode,2026-08-11,0
05500645,1,2,4,0.9,0.9,name_postcode,2026-08-11,0
05502069,1,1,1,0.9,0.9,name_postcode,2026-08-11,0
05504492,1,1,1,0.9,0.9,name_postcode,2026-08-11,0
05506845,1,1,0,0.9,0.9,name_postcode,2026-08-11,0
05507947,1,1,1,0.9,0.9,name_postcode,2026-08-11,0
05511848,1,1,9,0.9,0.9,name_postcode,2026-08-11,0
05521464,1,1,4,0.9,0.9,name_postcode,2026-08-11,0
05528602,1,1,2,0.9,0.9,name_postcode,2026-08-11,0
05529998,1,1,1,0.9,0.9,name_postcode,2026-08-11,0
05530139,1,1,0,0.9,0.9,name_postcode,2026-08-11,0
05533078,1,2,2,0.9,0.9,name_postcode,2026-08-11,0
05537361,1,1,1,0.9,0.9,name_postcode,2026-08-11,0
05540067,1,1,1,0.9,0.9,name_postcode,2026-08-11,0
05541084,1,1,1,0.8,0.8,name_postcode_area,2026-08-11,0
05546181,1,1,0,0.9,0.9,name_postcode,2026-08-11,0
05548000,1,1,1,0.9,0.9,name_postcode,2026-08-11,0
05548345,1,2,1,0.9,0.9,name_postcode,2026-08-11,0
05557026,1,1,2,0.8,0.8,name_postcode_area,2026-08-11,0
05559081,1,1,2,0.8,0.8,name_postcode_area,2026-08-11,0
05562754,1,1,1,0.9,0.9,name_postcode,2026-08-11,0
05567197,1,1,1,0.9,0.9,name_postcode,2026-08-11,0
05568060,1,1,1,0.9,0.9,name_postcode,2026-08-11,0
05570801,1,1,2,0.9,0.9,name_postcode,2026-08-11,0
05571739,1,1,7,0.9,0.9,name_postcode,2026-08-11,0
05574632,1,1,1,0.9,0.9,name_postcode,2026-08-11,0
05574680,1,1,4,0.9,0.9,name_postcode,2026-08-11,0
05576391,1,2,6,0.9,0.8,name_postcode|name_postcode_area,2026-08-11,0
05577045,1,2,3,0.9,0.9,name_postcode,2026-08-11,0
05578962,1,1,1,0.9,0.9,name_postcode,2026-08-11,0
05579286,1,1,0,0.9,0.9,name_postcode,2026-08-11,0
05579632,1,2,17,0.9,0.9,name_postcode,2026-08-11,0
05581330,1,1,1,0.9,0.9,name_postcode,2026-08-11,0
05582946,1,1,1,0.9,0.9,name_postcode,2026-08-11,0
05583557,1,1,2,0.8,0.8,name_postcode_area,2026-08-11,0
05584173,1,1,5,0.9,0.9,name_postcode,2026-08-11,0
05584407,1,1,6,0.9,0.9,name_postcode,2026-08-11,0
05586343,1,1,4,0.9,0.9,name_postcode,2026-08-11,0
05587469,1,1,1,0.9,0.9,name_postcode,2026-08-11,0
05588883,1,2,15,0.9,0.9,name_postcode,2026-08-11,0
05591725,1,1,1,0.9,0.9,name_postcode,2026-08-11,0
05591980,1,1,0,0.9,0.9,name_postcode,2026-08-11,0
05604923,1,1,1,0.9,0.9,name_postcode,2026-08-11,0
05606880,1,1,4,0.9,0.9,name_postcode,2026-08-11,0
05610475,1,1,1,0.9,0.9,name_postcode,2026-08-11,0
05615669,1,1,1,0.9,0.9,name_postcode,2026-08-11,0
05616266,1,1,1,0.9,0.9,name_postcode,2026-08-11,0
05616345,1,1,0,0.9,0.9,name_postcode,2026-08-11,0
05616520,1,1,1,0.9,0.9,name_postcode,2026-08-11,0
05618710,1,1,7,0.9,0.9,name_postcode,2026-08-11,0
05620801,1,1,0,0.9,0.9,name_postcode,2026-08-11,0
05623108,1,1,1,0.9,0.9,name_postcode,2026-08-11,0
05632356,1,2,4,0.9,0.9,name_postcode,2026-08-11,0
05635708,1,1,8,0.9,0.9,name_postcode,2026-08-11,0
05636283,1,3,10,0.9,0.9,name_postcode,2026-08-11,0
05636920,1,1,1,0.8,0.8,name_postcode_area,2026-08-11,0
05637170,1,1,4,0.9,0.9,name_postcode,2026-08-11,0
05637424,1,1,1,0.9,0.9,name_postcode,2026-08-11,0
05639227,1,1,1,0.9,0.9,name_postcode,2026-08-11,0
05640084,1,1,2,0.8,0.8,name_postcode_area,2026-08-11,0
05640248,1,1,1,0.9,0.9,name_postcode,2026-08-11,0
05644115,1,2,4,0.9,0.9,name_postcode,2026-08-11,0
05648705,1,1,1,0.9,0.9,name_postcode,2026-08-11,0
05652322,1,1,2,0.9,0.9,name_postcode,2026-08-11,0
05653191,1,1,1,0.9,0.9,name_postcode,2026-08-11,0
05653541,1,1,1,0.9,0.9,name_postcode,2026-08-11,0
05654040,1,1,4,0.9,0.9,name_postcode,2026-08-11,0
05654119,1,1,3,0.9,0.9,name_postcode,2026-08-11,0
05655711,1,2,5,0.9,0.9,name_postcode,2026-08-11,0
05656507,1,1,4,0.9,0.9,name_postcode,2026-08-11,0
05656761,1,1,1,0.9,0.9,name_postcode,2026-08-11,0
05673063,1,1,1,0.9,0.9,name_postcode,2026-08-11,0
05674848,1,1,0,0.9,0.9,name_postcode,2026-08-11,0
05675333,1,1,1,0.9,0.9,name_postcode,2026-08-11,0
05675974,1,2,4,0.9,0.9,name_postcode,2026-08-11,0
05676785,1,1,5,0.9,0.9,name_postcode,2026-08-11,0
05679302,1,1,1,0.9,0.9,name_postcode,2026-08-11,0
05690700,1,1,1,0.8,0.8,name_postcode_area,2026-08-11,0
05691440,1,1,1,0.8,0.8,name_postcode_area,2026-08-11,0
05691629,1,1,2,0.9,0.9,name_postcode,2026-08-11,0
05693466,1,1,1,0.9,0.9,name_postcode,2026-08-11,0
05696673,1,1,8,0.9,0.9,name_postcode,2026-08-11,0
05697200,1,1,1,0.9,0.9,name_postcode,2026-08-11,0
05697423,1,1,3,0.8,0.8,name_postcode_area,2026-08-11,0
05699842,1,1,2,0.9,0.9,name_postcode,2026-08-11,0
05701576,1,1,1,0.9,0.9,name_postcode,2026-08-11,0
05706371,1,1,2,0.8,0.8,name_postcode_area,2026-08-11,0
05709148,1,1,3,0.9,0.9,name_postcode,2026-08-11,0
05709304,1,1,1,0.9,0.9,name_postcode,2026-08-11,0
05710461,1,1,0,0.8,0.8,name_postcode_area,2026-08-11,0
05712796,1,2,8,0.9,0.9,name_postcode,2026-08-11,0
05717554,1,2,16,0.9,0.9,name_postcode,2026-08-11,0
05719837,1,1,1,0.9,0.9,name_postcode,2026-08-11,0
05723829,1,1,1,0.9,0.9,name_postcode,2026-08-11,0
05724766,1,1,4,0.9,0.9,name_postcode,2026-08-11,0
05733889,1,1,1,0.9,0.9,name_postcode,2026-08-11,0
05735040,1,1,4,0.9,0.9,name_postcode,2026-08-11,0
05738517,1,1,0,0.8,0.8,name_postcode_area,2026-08-11,0
05738867,1,1,5,0.9,0.9,name_postcode,2026-08-11,0
05743780,1,1,9,0.9,0.9,name_postcode,2026-08-11,0
05746385,1,1,2,0.9,0.9,name_postcode,2026-08-11,0
05746732,1,1,1,0.9,0.9,name_postcode,2026-08-11,0
05748164,1,1,1,0.9,0.9,name_postcode,2026-08-11,0
05750083,1,1,5,0.9,0.9,name_postcode,2026-08-11,0
05751473,1,1,4,0.9,0.9,name_postcode,2026-08-11,0
05753433,1,1,1,0.9,0.9,name_postcode,2026-08-11,0
05754478,1,1,3,0.9,0.9,name_postcode,2026-08-11,0
05756346,1,1,1,0.8,0.8,name_postcode_area,2026-08-11,0
05758693,1,1,1,0.9,0.9,name_postcode,2026-08-11,0
05758709,1,1,1,0.9,0.9,name_postcode,2026-08-11,0
05760570,1,1,1,0.9,0.9,name_postcode,2026-08-11,0
05766973,1,2,11,0.9,0.9,name_postcode,2026-08-11,0
05768279,1,1,3,0.9,0.9,name_postcode,2026-08-11,0
05770395,1,1,1,0.9,0.9,name_postcode,2026-08-11,0
05771490,1,1,1,0.8,0.8,name_postcode_area,2026-08-11,0
05772975,1,1,6,0.9,0.9,name_postcode,2026-08-11,0
05775288,1,1,1,0.8,0.8,name_postcode_area,2026-08-11,0
05779844,1,1,1,0.9,0.9,name_postcode,2026-08-11,0
05780057,1,1,1,0.9,0.9,name_postcode,2026-08-11,0
05782669,1,1,1,0.9,0.9,name_postcode,2026-08-11,0
05783558,1,2,3,0.9,0.9,name_postcode,2026-08-11,0
05783983,1,1,9,0.9,0.9,name_postcode,2026-08-11,0
05793772,1,2,4,0.9,0.9,name_postcode,2026-08-11,0
05794136,1,1,2,0.9,0.9,name_postcode,2026-08-11,0
05796323,1,1,4,0.9,0.9,name_postcode,2026-08-11,0
05798215,1,1,2,0.9,0.9,name_postcode,2026-08-11,0
05798594,1,1,1,0.9,0.9,name_postcode,2026-08-11,0
05803359,1,2,5,0.9,0.9,name_postcode,2026-08-11,0
05803414,1,1,1,0.9,0.9,name_postcode,2026-08-11,0
05804115,1,1,0,0.9,0.9,name_postcode,2026-08-11,0
05805467,1,1,1,0.9,0.9,name_postcode,2026-08-11,0
05807139,1,1,4,0.9,0.9,name_postcode,2026-08-11,0
05807625,1,1,2,0.9,0.9,name_postcode,2026-08-11,0
05809403,1,1,1,0.9,0.9,name_postcode,2026-08-11,0
05812700,1,1,3,0.9,0.9,name_postcode,2026-08-11,0
05813538,1,1,1,0.9,0.9,name_postcode,2026-08-11,0
05814335,1,2,4,0.9,0.9,name_postcode,2026-08-11,0
05819778,1,1,2,0.8,0.8,name_postcode_area,2026-08-11,0
05820711,1,1,1,0.9,0.9,name_postcode,2026-08-11,0
05823130,1,1,3,0.9,0.9,name_postcode,2026-08-11,0
05823408,1,2,1,0.9,0.9,name_postcode,2026-08-11,0
05834265,1,1,2,0.9,0.9,name_postcode,2026-08-11,0
05837417,1,1,3,0.9,0.9,name_postcode,2026-08-11,0
05837744,1,1,1,0.8,0.8,name_postcode_area,2026-08-11,0
05841147,1,1,3,0.9,0.9,name_postcode,2026-08-11,0
05842108,1,1,1,0.9,0.9,name_postcode,2026-08-11,0
05844176,1,1,1,0.9,0.9,name_postcode,2026-08-11,0
05844549,1,1,1,0.9,0.9,name_postcode,2026-08-11,0
05850389,1,3,3,0.9,0.9,name_postcode,2026-08-11,0
05857338,1,1,1,0.9,0.9,name_postcode,2026-08-11,0
05857555,1,1,1,0.9,0.9,name_postcode,2026-08-11,0
05858653,1,2,9,0.9,0.9,name_postcode,2026-08-11,0
05865757,1,1,6,0.9,0.9,name_postcode,2026-08-11,0
05866320,1,1,3,0.9,0.9,name_postcode,2026-08-11,0
05868490,1,1,1,0.8,0.8,name_postcode_area,2026-08-11,0
05870378,1,1,0,0.9,0.9,name_postcode,2026-08-11,0
05872092,1,1,4,0.9,0.9,name_postcode,2026-08-11,0
05874405,1,1,8,0.9,0.9,name_postcode,2026-08-11,0
05874602,1,1,2,0.9,0.9,name_postcode,2026-08-11,0
05875146,1,1,1,0.9,0.9,name_postcode,2026-08-11,0
05876561,1,1,1,0.9,0.9,name_postcode,2026-08-11,0
05876606,1,1,1,0.9,0.9,name_postcode,2026-08-11,0
05878200,1,2,24,0.9,0.9,name_postcode,2026-08-11,0
05885234,1,1,3,0.9,0.9,name_postcode,2026-08-11,0
05887440,1,2,6,0.9,0.8,name_postcode|name_postcode_area,2026-08-11,0
05890426,1,1,1,0.9,0.9,name_postcode,2026-08-11,0
05897161,1,1,1,0.9,0.9,name_postcode,2026-08-11,0
05898535,1,1,1,0.9,0.9,name_postcode,2026-08-11,0
05900659,1,1,7,0.9,0.9,name_postcode,2026-08-11,0
05901256,1,2,1,0.8,0.8,name_postcode_area,2026-08-11,0
05907330,1,1,3,0.9,0.9,name_postcode,2026-08-11,0
05914312,1,1,1,0.9,0.9,name_postcode,2026-08-11,0
05920655,1,1,1,0.9,0.9,name_postcode,2026-08-11,0
05921027,1,1,1,0.9,0.9,name_postcode,2026-08-11,0
05921297,1,1,1,0.9,0.9,name_postcode,2026-08-11,0
05921781,1,1,0,0.9,0.9,name_postcode,2026-08-11,0
05924109,1,1,2,0.9,0.9,name_postcode,2026-08-11,0
05927776,1,1,1,0.9,0.9,name_postcode,2026-08-11,0
05928034,1,1,1,0.9,0.9,name_postcode,2026-08-11,0
05930939,1,1,6,0.9,0.9,name_postcode,2026-08-11,0
05931356,1,1,2,0.9,0.9,name_postcode,2026-08-11,0
05932945,1,1,1,0.9,0.9,name_postcode,2026-08-11,0
05933013,1,2,4,0.9,0.9,name_postcode,2026-08-11,0
05933463,1,1,1,0.8,0.8,name_postcode_area,2026-08-11,0
05948110,1,1,0,0.8,0.8,name_postcode_area,2026-08-11,0
05949301,1,1,2,0.9,0.9,name_postcode,2026-08-11,0
05951096,1,1,1,0.9,0.9,name_postcode,2026-08-11,0
05951118,1,1,1,0.9,0.9,name_postcode,2026-08-11,0
05959476,1,1,1,0.9,0.9,name_postcode,2026-08-11,0
05959911,1,1,0,0.9,0.9,name_postcode,2026-08-11,0
05963126,1,1,1,0.9,0.9,name_postcode,2026-08-11,0
05965116,1,1,6,0.9,0.9,name_postcode,2026-08-11,0
05966686,1,1,1,0.9,0.9,name_postcode,2026-08-11,0
05967399,1,2,10,0.9,0.8,name_postcode|name_postcode_area,2026-08-11,0
05970354,1,1,3,0.8,0.8,name_postcode_area,2026-08-11,0
05971215,1,1,1,0.8,0.8,name_postcode_area,2026-08-11,0
05973439,1,1,3,0.9,0.9,name_postcode,2026-08-11,0
05974331,1,2,4,0.9,0.8,name_postcode|name_postcode_area,2026-08-11,0
05975223,1,1,1,0.9,0.9,name_postcode,2026-08-11,0
05979656,1,1,1,0.9,0.9,name_postcode,2026-08-11,0
05991412,1,2,19,0.9,0.9,name_postcode,2026-08-11,0
05993686,1,2,8,0.9,0.9,name_postcode,2026-08-11,0
05994730,1,1,1,0.9,0.9,name_postcode,2026-08-11,0
05995212,1,2,8,0.9,0.9,name_postcode,2026-08-11,0
05995928,1,1,1,0.9,0.9,name_postcode,2026-08-11,0
05997411,1,1,1,0.9,0.9,name_postcode,2026-08-11,0
05998327,1,1,1,0.9,0.9,name_postcode,2026-08-11,0
06002709,1,1,1,0.9,0.9,name_postcode,2026-08-11,0
06005208,1,1,1,0.9,0.9,name_postcode,2026-08-11,0
06007882,1,1,1,0.9,0.9,name_postcode,2026-08-11,0
06008748,1,1,1,0.8,0.8,name_postcode_area,2026-08-11,0
06011279,1,1,1,0.8,0.8,name_postcode_area,2026-08-11,0
06011326,1,1,2,0.9,0.9,name_postcode,2026-08-11,0
06012630,1,1,3,0.9,0.9,name_postcode,2026-08-11,0
06015967,1,1,1,0.9,0.9,name_postcode,2026-08-11,0
06016832,1,1,5,0.8,0.8,name_postcode_area,2026-08-11,0
06016945,1,1,2,0.9,0.9,name_postcode,2026-08-11,0
06023501,1,1,1,0.9,0.9,name_postcode,2026-08-11,0
06027211,1,1,1,0.9,0.9,name_postcode,2026-08-11,0
06032617,1,1,0,0.8,0.8,name_postcode_area,2026-08-11,0
06032675,1,1,5,0.8,0.8,name_postcode_area,2026-08-11,0
06034618,1,1,1,0.9,0.9,name_postcode,2026-08-11,0
06035604,1,1,3,0.9,0.9,name_postcode,2026-08-11,0
06036364,1,1,2,0.9,0.9,name_postcode,2026-08-11,0
06039354,1,1,3,0.9,0.9,name_postcode,2026-08-11,0
06040804,1,1,1,0.9,0.9,name_postcode,2026-08-11,0
06045956,1,1,0,0.9,0.9,name_postcode,2026-08-11,0
06053756,1,1,2,0.9,0.9,name_postcode,2026-08-11,0
06056562,1,1,1,0.9,0.9,name_postcode,2026-08-11,0
06059201,1,1,2,0.9,0.9,name_postcode,2026-08-11,0
06071636,1,1,1,0.9,0.9,name_postcode,2026-08-11,0
06081468,1,1,3,0.9,0.9,name_postcode,2026-08-11,0
06082371,1,1,1,0.9,0.9,name_postcode,2026-08-11,0
06082623,1,1,0,0.9,0.9,name_postcode,2026-08-11,0
06087105,1,1,1,0.9,0.9,name_postcode,2026-08-11,0
06089258,1,1,1,0.9,0.9,name_postcode,2026-08-11,0
06093059,1,1,1,0.9,0.9,name_postcode,2026-08-11,0
06108621,1,1,4,0.9,0.9,name_postcode,2026-08-11,0
06116408,1,1,1,0.9,0.9,name_postcode,2026-08-11,0
06118955,1,1,1,0.9,0.9,name_postcode,2026-08-11,0
06124750,1,1,5,0.9,0.9,name_postcode,2026-08-11,0
06127874,1,1,2,0.9,0.9,name_postcode,2026-08-11,0
06130240,1,2,12,0.9,0.8,name_postcode|name_postcode_area,2026-08-11,0
06131032,1,1,1,0.9,0.9,name_postcode,2026-08-11,0
06131890,1,1,1,0.9,0.9,name_postcode,2026-08-11,0
06133161,1,2,2,0.9,0.9,name_postcode,2026-08-11,0
06133243,1,1,2,0.9,0.9,name_postcode,2026-08-11,0
06136155,1,1,1,0.9,0.9,name_postcode,2026-08-11,0
06136548,1,1,1,0.9,0.9,name_postcode,2026-08-11,0
06138291,1,1,1,0.8,0.8,name_postcode_area,2026-08-11,0
06142227,1,1,1,0.9,0.9,name_postcode,2026-08-11,0
06150651,1,1,3,0.9,0.9,name_postcode,2026-08-11,0
06159772,1,1,1,0.9,0.9,name_postcode,2026-08-11,0
06160534,1,1,7,0.9,0.9,name_postcode,2026-08-11,0
06161561,1,1,1,0.9,0.9,name_postcode,2026-08-11,0
06169887,1,1,1,0.9,0.9,name_postcode,2026-08-11,0
06173129,1,1,4,0.8,0.8,name_postcode_area,2026-08-11,0
06174067,1,1,1,0.8,0.8,name_postcode_area,2026-08-11,0
06176270,1,1,1,0.9,0.9,name_postcode,2026-08-11,0
06176878,1,1,3,0.8,0.8,name_postcode_area,2026-08-11,0
06177332,1,1,1,0.9,0.9,name_postcode,2026-08-11,0
06178269,1,1,1,0.9,0.9,name_postcode,2026-08-11,0
06181152,1,1,1,0.9,0.9,name_postcode,2026-08-11,0
06194523,1,1,1,0.9,0.9,name_postcode,2026-08-11,0
06195500,1,1,1,0.8,0.8,name_postcode_area,2026-08-11,0
06200615,1,1,2,0.9,0.9,name_postcode,2026-08-11,0
06205124,1,1,1,0.9,0.9,name_postcode,2026-08-11,0
06206877,1,1,1,0.9,0.9,name_postcode,2026-08-11,0
06208660,1,1,2,0.9,0.9,name_postcode,2026-08-11,0
06210991,1,1,2,0.9,0.9,name_postcode,2026-08-11,0
06213052,1,1,1,0.9,0.9,name_postcode,2026-08-11,0
06213408,1,2,1,0.9,0.9,name_postcode,2026-08-11,0
06213888,1,1,2,0.9,0.9,name_postcode,2026-08-11,0
06217134,1,2,9,0.8,0.8,name_postcode_area,2026-08-11,0
06223669,1,1,1,0.8,0.8,name_postcode_area,2026-08-11,0
06227698,1,1,3,0.8,0.8,name_postcode_area,2026-08-11,0
06228208,1,1,1,0.9,0.9,name_postcode,2026-08-11,0
06229555,1,1,0,0.9,0.9,name_postcode,2026-08-11,0
06233174,1,1,1,0.9,0.9,name_postcode,2026-08-11,0
06241009,1,1,0,0.9,0.9,name_postcode,2026-08-11,0
06241556,1,1,2,0.8,0.8,name_postcode_area,2026-08-11,0
06248802,1,1,1,0.8,0.8,name_postcode_area,2026-08-11,0
06255813,1,1,1,0.9,0.9,name_postcode,2026-08-11,0
06256698,1,1,17,0.9,0.9,name_postcode,2026-08-11,0
06264798,1,1,4,0.9,0.9,name_postcode,2026-08-11,0
06270723,1,2,7,0.9,0.9,name_postcode,2026-08-11,0
06270871,1,1,2,0.9,0.9,name_postcode,2026-08-11,0
06270876,1,1,1,0.9,0.9,name_postcode,2026-08-11,0
06273275,1,1,1,0.9,0.9,name_postcode,2026-08-11,0
06273936,1,1,1,0.9,0.9,name_postcode,2026-08-11,0
06274284,1,1,4,0.9,0.9,name_postcode,2026-08-11,0
06274384,1,1,25,0.9,0.9,name_postcode,2026-08-11,0
06275115,1,1,3,0.8,0.8,name_postcode_area,2026-08-11,0
06278389,1,1,3,0.9,0.9,name_postcode,2026-08-11,0
06279987,1,1,1,0.9,0.9,name_postcode,2026-08-11,0
06290634,1,1,3,0.8,0.8,name_postcode_area,2026-08-11,0
06290676,1,1,1,0.9,0.9,name_postcode,2026-08-11,0
06293651,1,2,7,0.9,0.9,name_postcode,2026-08-11,0
06295974,1,1,1,0.9,0.9,name_postcode,2026-08-11,0
06296693,1,1,4,0.9,0.9,name_postcode,2026-08-11,0
06296861,1,1,1,0.8,0.8,name_postcode_area,2026-08-11,0
06299699,1,1,1,0.8,0.8,name_postcode_area,2026-08-11,0
06300637,1,1,6,0.9,0.9,name_postcode,2026-08-11,0
06300883,1,2,5,0.9,0.9,name_postcode,2026-08-11,0
06301775,1,1,1,0.9,0.9,name_postcode,2026-08-11,0
06303024,1,1,1,0.9,0.9,name_postcode,2026-08-11,0
06304051,1,1,2,0.9,0.9,name_postcode,2026-08-11,0
06305461,1,1,1,0.9,0.9,name_postcode,2026-08-11,0
06309397,1,1,1,0.9,0.9,name_postcode,2026-08-11,0
06310639,1,1,1,0.8,0.8,name_postcode_area,2026-08-11,0
06311313,1,1,1,0.9,0.9,name_postcode,2026-08-11,0
06313966,1,1,1,0.8,0.8,name_postcode_area,2026-08-11,0
06314250,1,1,1,0.9,0.9,name_postcode,2026-08-11,0
06314301,1,1,1,0.9,0.9,name_postcode,2026-08-11,0
06316496,1,1,2,0.9,0.9,name_postcode,2026-08-11,0
06321900,1,2,2,0.9,0.9,name_postcode,2026-08-11,0
06323660,1,2,2,0.9,0.9,name_postcode,2026-08-11,0
06324385,1,1,1,0.9,0.9,name_postcode,2026-08-11,0
06324769,1,1,1,0.9,0.9,name_postcode,2026-08-11,0
06326685,1,1,1,0.9,0.9,name_postcode,2026-08-11,0
06328315,1,1,2,0.9,0.9,name_postcode,2026-08-11,0
06335137,1,1,3,0.9,0.9,name_postcode,2026-08-11,0
06337870,1,1,1,0.9,0.9,name_postcode,2026-08-11,0
06338847,1,1,22,0.9,0.9,name_postcode,2026-08-11,0
06340261,1,1,2,0.9,0.9,name_postcode,2026-08-11,0
06341612,1,1,1,0.8,0.8,name_postcode_area,2026-08-11,0
06347879,1,2,1,0.9,0.9,name_postcode,2026-08-11,0
06348505,1,1,5,0.9,0.9,name_postcode,2026-08-11,0
06349554,1,1,1,0.9,0.9,name_postcode,2026-08-11,0
06349819,1,1,1,0.9,0.9,name_postcode,2026-08-11,0
06352633,1,1,1,0.9,0.9,name_postcode,2026-08-11,0
06356310,1,1,9,0.9,0.9,name_postcode,2026-08-11,0
06358032,1,2,2,0.9,0.9,name_postcode,2026-08-11,0
06372846,1,1,1,0.9,0.9,name_postcode,2026-08-11,0
06376468,1,1,2,0.9,0.9,name_postcode,2026-08-11,0
06377295,1,1,1,0.9,0.9,name_postcode,2026-08-11,0
06378829,1,1,0,0.9,0.9,name_postcode,2026-08-11,0
06379498,1,1,3,0.9,0.9,name_postcode,2026-08-11,0
06380256,1,1,1,0.9,0.9,name_postcode,2026-08-11,0
06380815,1,1,5,0.9,0.9,name_postcode,2026-08-11,0
06381105,1,1,1,0.8,0.8,name_postcode_area,2026-08-11,0
06387218,1,1,1,0.8,0.8,name_postcode_area,2026-08-11,0
06389615,1,1,2,0.8,0.8,name_postcode_area,2026-08-11,0
06390368,1,1,0,0.9,0.9,name_postcode,2026-08-11,0
06393416,1,1,1,0.9,0.9,name_postcode,2026-08-11,0
06395209,1,1,3,0.9,0.9,name_postcode,2026-08-11,0
06396272,1,1,1,0.9,0.9,name_postcode,2026-08-11,0
06397669,1,1,3,0.8,0.8,name_postcode_area,2026-08-11,0
06399083,1,2,3,0.9,0.8,name_postcode|name_postcode_area,2026-08-11,0
06399500,1,1,2,0.9,0.9,name_postcode,2026-08-11,0
06401337,1,1,2,0.9,0.9,name_postcode,2026-08-11,0
06401897,1,1,3,0.8,0.8,name_postcode_area,2026-08-11,0
06403722,1,1,0,0.9,0.9,name_postcode,2026-08-11,0
06403726,1,1,1,0.9,0.9,name_postcode,2026-08-11,0
06404274,1,1,1,0.9,0.9,name_postcode,2026-08-11,0
06405339,1,2,9,0.9,0.9,name_postcode,2026-08-11,0
06407100,1,2,5,0.9,0.8,name_postcode|name_postcode_area,2026-08-11,0
06408803,1,1,1,0.9,0.9,name_postcode,2026-08-11,0
06409298,1,1,6,0.9,0.9,name_postcode,2026-08-11,0
06413101,1,1,3,0.9,0.9,name_postcode,2026-08-11,0
06414292,1,2,3,0.9,0.9,name_postcode,2026-08-11,0
06421947,1,1,1,0.9,0.9,name_postcode,2026-08-11,0
06422158,1,1,6,0.9,0.9,name_postcode,2026-08-11,0
06425117,1,1,5,0.9,0.9,name_postcode,2026-08-11,0
06426697,1,1,1,0.9,0.9,name_postcode,2026-08-11,0
06427019,1,1,2,0.9,0.9,name_postcode,2026-08-11,0
06427193,1,1,1,0.9,0.9,name_postcode,2026-08-11,0
06427290,1,2,17,0.9,0.9,name_postcode,2026-08-11,0
06428284,1,1,3,0.9,0.9,name_postcode,2026-08-11,0
06430772,1,1,1,0.9,0.9,name_postcode,2026-08-11,0
06431903,1,1,0,0.9,0.9,name_postcode,2026-08-11,0
06433234,1,1,2,0.9,0.9,name_postcode,2026-08-11,0
06433303,1,2,4,0.9,0.9,name_postcode,2026-08-11,0
06434122,1,1,2,0.9,0.9,name_postcode,2026-08-11,0
06438450,1,1,1,0.9,0.9,name_postcode,2026-08-11,0
06438716,1,1,5,0.9,0.9,name_postcode,2026-08-11,0
06440312,1,1,2,0.9,0.9,name_postcode,2026-08-11,0
06446851,1,1,1,0.9,0.9,name_postcode,2026-08-11,0
06447647,1,1,1,0.9,0.9,name_postcode,2026-08-11,0
06449040,1,1,0,0.9,0.9,name_postcode,2026-08-11,0
06449814,1,1,0,0.9,0.9,name_postcode,2026-08-11,0
06450167,1,1,5,0.9,0.9,name_postcode,2026-08-11,0
06450324,1,1,2,0.9,0.9,name_postcode,2026-08-11,0
06454561,1,1,1,0.9,0.9,name_postcode,2026-08-11,0
06454844,1,1,2,0.9,0.9,name_postcode,2026-08-11,0
06455453,1,1,1,0.9,0.9,name_postcode,2026-08-11,0
06456207,1,1,18,0.9,0.9,name_postcode,2026-08-11,0
06458647,1,1,4,0.9,0.9,name_postcode,2026-08-11,0
06460666,1,1,1,0.9,0.9,name_postcode,2026-08-11,0
06460807,1,2,5,0.9,0.8,name_postcode|name_postcode_area,2026-08-11,0
06465874,1,1,1,0.9,0.9,name_postcode,2026-08-11,0
06470504,1,1,1,0.8,0.8,name_postcode_area,2026-08-11,0
06471166,1,1,2,0.9,0.9,name_postcode,2026-08-11,0
06472901,1,1,1,0.8,0.8,name_postcode_area,2026-08-11,0
06473223,1,1,2,0.8,0.8,name_postcode_area,2026-08-11,0
06474938,1,1,1,0.9,0.9,name_postcode,2026-08-11,0
06475379,1,1,3,0.9,0.9,name_postcode,2026-08-11,0
06477691,1,1,31,0.9,0.9,name_postcode,2026-08-11,0
06480384,1,1,1,0.9,0.9,name_postcode,2026-08-11,0
06480524,1,2,11,0.9,0.9,name_postcode,2026-08-11,0
06481401,1,1,1,0.9,0.9,name_postcode,2026-08-11,0
06485137,1,1,1,0.9,0.9,name_postcode,2026-08-11,0
06485797,1,1,1,0.9,0.9,name_postcode,2026-08-11,0
06487343,1,1,1,0.9,0.9,name_postcode,2026-08-11,0
06489519,1,1,3,0.9,0.9,name_postcode,2026-08-11,0
06491361,1,1,1,0.9,0.9,name_postcode,2026-08-11,0
06494718,1,1,2,0.9,0.9,name_postcode,2026-08-11,0
06497726,1,1,10,0.9,0.9,name_postcode,2026-08-11,0
06499382,1,1,1,0.9,0.9,name_postcode,2026-08-11,0
06499488,1,1,1,0.8,0.8,name_postcode_area,2026-08-11,0
06500709,1,1,3,0.9,0.9,name_postcode,2026-08-11,0
06501843,1,1,1,0.9,0.9,name_postcode,2026-08-11,0
06501929,1,1,2,0.8,0.8,name_postcode_area,2026-08-11,0
06502186,1,1,1,0.9,0.9,name_postcode,2026-08-11,0
06502614,1,1,1,0.9,0.9,name_postcode,2026-08-11,0
06503518,1,1,0,0.9,0.9,name_postcode,2026-08-11,0
06504408,1,1,1,0.9,0.9,name_postcode,2026-08-11,0
06505232,1,1,1,0.9,0.9,name_postcode,2026-08-11,0
06509008,1,1,1,0.9,0.9,name_postcode,2026-08-11,0
06510023,1,1,1,0.9,0.9,name_postcode,2026-08-11,0
06510748,1,1,1,0.9,0.9,name_postcode,2026-08-11,0
06516105,1,2,4,0.9,0.9,name_postcode,2026-08-11,0
06517331,1,1,1,0.9,0.9,name_postcode,2026-08-11,0
06517382,1,1,1,0.9,0.9,name_postcode,2026-08-11,0
06517696,1,2,31,0.9,0.8,name_postcode|name_postcode_area,2026-08-11,0
06517726,1,2,3,0.9,0.9,name_postcode,2026-08-11,0
06518118,1,1,1,0.9,0.9,name_postcode,2026-08-11,0
06522383,1,1,2,0.9,0.9,name_postcode,2026-08-11,0
06525648,1,1,1,0.9,0.9,name_postcode,2026-08-11,0
06526912,1,2,2,0.9,0.9,name_postcode,2026-08-11,0
06527181,1,1,0,0.9,0.9,name_postcode,2026-08-11,0
06527890,1,1,1,0.9,0.9,name_postcode,2026-08-11,0
06528765,1,1,6,0.9,0.9,name_postcode,2026-08-11,0
06528820,1,2,3,0.9,0.9,name_postcode,2026-08-11,0
06529935,1,1,1,0.9,0.9,name_postcode,2026-08-11,0
06534124,1,1,1,0.9,0.9,name_postcode,2026-08-11,0
06535955,1,1,2,0.9,0.9,name_postcode,2026-08-11,0
06538791,1,1,1,0.9,0.9,name_postcode,2026-08-11,0
06543213,1,1,3,0.8,0.8,name_postcode_area,2026-08-11,0
06544953,1,1,13,0.8,0.8,name_postcode_area,2026-08-11,0
06545637,1,1,2,0.9,0.9,name_postcode,2026-08-11,0
06545646,1,1,12,0.9,0.9,name_postcode,2026-08-11,0
06545810,1,1,5,0.9,0.9,name_postcode,2026-08-11,0
06547099,1,1,1,0.9,0.9,name_postcode,2026-08-11,0
06549551,1,1,1,0.9,0.9,name_postcode,2026-08-11,0
06550714,1,1,1,0.9,0.9,name_postcode,2026-08-11,0
06551088,1,1,5,0.9,0.9,name_postcode,2026-08-11,0
06553923,1,1,3,0.9,0.9,name_postcode,2026-08-11,0
06555760,1,1,3,0.9,0.9,name_postcode,2026-08-11,0
06556628,1,1,1,0.9,0.9,name_postcode,2026-08-11,0
06559020,1,6,79,0.9,0.9,name_postcode,2026-08-11,0
06561132,1,1,0,0.9,0.9,name_postcode,2026-08-11,0
06561294,1,1,1,0.9,0.9,name_postcode,2026-08-11,0
06562627,1,1,1,0.9,0.9,name_postcode,2026-08-11,0
06563546,1,2,2,0.9,0.9,name_postcode,2026-08-11,0
06564402,1,1,1,0.9,0.9,name_postcode,2026-08-11,0
06569569,1,2,3,0.9,0.9,name_postcode,2026-08-11,0
06574342,1,1,1,0.9,0.9,name_postcode,2026-08-11,0
06575305,1,1,1,0.9,0.9,name_postcode,2026-08-11,0
06575468,1,1,1,0.9,0.9,name_postcode,2026-08-11,0
06576069,1,2,2,0.9,0.8,name_postcode|name_postcode_area,2026-08-11,0
06576532,1,1,1,0.9,0.9,name_postcode,2026-08-11,0
06585098,1,1,0,0.9,0.9,name_postcode,2026-08-11,0
06585543,1,2,3,0.9,0.9,name_postcode,2026-08-11,0
06587107,1,1,1,0.9,0.9,name_postcode,2026-08-11,0
06590993,1,1,2,0.8,0.8,name_postcode_area,2026-08-11,0
06592137,1,1,1,0.9,0.9,name_postcode,2026-08-11,0
06592213,1,1,1,0.9,0.9,name_postcode,2026-08-11,0
06593319,1,1,1,0.9,0.9,name_postcode,2026-08-11,0
06595567,1,1,2,0.9,0.9,name_postcode,2026-08-11,0
06601242,1,1,1,0.9,0.9,name_postcode,2026-08-11,0
06605305,1,1,0,0.9,0.9,name_postcode,2026-08-11,0
06606284,1,2,4,0.9,0.8,name_postcode|name_postcode_area,2026-08-11,0
06606448,1,1,9,0.9,0.9,name_postcode,2026-08-11,0
06606823,1,1,1,0.9,0.9,name_postcode,2026-08-11,0
06608123,1,1,1,0.9,0.9,name_postcode,2026-08-11,0
06610843,1,1,1,0.9,0.9,name_postcode,2026-08-11,0
06611950,1,1,4,0.9,0.9,name_postcode,2026-08-11,0
06614978,1,1,5,0.9,0.9,name_postcode,2026-08-11,0
06617462,1,1,1,0.9,0.9,name_postcode,2026-08-11,0
06622104,1,1,1,0.9,0.9,name_postcode,2026-08-11,0
06624101,1,1,7,0.9,0.9,name_postcode,2026-08-11,0
06624576,1,2,5,0.9,0.9,name_postcode,2026-08-11,0
06628075,1,2,2,0.9,0.9,name_postcode,2026-08-11,0
06628206,1,1,1,0.9,0.9,name_postcode,2026-08-11,0
06630421,1,1,1,0.9,0.9,name_postcode,2026-08-11,0
06632290,1,1,0,0.9,0.9,name_postcode,2026-08-11,0
06634313,1,1,1,0.9,0.9,name_postcode,2026-08-11,0
06635265,1,1,1,0.9,0.9,name_postcode,2026-08-11,0
06636960,1,1,0,0.9,0.9,name_postcode,2026-08-11,0
06638742,1,1,1,0.9,0.9,name_postcode,2026-08-11,0
06638793,1,1,1,0.9,0.9,name_postcode,2026-08-11,0
06641089,1,1,17,0.9,0.9,name_postcode,2026-08-11,0
06644346,1,1,1,0.8,0.8,name_postcode_area,2026-08-11,0
06647860,1,1,10,0.9,0.9,name_postcode,2026-08-11,0
06649982,1,1,6,0.9,0.9,name_postcode,2026-08-11,0
06652152,1,1,3,0.9,0.9,name_postcode,2026-08-11,0
06654849,1,1,2,0.9,0.9,name_postcode,2026-08-11,0
06657145,1,1,3,0.8,0.8,name_postcode_area,2026-08-11,0
06657283,1,1,1,0.9,0.9,name_postcode,2026-08-11,0
06660102,1,1,1,0.9,0.9,name_postcode,2026-08-11,0
06661279,1,1,2,0.9,0.9,name_postcode,2026-08-11,0
06662635,1,1,1,0.8,0.8,name_postcode_area,2026-08-11,0
06666923,1,1,0,0.9,0.9,name_postcode,2026-08-11,0
06666977,1,1,1,0.9,0.9,name_postcode,2026-08-11,0
06669123,1,2,9,0.9,0.8,name_postcode|name_postcode_area,2026-08-11,0
06670922,1,1,2,0.9,0.9,name_postcode,2026-08-11,0
06674088,1,1,1,0.9,0.9,name_postcode,2026-08-11,0
06677527,1,2,4,0.9,0.9,name_postcode,2026-08-11,0
06677886,1,1,1,0.8,0.8,name_postcode_area,2026-08-11,0
06679897,1,1,1,0.8,0.8,name_postcode_area,2026-08-11,0
06683926,1,2,11,0.9,0.8,name_postcode|name_postcode_area,2026-08-11,0
06684275,1,1,1,0.9,0.9,name_postcode,2026-08-11,0
06686436,1,1,1,0.8,0.8,name_postcode_area,2026-08-11,0
06689064,1,1,1,0.9,0.9,name_postcode,2026-08-11,0
06690289,1,1,1,0.9,0.9,name_postcode,2026-08-11,0
06692101,1,1,1,0.9,0.9,name_postcode,2026-08-11,0
06695717,1,1,1,0.8,0.8,name_postcode_area,2026-08-11,0
06697136,1,1,1,0.9,0.9,name_postcode,2026-08-11,0
06699620,1,1,0,0.9,0.9,name_postcode,2026-08-11,0
06702156,1,2,4,0.9,0.9,name_postcode,2026-08-11,0
06706042,1,1,1,0.9,0.9,name_postcode,2026-08-11,0
06707027,1,1,1,0.9,0.9,name_postcode,2026-08-11,0
06707372,1,1,1,0.9,0.9,name_postcode,2026-08-11,0
06710137,1,1,4,0.9,0.9,name_postcode,2026-08-11,0
06712136,1,1,1,0.9,0.9,name_postcode,2026-08-11,0
06714060,1,1,7,0.9,0.9,name_postcode,2026-08-11,0
06714461,1,1,2,0.9,0.9,name_postcode,2026-08-11,0
06715106,1,2,2,0.8,0.8,name_postcode_area,2026-08-11,0
06715682,1,1,1,0.8,0.8,name_postcode_area,2026-08-11,0
06719985,1,1,1,0.9,0.9,name_postcode,2026-08-11,0
06720191,1,1,1,0.8,0.8,name_postcode_area,2026-08-11,0
06725481,1,1,1,0.9,0.9,name_postcode,2026-08-11,0
06725643,1,1,2,0.9,0.9,name_postcode,2026-08-11,0
06726214,1,1,1,0.9,0.9,name_postcode,2026-08-11,0
06727643,1,1,1,0.9,0.9,name_postcode,2026-08-11,0
06728632,1,1,2,0.9,0.9,name_postcode,2026-08-11,0
06733145,1,1,1,0.9,0.9,name_postcode,2026-08-11,0
06734715,1,1,1,0.9,0.9,name_postcode,2026-08-11,0
06735542,1,2,4,0.9,0.9,name_postcode,2026-08-11,0
06740139,1,1,1,0.8,0.8,name_postcode_area,2026-08-11,0
06744723,1,1,1,0.9,0.9,name_postcode,2026-08-11,0
06745604,1,1,1,0.9,0.9,name_postcode,2026-08-11,0
06746916,1,1,1,0.9,0.9,name_postcode,2026-08-11,0
06747884,1,2,3,0.9,0.9,name_postcode,2026-08-11,0
06748654,1,1,3,0.9,0.9,name_postcode,2026-08-11,0
06750428,1,1,1,0.8,0.8,name_postcode_area,2026-08-11,0
06750628,1,1,0,0.9,0.9,name_postcode,2026-08-11,0
06751542,1,1,4,0.9,0.9,name_postcode,2026-08-11,0
06756486,1,1,1,0.9,0.9,name_postcode,2026-08-11,0
06758215,1,1,4,0.8,0.8,name_postcode_area,2026-08-11,0
06758654,1,1,5,0.9,0.9,name_postcode,2026-08-11,0
06759718,1,1,2,0.9,0.9,name_postcode,2026-08-11,0
06760360,1,1,2,0.8,0.8,name_postcode_area,2026-08-11,0
06762430,1,1,3,0.9,0.9,name_postcode,2026-08-11,0
06763266,1,1,1,0.9,0.9,name_postcode,2026-08-11,0
06764280,1,1,25,0.9,0.9,name_postcode,2026-08-11,0
06765845,1,2,2,0.9,0.9,name_postcode,2026-08-11,0
06768722,1,1,0,0.9,0.9,name_postcode,2026-08-11,0
06769895,1,1,0,0.9,0.9,name_postcode,2026-08-11,0
06771015,1,1,0,0.9,0.9,name_postcode,2026-08-11,0
06771434,1,1,0,0.9,0.9,name_postcode,2026-08-11,0
06771963,1,3,2,0.9,0.9,name_postcode,2026-08-11,0
06772368,1,2,3,0.9,0.9,name_postcode,2026-08-11,0
06772473,1,1,1,0.9,0.9,name_postcode,2026-08-11,0
06774336,1,1,1,0.9,0.9,name_postcode,2026-08-11,0
06774367,1,1,2,0.9,0.9,name_postcode,2026-08-11,0
06778419,1,1,1,0.9,0.9,name_postcode,2026-08-11,0
06778529,1,1,1,0.9,0.9,name_postcode,2026-08-11,0
06778819,1,1,1,0.9,0.9,name_postcode,2026-08-11,0
06780280,1,1,1,0.9,0.9,name_postcode,2026-08-11,0
06781537,1,1,1,0.9,0.9,name_postcode,2026-08-11,0
06782362,1,1,1,0.9,0.9,name_postcode,2026-08-11,0
06786351,1,1,3,0.8,0.8,name_postcode_area,2026-08-11,0
06786586,1,1,1,0.9,0.9,name_postcode,2026-08-11,0
06787649,1,1,1,0.9,0.9,name_postcode,2026-08-11,0
06790418,1,1,1,0.8,0.8,name_postcode_area,2026-08-11,0
06790466,1,1,1,0.8,0.8,name_postcode_area,2026-08-11,0
06791686,1,1,1,0.9,0.9,name_postcode,2026-08-11,0
06793287,1,1,1,0.9,0.9,name_postcode,2026-08-11,0
06794065,1,1,1,0.8,0.8,name_postcode_area,2026-08-11,0
06795704,1,1,1,0.8,0.8,name_postcode_area,2026-08-11,0
06795761,1,1,0,0.9,0.9,name_postcode,2026-08-11,0
06796195,1,1,1,0.9,0.9,name_postcode,2026-08-11,0
06798834,1,1,1,0.9,0.9,name_postcode,2026-08-11,0
06799478,1,1,0,0.9,0.9,name_postcode,2026-08-11,0
06799707,1,1,0,0.8,0.8,name_postcode_area,2026-08-11,0
06800519,1,1,1,0.9,0.9,name_postcode,2026-08-11,0
06806912,1,1,2,0.9,0.9,name_postcode,2026-08-11,0
06809762,1,1,1,0.9,0.9,name_postcode,2026-08-11,0
06812416,1,1,2,0.9,0.9,name_postcode,2026-08-11,0
06812775,1,1,6,0.9,0.9,name_postcode,2026-08-11,0
06813496,1,1,3,0.9,0.9,name_postcode,2026-08-11,0
06813833,1,1,1,0.9,0.9,name_postcode,2026-08-11,0
06815480,1,3,184,0.9,0.8,name_postcode|name_postcode_area,2026-08-11,0
06819042,1,1,1,0.9,0.9,name_postcode,2026-08-11,0
06824625,1,1,5,0.9,0.9,name_postcode,2026-08-11,0
06825084,1,1,1,0.9,0.9,name_postcode,2026-08-11,0
06830724,1,1,1,0.9,0.9,name_postcode,2026-08-11,0
06830986,1,1,2,0.9,0.9,name_postcode,2026-08-11,0
06835435,1,2,1,0.9,0.9,name_postcode,2026-08-11,0
06836214,1,1,3,0.9,0.9,name_postcode,2026-08-11,0
06836628,1,1,1,0.9,0.9,name_postcode,2026-08-11,0
06837284,1,1,2,0.9,0.9,name_postcode,2026-08-11,0
06837853,1,1,0,0.9,0.9,name_postcode,2026-08-11,0
06838243,1,1,1,0.9,0.9,name_postcode,2026-08-11,0
06839307,1,2,1,0.9,0.9,name_postcode,2026-08-11,0
06839568,1,1,1,0.8,0.8,name_postcode_area,2026-08-11,0
06840456,1,1,5,0.8,0.8,name_postcode_area,2026-08-11,0
06840828,1,1,1,0.9,0.9,name_postcode,2026-08-11,0
06841897,1,1,1,0.9,0.9,name_postcode,2026-08-11,0
06847082,1,1,6,0.9,0.9,name_postcode,2026-08-11,0
06849861,1,1,5,0.9,0.9,name_postcode,2026-08-11,0
06852991,1,1,1,0.8,0.8,name_postcode_area,2026-08-11,0
06853328,1,2,4,0.9,0.9,name_postcode,2026-08-11,0
06853461,1,1,1,0.9,0.9,name_postcode,2026-08-11,0
06853474,1,1,1,0.9,0.9,name_postcode,2026-08-11,0
06855533,1,4,247,0.9,0.8,name_postcode|name_postcode_area,2026-08-11,0
06855929,1,1,3,0.9,0.9,name_postcode,2026-08-11,0
06857200,1,1,4,0.9,0.9,name_postcode,2026-08-11,0
06857417,1,2,35,0.9,0.9,name_postcode,2026-08-11,0
06863140,1,1,1,0.9,0.9,name_postcode,2026-08-11,0
06864748,1,2,1,0.8,0.8,name_postcode_area,2026-08-11,0
06868828,1,1,4,0.9,0.9,name_postcode,2026-08-11,0
06872046,1,1,2,0.9,0.9,name_postcode,2026-08-11,0
06872542,1,1,1,0.9,0.9,name_postcode,2026-08-11,0
06872685,1,1,0,0.9,0.9,name_postcode,2026-08-11,0
06873951,1,1,1,0.9,0.9,name_postcode,2026-08-11,0
06875192,1,1,3,0.9,0.9,name_postcode,2026-08-11,0
06876211,1,1,4,0.9,0.9,name_postcode,2026-08-11,0
06876270,1,1,1,0.9,0.9,name_postcode,2026-08-11,0
06878611,1,1,1,0.9,0.9,name_postcode,2026-08-11,0
06880005,1,1,2,0.9,0.9,name_postcode,2026-08-11,0
06885285,1,2,12,0.9,0.9,name_postcode,2026-08-11,0
06887265,1,1,3,0.9,0.9,name_postcode,2026-08-11,0
06889192,1,1,1,0.9,0.9,name_postcode,2026-08-11,0
06893253,1,1,2,0.9,0.9,name_postcode,2026-08-11,0
06894278,1,1,2,0.9,0.9,name_postcode,2026-08-11,0
06896077,1,2,6,0.9,0.9,name_postcode,2026-08-11,0
06897785,1,2,8,0.9,0.9,name_postcode,2026-08-11,0
06898416,1,1,0,0.8,0.8,name_postcode_area,2026-08-11,0
06899468,1,2,13,0.9,0.9,name_postcode,2026-08-11,0
06899606,1,1,0,0.9,0.9,name_postcode,2026-08-11,0
06900094,1,1,4,0.9,0.9,name_postcode,2026-08-11,0
06903100,1,2,7,0.9,0.8,name_postcode|name_postcode_area,2026-08-11,0
06905793,1,2,4,0.9,0.9,name_postcode,2026-08-11,0
06908381,1,1,1,0.8,0.8,name_postcode_area,2026-08-11,0
06909569,1,1,1,0.9,0.9,name_postcode,2026-08-11,0
06909923,1,1,1,0.9,0.9,name_postcode,2026-08-11,0
06918197,1,1,1,0.9,0.9,name_postcode,2026-08-11,0
06922984,1,1,2,0.9,0.9,name_postcode,2026-08-11,0
06923682,1,1,3,0.9,0.9,name_postcode,2026-08-11,0
06927267,1,1,0,0.9,0.9,name_postcode,2026-08-11,0
06930015,1,1,0,0.8,0.8,name_postcode_area,2026-08-11,0
06933926,1,1,1,0.9,0.9,name_postcode,2026-08-11,0
06936178,1,1,1,0.9,0.9,name_postcode,2026-08-11,0
06936430,1,1,1,0.9,0.9,name_postcode,2026-08-11,0
06936809,1,2,7,0.8,0.8,name_postcode_area,2026-08-11,0
06939655,1,1,1,0.9,0.9,name_postcode,2026-08-11,0
06940022,1,1,1,0.9,0.9,name_postcode,2026-08-11,0
06940617,1,1,1,0.9,0.9,name_postcode,2026-08-11,0
06941166,1,1,1,0.9,0.9,name_postcode,2026-08-11,0
06944731,1,1,1,0.9,0.9,name_postcode,2026-08-11,0
06947151,1,1,1,0.9,0.9,name_postcode,2026-08-11,0
06947854,1,1,0,0.9,0.9,name_postcode,2026-08-11,0
06949779,1,1,1,0.9,0.9,name_postcode,2026-08-11,0
06951007,1,1,1,0.9,0.9,name_postcode,2026-08-11,0
06951952,1,1,1,0.9,0.9,name_postcode,2026-08-11,0
06953346,1,1,1,0.9,0.9,name_postcode,2026-08-11,0
06961963,1,1,1,0.9,0.9,name_postcode,2026-08-11,0
06963305,1,1,2,0.8,0.8,name_postcode_area,2026-08-11,0
06963816,1,1,2,0.9,0.9,name_postcode,2026-08-11,0
06964873,1,1,1,0.9,0.9,name_postcode,2026-08-11,0
06968542,1,2,3,0.9,0.8,name_postcode|name_postcode_area,2026-08-11,0
06968714,1,1,3,0.9,0.9,name_postcode,2026-08-11,0
06968842,1,1,2,0.9,0.9,name_postcode,2026-08-11,0
06971006,1,1,1,0.9,0.9,name_postcode,2026-08-11,0
06972239,1,1,2,0.9,0.9,name_postcode,2026-08-11,0
06975790,1,3,15,0.9,0.9,name_postcode,2026-08-11,0
06975984,1,1,8,0.9,0.9,name_postcode,2026-08-11,0
06977120,1,1,4,0.9,0.9,name_postcode,2026-08-11,0
06978007,1,1,1,0.9,0.9,name_postcode,2026-08-11,0
06978849,1,1,6,0.9,0.9,name_postcode,2026-08-11,0
06978987,1,1,1,0.9,0.9,name_postcode,2026-08-11,0
06980014,1,1,2,0.9,0.9,name_postcode,2026-08-11,0
06981739,1,1,10,0.9,0.9,name_postcode,2026-08-11,0
06984787,1,1,3,0.9,0.9,name_postcode,2026-08-11,0
06990037,1,1,1,0.9,0.9,name_postcode,2026-08-11,0
06991936,1,1,3,0.9,0.9,name_postcode,2026-08-11,0
06994240,1,1,3,0.9,0.9,name_postcode,2026-08-11,0
06995557,1,1,1,0.9,0.9,name_postcode,2026-08-11,0
06999250,1,1,2,0.9,0.9,name_postcode,2026-08-11,0
07002019,1,1,1,0.9,0.9,name_postcode,2026-08-11,0
07003896,1,1,0,0.9,0.9,name_postcode,2026-08-11,0
07004882,1,1,2,0.9,0.9,name_postcode,2026-08-11,0
07007336,1,1,3,0.9,0.9,name_postcode,2026-08-11,0
07007509,1,1,1,0.9,0.9,name_postcode,2026-08-11,0
07007594,1,1,2,0.9,0.9,name_postcode,2026-08-11,0
07008048,1,1,1,0.9,0.9,name_postcode,2026-08-11,0
07009953,1,1,1,0.9,0.9,name_postcode,2026-08-11,0
07010630,1,1,1,0.9,0.9,name_postcode,2026-08-11,0
07012300,1,1,6,0.9,0.9,name_postcode,2026-08-11,0
07019129,1,1,1,0.8,0.8,name_postcode_area,2026-08-11,0
07025392,1,1,7,0.9,0.9,name_postcode,2026-08-11,0
07025669,1,1,7,0.9,0.9,name_postcode,2026-08-11,0
07027523,1,1,3,0.9,0.9,name_postcode,2026-08-11,0
07027865,1,1,1,0.8,0.8,name_postcode_area,2026-08-11,0
07033206,1,1,4,0.8,0.8,name_postcode_area,2026-08-11,0
07035094,1,1,1,0.9,0.9,name_postcode,2026-08-11,0
07035115,1,1,1,0.9,0.9,name_postcode,2026-08-11,0
07036361,1,1,2,0.8,0.8,name_postcode_area,2026-08-11,0
07036797,1,1,1,0.9,0.9,name_postcode,2026-08-11,0
07037002,1,1,1,0.9,0.9,name_postcode,2026-08-11,0
07037180,1,1,1,0.9,0.9,name_postcode,2026-08-11,0
07038303,1,1,1,0.9,0.9,name_postcode,2026-08-11,0
07039158,1,1,4,0.9,0.9,name_postcode,2026-08-11,0
07039250,1,1,0,0.9,0.9,name_postcode,2026-08-11,0
07040124,1,2,1,0.9,0.9,name_postcode,2026-08-11,0
07041167,1,1,1,0.9,0.9,name_postcode,2026-08-11,0
07041426,1,1,1,0.8,0.8,name_postcode_area,2026-08-11,0
07042994,1,1,1,0.9,0.9,name_postcode,2026-08-11,0
07048283,1,1,1,0.8,0.8,name_postcode_area,2026-08-11,0
07049166,1,1,6,0.9,0.9,name_postcode,2026-08-11,0
07050240,1,1,2,0.9,0.9,name_postcode,2026-08-11,0
07050671,1,1,1,0.9,0.9,name_postcode,2026-08-11,0
07050741,1,1,1,0.9,0.9,name_postcode,2026-08-11,0
07051006,1,2,3,0.9,0.9,name_postcode,2026-08-11,0
07052079,1,1,1,0.8,0.8,name_postcode_area,2026-08-11,0
07053050,1,3,2,0.9,0.8,name_postcode|name_postcode_area,2026-08-11,0
07054929,1,1,6,0.9,0.9,name_postcode,2026-08-11,0
07054937,1,1,6,0.8,0.8,name_postcode_area,2026-08-11,0
07055177,1,1,5,0.9,0.9,name_postcode,2026-08-11,0
07055805,1,1,1,0.9,0.9,name_postcode,2026-08-11,0
07055812,1,1,3,0.8,0.8,name_postcode_area,2026-08-11,0
07056822,1,1,1,0.9,0.9,name_postcode,2026-08-11,0
07058968,1,1,0,0.9,0.9,name_postcode,2026-08-11,0
07059074,1,2,8,0.9,0.9,name_postcode,2026-08-11,0
07059290,1,1,9,0.9,0.9,name_postcode,2026-08-11,0
07060204,1,1,1,0.9,0.9,name_postcode,2026-08-11,0
07061358,1,1,0,0.9,0.9,name_postcode,2026-08-11,0
07062319,1,1,1,0.9,0.9,name_postcode,2026-08-11,0
07065923,1,1,0,0.9,0.9,name_postcode,2026-08-11,0
07071400,1,1,3,0.9,0.9,name_postcode,2026-08-11,0
07072191,1,1,8,0.9,0.9,name_postcode,2026-08-11,0
07073313,1,1,2,0.9,0.9,name_postcode,2026-08-11,0
07073351,1,1,1,0.9,0.9,name_postcode,2026-08-11,0
07074474,1,1,1,0.9,0.9,name_postcode,2026-08-11,0
07076881,1,1,1,0.9,0.9,name_postcode,2026-08-11,0
07078299,1,1,7,0.9,0.9,name_postcode,2026-08-11,0
07078648,1,1,1,0.9,0.9,name_postcode,2026-08-11,0
07081471,1,2,13,0.9,0.9,name_postcode,2026-08-11,0
07084398,1,1,1,0.9,0.9,name_postcode,2026-08-11,0
07085192,1,1,6,0.9,0.9,name_postcode,2026-08-11,0
07089997,1,1,1,0.9,0.9,name_postcode,2026-08-11,0
07094851,1,1,1,0.9,0.9,name_postcode,2026-08-11,0
07095502,1,1,0,0.9,0.9,name_postcode,2026-08-11,0
07096393,1,2,8,0.9,0.9,name_postcode,2026-08-11,0
07096873,1,1,1,0.9,0.9,name_postcode,2026-08-11,0
07097640,1,1,1,0.9,0.9,name_postcode,2026-08-11,0
07097823,1,1,2,0.8,0.8,name_postcode_area,2026-08-11,0
07098618,1,1,9,0.8,0.8,name_postcode_area,2026-08-11,0
07105825,1,1,2,0.9,0.9,name_postcode,2026-08-11,0
07108602,1,2,2,0.9,0.9,name_postcode,2026-08-11,0
07108969,1,1,1,0.9,0.9,name_postcode,2026-08-11,0
07110230,1,1,1,0.9,0.9,name_postcode,2026-08-11,0
07111208,1,1,1,0.9,0.9,name_postcode,2026-08-11,0
07112501,1,1,2,0.9,0.9,name_postcode,2026-08-11,0
07112699,1,1,1,0.9,0.9,name_postcode,2026-08-11,0
07116412,1,1,3,0.9,0.9,name_postcode,2026-08-11,0
07118696,1,1,1,0.9,0.9,name_postcode,2026-08-11,0
07119588,1,1,1,0.9,0.9,name_postcode,2026-08-11,0
07121238,1,1,1,0.9,0.9,name_postcode,2026-08-11,0
07121383,1,1,0,0.9,0.9,name_postcode,2026-08-11,0
07122533,1,1,1,0.9,0.9,name_postcode,2026-08-11,0
07122793,1,2,30,0.9,0.9,name_postcode,2026-08-11,0
07124107,1,1,0,0.9,0.9,name_postcode,2026-08-11,0
07125853,1,2,2,0.9,0.9,name_postcode,2026-08-11,0
07127476,1,2,31,0.9,0.9,name_postcode,2026-08-11,0
07130716,1,1,4,0.9,0.9,name_postcode,2026-08-11,0
07134519,1,1,1,0.9,0.9,name_postcode,2026-08-11,0
07136436,1,1,8,0.9,0.9,name_postcode,2026-08-11,0
07138067,1,1,1,0.9,0.9,name_postcode,2026-08-11,0
07138133,1,1,2,0.9,0.9,name_postcode,2026-08-11,0
07139402,1,1,1,0.8,0.8,name_postcode_area,2026-08-11,0
07140238,1,1,1,0.9,0.9,name_postcode,2026-08-11,0
07140964,1,1,5,0.9,0.9,name_postcode,2026-08-11,0
07143407,1,1,0,0.9,0.9,name_postcode,2026-08-11,0
07144394,1,1,29,0.9,0.9,name_postcode,2026-08-11,0
07145241,1,1,1,0.9,0.9,name_postcode,2026-08-11,0
07150667,1,1,1,0.9,0.9,name_postcode,2026-08-11,0
07152182,1,1,1,0.8,0.8,name_postcode_area,2026-08-11,0
07155322,1,1,3,0.9,0.9,name_postcode,2026-08-11,0
07155581,1,1,1,0.9,0.9,name_postcode,2026-08-11,0
07155793,1,1,0,0.9,0.9,name_postcode,2026-08-11,0
07156633,1,1,2,0.9,0.9,name_postcode,2026-08-11,0
07158071,1,2,1,0.9,0.9,name_postcode,2026-08-11,0
07161581,1,2,33,0.8,0.8,name_postcode_area,2026-08-11,0
07161626,1,1,3,0.9,0.9,name_postcode,2026-08-11,0
07164339,1,1,8,0.9,0.9,name_postcode,2026-08-11,0
07168360,1,1,1,0.9,0.9,name_postcode,2026-08-11,0
07168674,1,1,1,0.9,0.9,name_postcode,2026-08-11,0
07171994,1,1,5,0.9,0.9,name_postcode,2026-08-11,0
07172699,1,1,0,0.9,0.9,name_postcode,2026-08-11,0
07175347,1,1,0,0.9,0.9,name_postcode,2026-08-11,0
07176993,1,1,1,0.8,0.8,name_postcode_area,2026-08-11,0
07178075,1,1,1,0.9,0.9,name_postcode,2026-08-11,0
07178644,1,1,5,0.9,0.9,name_postcode,2026-08-11,0
07179872,1,1,10,0.9,0.9,name_postcode,2026-08-11,0
07179967,1,2,2,0.9,0.9,name_postcode,2026-08-11,0
07183054,1,1,1,0.9,0.9,name_postcode,2026-08-11,0
07183672,1,1,1,0.9,0.9,name_postcode,2026-08-11,0
07185115,1,1,1,0.9,0.9,name_postcode,2026-08-11,0
07190588,1,1,2,0.9,0.9,name_postcode,2026-08-11,0
07194570,1,1,1,0.9,0.9,name_postcode,2026-08-11,0
07196015,1,1,5,0.9,0.9,name_postcode,2026-08-11,0
07199280,1,1,1,0.9,0.9,name_postcode,2026-08-11,0
07201029,1,1,1,0.9,0.9,name_postcode,2026-08-11,0
07206519,1,2,10,0.9,0.9,name_postcode,2026-08-11,0
07207211,1,1,1,0.9,0.9,name_postcode,2026-08-11,0
07207645,1,1,1,0.9,0.9,name_postcode,2026-08-11,0
07207980,1,1,0,0.9,0.9,name_postcode,2026-08-11,0
07208355,1,1,19,0.8,0.8,name_postcode_area,2026-08-11,0
07211681,1,3,36,0.9,0.9,name_postcode,2026-08-11,0
07215653,1,1,1,0.8,0.8,name_postcode_area,2026-08-11,0
07215969,1,1,1,0.9,0.9,name_postcode,2026-08-11,0
07216440,1,1,4,0.9,0.9,name_postcode,2026-08-11,0
07216468,1,1,2,0.9,0.9,name_postcode,2026-08-11,0
07221733,1,1,1,0.9,0.9,name_postcode,2026-08-11,0
07227351,1,2,5,0.9,0.9,name_postcode,2026-08-11,0
07228613,1,1,1,0.9,0.9,name_postcode,2026-08-11,0
07228939,1,1,16,0.9,0.9,name_postcode,2026-08-11,0
07230355,1,1,1,0.9,0.9,name_postcode,2026-08-11,0
07231895,1,1,1,0.9,0.9,name_postcode,2026-08-11,0
07232065,1,1,1,0.9,0.9,name_postcode,2026-08-11,0
07236039,1,1,1,0.9,0.9,name_postcode,2026-08-11,0
07237355,1,2,5,0.9,0.9,name_postcode,2026-08-11,0
07239727,1,1,27,0.9,0.9,name_postcode,2026-08-11,0
07244588,1,1,1,0.9,0.9,name_postcode,2026-08-11,0
07245397,1,1,2,0.9,0.9,name_postcode,2026-08-11,0
07245431,1,1,2,0.9,0.9,name_postcode,2026-08-11,0
07245685,1,1,3,0.9,0.9,name_postcode,2026-08-11,0
07246421,1,1,1,0.9,0.9,name_postcode,2026-08-11,0
07247500,1,1,1,0.9,0.9,name_postcode,2026-08-11,0
07251721,1,1,1,0.9,0.9,name_postcode,2026-08-11,0
07254575,1,2,2,0.9,0.9,name_postcode,2026-08-11,0
07256708,1,1,1,0.9,0.9,name_postcode,2026-08-11,0
07258247,1,1,2,0.9,0.9,name_postcode,2026-08-11,0
07262796,1,2,2,0.9,0.8,name_postcode|name_postcode_area,2026-08-11,0
07264317,1,1,7,0.9,0.9,name_postcode,2026-08-11,0
07264986,1,1,1,0.9,0.9,name_postcode,2026-08-11,0
07266012,1,1,1,0.9,0.9,name_postcode,2026-08-11,0
07269077,1,1,0,0.9,0.9,name_postcode,2026-08-11,0
07270144,1,1,1,0.9,0.9,name_postcode,2026-08-11,0
07273226,1,1,4,0.9,0.9,name_postcode,2026-08-11,0
07273489,1,1,0,0.9,0.9,name_postcode,2026-08-11,0
07274230,1,1,1,0.9,0.9,name_postcode,2026-08-11,0
07277000,1,1,1,0.9,0.9,name_postcode,2026-08-11,0
07278050,1,1,1,0.9,0.9,name_postcode,2026-08-11,0
07278411,1,1,1,0.9,0.9,name_postcode,2026-08-11,0
07283666,1,1,1,0.9,0.9,name_postcode,2026-08-11,0
07287006,1,1,5,0.9,0.9,name_postcode,2026-08-11,0
07288397,1,1,1,0.9,0.9,name_postcode,2026-08-11,0
07289730,1,1,5,0.9,0.9,name_postcode,2026-08-11,0
07290590,1,1,4,0.9,0.9,name_postcode,2026-08-11,0
07291125,1,1,1,0.9,0.9,name_postcode,2026-08-11,0
07292096,1,1,8,0.9,0.9,name_postcode,2026-08-11,0
07293648,1,2,26,0.9,0.9,name_postcode,2026-08-11,0
07293970,1,2,6,0.9,0.9,name_postcode,2026-08-11,0
07295448,1,2,2,0.9,0.9,name_postcode,2026-08-11,0
07296951,1,1,1,0.9,0.9,name_postcode,2026-08-11,0
07297098,1,1,1,0.8,0.8,name_postcode_area,2026-08-11,0
07300839,1,1,10,0.9,0.9,name_postcode,2026-08-11,0
07301471,1,1,8,0.9,0.9,name_postcode,2026-08-11,0
07302136,1,2,2,0.9,0.8,name_postcode|name_postcode_area,2026-08-11,0
07302992,1,1,3,0.9,0.9,name_postcode,2026-08-11,0
07304890,1,2,102,0.9,0.9,name_postcode,2026-08-11,0
07305115,1,2,4,0.9,0.9,name_postcode,2026-08-11,0
07305135,1,1,1,0.9,0.9,name_postcode,2026-08-11,0
07306419,1,1,1,0.9,0.9,name_postcode,2026-08-11,0
07310758,1,1,1,0.9,0.9,name_postcode,2026-08-11,0
07316500,1,1,1,0.9,0.9,name_postcode,2026-08-11,0
07317363,1,1,1,0.8,0.8,name_postcode_area,2026-08-11,0
07318486,1,1,6,0.9,0.9,name_postcode,2026-08-11,0
07318850,1,1,0,0.9,0.9,name_postcode,2026-08-11,0
07320697,1,1,1,0.9,0.9,name_postcode,2026-08-11,0
07321543,1,1,1,0.9,0.9,name_postcode,2026-08-11,0
07324699,1,1,1,0.9,0.9,name_postcode,2026-08-11,0
07327018,1,1,0,0.9,0.9,name_postcode,2026-08-11,0
07328730,1,1,1,0.8,0.8,name_postcode_area,2026-08-11,0
07329058,1,1,2,0.9,0.9,name_postcode,2026-08-11,0
07330136,1,1,7,0.9,0.9,name_postcode,2026-08-11,0
07330652,1,1,0,0.9,0.9,name_postcode,2026-08-11,0
07330856,1,1,1,0.9,0.9,name_postcode,2026-08-11,0
07331698,1,1,2,0.8,0.8,name_postcode_area,2026-08-11,0
07333135,1,1,1,0.9,0.9,name_postcode,2026-08-11,0
07336407,1,1,1,0.9,0.9,name_postcode,2026-08-11,0
07338860,1,1,5,0.9,0.9,name_postcode,2026-08-11,0
07339803,1,1,1,0.9,0.9,name_postcode,2026-08-11,0
07340211,1,1,5,0.9,0.9,name_postcode,2026-08-11,0
07340806,1,2,8,0.9,0.9,name_postcode,2026-08-11,0
07345725,1,1,1,0.9,0.9,name_postcode,2026-08-11,0
07346486,1,1,1,0.8,0.8,name_postcode_area,2026-08-11,0
07347104,1,2,21,0.8,0.8,name_postcode_area,2026-08-11,0
07350026,1,1,1,0.9,0.9,name_postcode,2026-08-11,0
07350278,1,1,5,0.9,0.9,name_postcode,2026-08-11,0
07351174,1,1,2,0.9,0.9,name_postcode,2026-08-11,0
07352321,1,1,0,0.9,0.9,name_postcode,2026-08-11,0
07353190,1,1,1,0.9,0.9,name_postcode,2026-08-11,0
07361493,1,1,7,0.9,0.9,name_postcode,2026-08-11,0
07362833,1,1,1,0.9,0.9,name_postcode,2026-08-11,0
07363890,1,1,1,0.9,0.9,name_postcode,2026-08-11,0
07370347,1,1,2,0.9,0.9,name_postcode,2026-08-11,0
07372204,1,1,0,0.8,0.8,name_postcode_area,2026-08-11,0
07372569,1,1,0,0.9,0.9,name_postcode,2026-08-11,0
07372877,1,1,1,0.8,0.8,name_postcode_area,2026-08-11,0
07373043,1,1,4,0.9,0.9,name_postcode,2026-08-11,0
07373733,1,1,3,0.9,0.9,name_postcode,2026-08-11,0
07374354,1,1,1,0.9,0.9,name_postcode,2026-08-11,0
07378330,1,1,3,0.9,0.9,name_postcode,2026-08-11,0
07380035,1,1,1,0.8,0.8,name_postcode_area,2026-08-11,0
07386350,1,4,25,0.9,0.9,name_postcode,2026-08-11,0
07388340,1,1,1,0.8,0.8,name_postcode_area,2026-08-11,0
07397076,1,1,1,0.9,0.9,name_postcode,2026-08-11,0
07401211,1,1,1,0.9,0.9,name_postcode,2026-08-11,0
07401955,1,1,2,0.9,0.9,name_postcode,2026-08-11,0
07402012,1,1,3,0.9,0.9,name_postcode,2026-08-11,0
07406244,1,1,1,0.9,0.9,name_postcode,2026-08-11,0
07407009,1,1,11,0.9,0.9,name_postcode,2026-08-11,0
07407806,1,1,2,0.8,0.8,name_postcode_area,2026-08-11,0
07409625,1,1,1,0.8,0.8,name_postcode_area,2026-08-11,0
07409651,1,1,4,0.9,0.9,name_postcode,2026-08-11,0
07411241,1,1,2,0.8,0.8,name_postcode_area,2026-08-11,0
07414111,1,1,1,0.9,0.9,name_postcode,2026-08-11,0
07415648,1,2,3,0.9,0.9,name_postcode,2026-08-11,0
07417662,1,1,1,0.9,0.9,name_postcode,2026-08-11,0
07418693,1,1,3,0.9,0.9,name_postcode,2026-08-11,0
07419599,1,1,9,0.8,0.8,name_postcode_area,2026-08-11,0
07420777,1,1,7,0.9,0.9,name_postcode,2026-08-11,0
07421993,1,1,1,0.8,0.8,name_postcode_area,2026-08-11,0
07423954,1,3,68,0.9,0.8,name_postcode|name_postcode_area,2026-08-11,0
07426406,1,2,6,0.9,0.8,name_postcode|name_postcode_area,2026-08-11,0
07426527,1,1,1,0.9,0.9,name_postcode,2026-08-11,0
07430044,1,1,4,0.9,0.9,name_postcode,2026-08-11,0
07432728,1,2,2,0.9,0.8,name_postcode|name_postcode_area,2026-08-11,0
07434621,1,1,4,0.9,0.9,name_postcode,2026-08-11,0
07437435,1,1,1,0.9,0.9,name_postcode,2026-08-11,0
07437492,1,1,0,0.9,0.9,name_postcode,2026-08-11,0
07438646,1,1,1,0.9,0.9,name_postcode,2026-08-11,0
07441109,1,1,1,0.9,0.9,name_postcode,2026-08-11,0
07442719,1,1,2,0.9,0.9,name_postcode,2026-08-11,0
07448407,1,1,1,0.9,0.9,name_postcode,2026-08-11,0
07452630,1,2,35,0.8,0.8,name_postcode_area,2026-08-11,0
07455627,1,1,5,0.9,0.9,name_postcode,2026-08-11,0
07456434,1,2,8,0.9,0.9,name_postcode,2026-08-11,0
07459137,1,2,3,0.9,0.9,name_postcode,2026-08-11,0
07461734,1,2,2,0.9,0.9,name_postcode,2026-08-11,0
07462204,1,1,1,0.8,0.8,name_postcode_area,2026-08-11,0
07462271,1,1,4,0.9,0.9,name_postcode,2026-08-11,0
07463146,1,1,1,0.9,0.9,name_postcode,2026-08-11,0
07464399,1,1,1,0.9,0.9,name_postcode,2026-08-11,0
07464854,1,1,1,0.9,0.9,name_postcode,2026-08-11,0
07466141,1,2,7,0.9,0.9,name_postcode,2026-08-11,0
07467673,1,1,1,0.9,0.9,name_postcode,2026-08-11,0
07469441,1,2,9,0.9,0.9,name_postcode,2026-08-11,0
07472933,1,1,4,0.9,0.9,name_postcode,2026-08-11,0
07477378,1,1,3,0.8,0.8,name_postcode_area,2026-08-11,0
07480102,1,1,1,0.9,0.9,name_postcode,2026-08-11,0
07481466,1,1,1,0.9,0.9,name_postcode,2026-08-11,0
07481563,1,2,6,0.9,0.9,name_postcode,2026-08-11,0
07483251,1,1,3,0.9,0.9,name_postcode,2026-08-11,0
07483722,1,1,8,0.8,0.8,name_postcode_area,2026-08-11,0
07484465,1,1,3,0.9,0.9,name_postcode,2026-08-11,0
07496632,1,1,1,0.8,0.8,name_postcode_area,2026-08-11,0
07498422,1,1,1,0.9,0.9,name_postcode,2026-08-11,0
07500271,1,1,1,0.9,0.9,name_postcode,2026-08-11,0
07503460,1,1,7,0.9,0.9,name_postcode,2026-08-11,0
07504334,1,1,3,0.8,0.8,name_postcode_area,2026-08-11,0
07504991,1,1,1,0.9,0.9,name_postcode,2026-08-11,0
07505455,1,1,1,0.9,0.9,name_postcode,2026-08-11,0
07505898,1,1,3,0.9,0.9,name_postcode,2026-08-11,0
07506404,1,2,5,0.9,0.9,name_postcode,2026-08-11,0
07506426,1,1,6,0.9,0.9,name_postcode,2026-08-11,0
07507587,1,1,4,0.8,0.8,name_postcode_area,2026-08-11,0
07510925,1,1,0,0.9,0.9,name_postcode,2026-08-11,0
07513126,1,2,2,0.9,0.9,name_postcode,2026-08-11,0
07513682,1,1,0,0.9,0.9,name_postcode,2026-08-11,0
07515842,1,1,1,0.9,0.9,name_postcode,2026-08-11,0
07518101,1,1,2,0.9,0.9,name_postcode,2026-08-11,0
07519340,1,1,1,0.8,0.8,name_postcode_area,2026-08-11,0
07519924,1,1,1,0.8,0.8,name_postcode_area,2026-08-11,0
07525259,1,1,2,0.9,0.9,name_postcode,2026-08-11,0
07529523,1,1,0,0.9,0.9,name_postcode,2026-08-11,0
07529895,1,1,1,0.9,0.9,name_postcode,2026-08-11,0
07530398,1,1,1,0.9,0.9,name_postcode,2026-08-11,0
07532879,1,2,3,0.9,0.8,name_postcode|name_postcode_area,2026-08-11,0
07533570,1,2,9,0.9,0.9,name_postcode,2026-08-11,0
07534401,1,1,1,0.9,0.9,name_postcode,2026-08-11,0
07535443,1,1,1,0.9,0.9,name_postcode,2026-08-11,0
07536149,1,1,1,0.9,0.9,name_postcode,2026-08-11,0
07536779,1,1,1,0.9,0.9,name_postcode,2026-08-11,0
07538381,1,1,6,0.9,0.9,name_postcode,2026-08-11,0
07540532,1,1,1,0.9,0.9,name_postcode,2026-08-11,0
07542498,1,1,0,0.9,0.9,name_postcode,2026-08-11,0
07542537,1,1,2,0.9,0.9,name_postcode,2026-08-11,0
07543330,1,1,4,0.9,0.9,name_postcode,2026-08-11,0
07543962,1,2,10,0.9,0.9,name_postcode,2026-08-11,0
07545536,1,1,1,0.9,0.9,name_postcode,2026-08-11,0
07546840,1,1,1,0.9,0.9,name_postcode,2026-08-11,0
07551169,1,1,3,0.8,0.8,name_postcode_area,2026-08-11,0
07553335,1,1,1,0.9,0.9,name_postcode,2026-08-11,0
07554240,1,1,2,0.9,0.9,name_postcode,2026-08-11,0
07555456,1,1,3,0.8,0.8,name_postcode_area,2026-08-11,0
07555858,1,2,10,0.9,0.8,name_postcode|name_postcode_area,2026-08-11,0
07556262,1,1,1,0.9,0.9,name_postcode,2026-08-11,0
07558502,1,1,1,0.9,0.9,name_postcode,2026-08-11,0
07559030,1,1,2,0.9,0.9,name_postcode,2026-08-11,0
07559981,1,1,5,0.9,0.9,name_postcode,2026-08-11,0
07561694,1,1,1,0.9,0.9,name_postcode,2026-08-11,0
07562417,1,1,2,0.9,0.9,name_postcode,2026-08-11,0
07563007,1,1,1,0.8,0.8,name_postcode_area,2026-08-11,0
07564339,1,1,1,0.9,0.9,name_postcode,2026-08-11,0
07567392,1,1,1,0.9,0.9,name_postcode,2026-08-11,0
07568881,1,1,1,0.8,0.8,name_postcode_area,2026-08-11,0
07569105,1,1,1,0.9,0.9,name_postcode,2026-08-11,0
07569836,1,1,0,0.9,0.9,name_postcode,2026-08-11,0
07575523,1,1,1,0.9,0.9,name_postcode,2026-08-11,0
07576124,1,1,12,0.9,0.9,name_postcode,2026-08-11,0
07581985,1,1,3,0.9,0.9,name_postcode,2026-08-11,0
07582291,1,1,3,0.9,0.9,name_postcode,2026-08-11,0
07582660,1,1,2,0.9,0.9,name_postcode,2026-08-11,0
07585408,1,1,3,0.8,0.8,name_postcode_area,2026-08-11,0
07585419,1,1,4,0.9,0.9,name_postcode,2026-08-11,0
07586990,1,1,2,0.9,0.9,name_postcode,2026-08-11,0
07588754,1,1,1,0.9,0.9,name_postcode,2026-08-11,0
07591421,1,1,11,0.9,0.9,name_postcode,2026-08-11,0
07592441,1,1,1,0.8,0.8,name_postcode_area,2026-08-11,0
07592520,1,1,1,0.8,0.8,name_postcode_area,2026-08-11,0
07594024,1,1,1,0.9,0.9,name_postcode,2026-08-11,0
07595390,1,1,0,0.9,0.9,name_postcode,2026-08-11,0
07595566,1,1,4,0.9,0.9,name_postcode,2026-08-11,0
07595583,1,1,1,0.9,0.9,name_postcode,2026-08-11,0
07597019,1,1,1,0.9,0.9,name_postcode,2026-08-11,0
07599502,1,1,3,0.9,0.9,name_postcode,2026-08-11,0
07600205,1,2,1,0.8,0.8,name_postcode_area,2026-08-11,0
07603019,1,1,0,0.9,0.9,name_postcode,2026-08-11,0
07604820,1,1,23,0.9,0.9,name_postcode,2026-08-11,0
07606699,1,1,1,0.9,0.9,name_postcode,2026-08-11,0
07609030,1,1,1,0.9,0.9,name_postcode,2026-08-11,0
07618653,1,1,1,0.9,0.9,name_postcode,2026-08-11,0
07620029,1,1,1,0.9,0.9,name_postcode,2026-08-11,0
07621889,1,1,5,0.9,0.9,name_postcode,2026-08-11,0
07624104,1,1,1,0.9,0.9,name_postcode,2026-08-11,0
07625370,1,1,1,0.8,0.8,name_postcode_area,2026-08-11,0
07630754,1,2,8,0.9,0.9,name_postcode,2026-08-11,0
07632011,1,1,1,0.9,0.9,name_postcode,2026-08-11,0
07632560,1,1,1,0.9,0.9,name_postcode,2026-08-11,0
07632755,1,1,1,0.9,0.9,name_postcode,2026-08-11,0
07637602,1,1,1,0.9,0.9,name_postcode,2026-08-11,0
07645513,1,2,3,0.9,0.8,name_postcode|name_postcode_area,2026-08-11,0
07650493,1,1,3,0.9,0.9,name_postcode,2026-08-11,0
07652880,1,1,7,0.8,0.8,name_postcode_area,2026-08-11,0
07654941,1,1,1,0.8,0.8,name_postcode_area,2026-08-11,0
07656009,1,1,1,0.9,0.9,name_postcode,2026-08-11,0
07657395,1,1,1,0.9,0.9,name_postcode,2026-08-11,0
07660938,1,1,33,0.8,0.8,name_postcode_area,2026-08-11,0
07661552,1,1,11,0.9,0.9,name_postcode,2026-08-11,0
07665948,1,1,3,0.9,0.9,name_postcode,2026-08-11,0
07666910,1,1,1,0.9,0.9,name_postcode,2026-08-11,0
07674260,1,1,1,0.9,0.9,name_postcode,2026-08-11,0
07676735,1,1,2,0.9,0.9,name_postcode,2026-08-11,0
07677103,1,1,1,0.8,0.8,name_postcode_area,2026-08-11,0
07678696,1,1,4,0.8,0.8,name_postcode_area,2026-08-11,0
07678788,1,1,22,0.9,0.9,name_postcode,2026-08-11,0
07681400,1,1,9,0.9,0.9,name_postcode,2026-08-11,0
07682184,1,1,0,0.9,0.9,name_postcode,2026-08-11,0
07685325,1,1,1,0.9,0.9,name_postcode,2026-08-11,0
07685427,1,1,1,0.9,0.9,name_postcode,2026-08-11,0
07686115,1,1,0,0.9,0.9,name_postcode,2026-08-11,0
07687539,1,1,1,0.9,0.9,name_postcode,2026-08-11,0
07688691,1,2,3,0.9,0.9,name_postcode,2026-08-11,0
07689472,1,1,1,0.9,0.9,name_postcode,2026-08-11,0
07690553,1,1,1,0.8,0.8,name_postcode_area,2026-08-11,0
07692914,1,1,1,0.9,0.9,name_postcode,2026-08-11,0
07693547,1,1,1,0.9,0.9,name_postcode,2026-08-11,0
07694983,1,1,6,0.9,0.9,name_postcode,2026-08-11,0
07696437,1,1,1,0.8,0.8,name_postcode_area,2026-08-11,0
07696993,1,1,0,0.9,0.9,name_postcode,2026-08-11,0
07697467,1,1,1,0.9,0.9,name_postcode,2026-08-11,0
07698573,1,1,1,0.9,0.9,name_postcode,2026-08-11,0
07700782,1,1,1,0.9,0.9,name_postcode,2026-08-11,0
07700799,1,1,1,0.9,0.9,name_postcode,2026-08-11,0
07703038,1,1,1,0.8,0.8,name_postcode_area,2026-08-11,0
07704626,1,2,3,0.9,0.9,name_postcode,2026-08-11,0
07705420,1,1,1,0.9,0.9,name_postcode,2026-08-11,0
07706036,1,3,50,0.9,0.9,name_postcode,2026-08-11,0
07707963,1,1,2,0.9,0.9,name_postcode,2026-08-11,0
07707982,1,2,3,0.8,0.8,name_postcode_area,2026-08-11,0
07708659,1,1,86,0.9,0.9,name_postcode,2026-08-11,0
07710718,1,1,1,0.9,0.9,name_postcode,2026-08-11,0
07710776,1,1,1,0.8,0.8,name_postcode_area,2026-08-11,0
07715533,1,1,1,0.9,0.9,name_postcode,2026-08-11,0
07716450,1,1,2,0.9,0.9,name_postcode,2026-08-11,0
07720895,1,1,1,0.9,0.9,name_postcode,2026-08-11,0
07721060,1,1,15,0.9,0.9,name_postcode,2026-08-11,0
07721795,1,1,1,0.9,0.9,name_postcode,2026-08-11,0
07722826,1,1,1,0.9,0.9,name_postcode,2026-08-11,0
07724012,1,1,1,0.9,0.9,name_postcode,2026-08-11,0
07724976,1,1,1,0.9,0.9,name_postcode,2026-08-11,0
07725451,1,1,2,0.9,0.9,name_postcode,2026-08-11,0
07729411,1,1,6,0.9,0.9,name_postcode,2026-08-11,0
07731528,1,1,1,0.9,0.9,name_postcode,2026-08-11,0
07732779,1,1,1,0.9,0.9,name_postcode,2026-08-11,0
07732946,1,1,1,0.9,0.9,name_postcode,2026-08-11,0
07734891,1,2,5,0.9,0.8,name_postcode|name_postcode_area,2026-08-11,0
07735282,1,1,1,0.9,0.9,name_postcode,2026-08-11,0
07738271,1,1,0,0.9,0.9,name_postcode,2026-08-11,0
07741629,1,2,2,0.9,0.9,name_postcode,2026-08-11,0
07741960,1,2,12,0.9,0.8,name_postcode|name_postcode_area,2026-08-11,0
07747629,1,1,1,0.9,0.9,name_postcode,2026-08-11,0
07748911,1,1,6,0.9,0.9,name_postcode,2026-08-11,0
07750052,1,1,1,0.9,0.9,name_postcode,2026-08-11,0
07750548,1,1,3,0.9,0.9,name_postcode,2026-08-11,0
07751121,1,1,4,0.9,0.9,name_postcode,2026-08-11,0
07752404,1,2,7,0.9,0.9,name_postcode,2026-08-11,0
07753934,1,2,1,0.9,0.9,name_postcode,2026-08-11,0
07754903,1,1,20,0.9,0.9,name_postcode,2026-08-11,0
07755790,1,1,2,0.9,0.9,name_postcode,2026-08-11,0
07761967,1,1,0,0.9,0.9,name_postcode,2026-08-11,0
07762742,1,1,1,0.9,0.9,name_postcode,2026-08-11,0
07767226,1,1,2,0.9,0.9,name_postcode,2026-08-11,0
07767528,1,3,7,0.9,0.9,name_postcode,2026-08-11,0
07768830,1,1,3,0.9,0.9,name_postcode,2026-08-11,0
07772029,1,1,1,0.9,0.9,name_postcode,2026-08-11,0
07775181,1,1,1,0.9,0.9,name_postcode,2026-08-11,0
07775281,1,1,2,0.9,0.9,name_postcode,2026-08-11,0
07780333,1,1,8,0.9,0.9,name_postcode,2026-08-11,0
07786070,1,1,0,0.9,0.9,name_postcode,2026-08-11,0
07786822,1,1,0,0.8,0.8,name_postcode_area,2026-08-11,0
07787094,1,1,10,0.9,0.9,name_postcode,2026-08-11,0
07787838,1,1,5,0.9,0.9,name_postcode,2026-08-11,0
07789606,1,1,1,0.9,0.9,name_postcode,2026-08-11,0
07791770,1,1,2,0.9,0.9,name_postcode,2026-08-11,0
07795055,1,1,1,0.9,0.9,name_postcode,2026-08-11,0
07797453,1,1,1,0.9,0.9,name_postcode,2026-08-11,0
07797986,1,1,2,0.9,0.9,name_postcode,2026-08-11,0
07798673,1,1,1,0.9,0.9,name_postcode,2026-08-11,0
07801618,1,1,1,0.9,0.9,name_postcode,2026-08-11,0
07803653,1,1,1,0.8,0.8,name_postcode_area,2026-08-11,0
07803739,1,1,1,0.9,0.9,name_postcode,2026-08-11,0
07805099,1,1,2,0.9,0.9,name_postcode,2026-08-11,0
07806628,1,1,1,0.9,0.9,name_postcode,2026-08-11,0
07806748,1,1,1,0.9,0.9,name_postcode,2026-08-11,0
07809152,1,1,1,0.9,0.9,name_postcode,2026-08-11,0
07810469,1,1,1,0.8,0.8,name_postcode_area,2026-08-11,0
07814100,1,1,0,0.9,0.9,name_postcode,2026-08-11,0
07815178,1,1,1,0.9,0.9,name_postcode,2026-08-11,0
07815887,1,1,0,0.9,0.9,name_postcode,2026-08-11,0
07819945,1,1,1,0.9,0.9,name_postcode,2026-08-11,0
07820106,1,1,1,0.9,0.9,name_postcode,2026-08-11,0
07820392,1,1,1,0.9,0.9,name_postcode,2026-08-11,0
07827221,1,2,2,0.9,0.9,name_postcode,2026-08-11,0
07830297,1,1,1,0.8,0.8,name_postcode_area,2026-08-11,0
07830743,1,1,1,0.9,0.9,name_postcode,2026-08-11,0
07831245,1,1,2,0.9,0.9,name_postcode,2026-08-11,0
07831672,1,1,1,0.9,0.9,name_postcode,2026-08-11,0
07832551,1,1,2,0.8,0.8,name_postcode_area,2026-08-11,0
07832826,1,1,3,0.9,0.9,name_postcode,2026-08-11,0
07833468,1,1,10,0.9,0.9,name_postcode,2026-08-11,0
07835159,1,1,1,0.9,0.9,name_postcode,2026-08-11,0
07838626,1,1,1,0.8,0.8,name_postcode_area,2026-08-11,0
07839117,1,1,2,0.9,0.9,name_postcode,2026-08-11,0
07839215,1,1,1,0.9,0.9,name_postcode,2026-08-11,0
07840130,1,1,16,0.9,0.9,name_postcode,2026-08-11,0
07840801,1,2,10,0.9,0.8,name_postcode|name_postcode_area,2026-08-11,0
07851875,1,1,1,0.9,0.9,name_postcode,2026-08-11,0
07854187,1,1,1,0.9,0.9,name_postcode,2026-08-11,0
07854497,1,1,2,0.9,0.9,name_postcode,2026-08-11,0
07854519,1,1,1,0.9,0.9,name_postcode,2026-08-11,0
07855409,1,1,1,0.8,0.8,name_postcode_area,2026-08-11,0
07858050,1,2,5,0.9,0.9,name_postcode,2026-08-11,0
07858061,1,1,1,0.8,0.8,name_postcode_area,2026-08-11,0
07858361,1,1,3,0.9,0.9,name_postcode,2026-08-11,0
07861070,1,1,2,0.9,0.9,name_postcode,2026-08-11,0
07861245,1,1,1,0.9,0.9,name_postcode,2026-08-11,0
07863274,1,1,1,0.9,0.9,name_postcode,2026-08-11,0
07864288,1,1,1,0.9,0.9,name_postcode,2026-08-11,0
07865031,1,1,1,0.9,0.9,name_postcode,2026-08-11,0
07868916,1,1,4,0.9,0.9,name_postcode,2026-08-11,0
07875242,1,1,2,0.9,0.9,name_postcode,2026-08-11,0
07879182,1,1,15,0.9,0.9,name_postcode,2026-08-11,0
07881918,1,1,1,0.9,0.9,name_postcode,2026-08-11,0
07888041,1,2,4,0.9,0.9,name_postcode,2026-08-11,0
07889204,1,1,8,0.9,0.9,name_postcode,2026-08-11,0
07890467,1,1,2,0.9,0.9,name_postcode,2026-08-11,0
07890711,1,1,1,0.9,0.9,name_postcode,2026-08-11,0
07891056,1,1,1,0.9,0.9,name_postcode,2026-08-11,0
07893442,1,1,1,0.9,0.9,name_postcode,2026-08-11,0
07893854,1,2,11,0.9,0.9,name_postcode,2026-08-11,0
07895243,1,1,1,0.9,0.9,name_postcode,2026-08-11,0
07896546,1,1,1,0.9,0.9,name_postcode,2026-08-11,0
07897052,1,1,13,0.9,0.9,name_postcode,2026-08-11,0
07897132,1,1,1,0.9,0.9,name_postcode,2026-08-11,0
07897382,1,1,5,0.9,0.9,name_postcode,2026-08-11,0
07898052,1,1,1,0.9,0.9,name_postcode,2026-08-11,0
07901365,1,1,2,0.8,0.8,name_postcode_area,2026-08-11,0
07902511,1,2,8,0.9,0.9,name_postcode,2026-08-11,0
07904011,1,1,1,0.9,0.9,name_postcode,2026-08-11,0
07908816,1,1,1,0.9,0.9,name_postcode,2026-08-11,0
07913432,1,1,1,0.9,0.9,name_postcode,2026-08-11,0
07915812,1,1,1,0.9,0.9,name_postcode,2026-08-11,0
07917366,1,1,1,0.8,0.8,name_postcode_area,2026-08-11,0
07919081,1,1,1,0.9,0.9,name_postcode,2026-08-11,0
07919560,1,1,3,0.9,0.9,name_postcode,2026-08-11,0
07920011,1,1,1,0.9,0.9,name_postcode,2026-08-11,0
07920936,1,1,1,0.9,0.9,name_postcode,2026-08-11,0
07921365,1,1,1,0.9,0.9,name_postcode,2026-08-11,0
07925414,1,1,2,0.9,0.9,name_postcode,2026-08-11,0
07926274,1,1,0,0.9,0.9,name_postcode,2026-08-11,0
07926926,1,1,21,0.9,0.9,name_postcode,2026-08-11,0
07927218,1,2,16,0.9,0.9,name_postcode,2026-08-11,0
07929776,1,1,1,0.9,0.9,name_postcode,2026-08-11,0
07932957,1,1,1,0.9,0.9,name_postcode,2026-08-11,0
07934546,1,2,1,0.9,0.9,name_postcode,2026-08-11,0
07940928,1,1,13,0.9,0.9,name_postcode,2026-08-11,0
07941999,1,2,2,0.8,0.8,name_postcode_area,2026-08-11,0
07943348,1,1,1,0.9,0.9,name_postcode,2026-08-11,0
07944921,1,1,1,0.9,0.9,name_postcode,2026-08-11,0
07946548,1,1,2,0.9,0.9,name_postcode,2026-08-11,0
07950361,1,1,1,0.9,0.9,name_postcode,2026-08-11,0
07952918,1,1,1,0.8,0.8,name_postcode_area,2026-08-11,0
07953760,1,1,1,0.9,0.9,name_postcode,2026-08-11,0
07953780,1,1,1,0.9,0.9,name_postcode,2026-08-11,0
07955386,1,1,1,0.9,0.9,name_postcode,2026-08-11,0
07955622,1,1,0,0.8,0.8,name_postcode_area,2026-08-11,0
07958649,1,1,0,0.9,0.9,name_postcode,2026-08-11,0
07960903,1,1,8,0.9,0.9,name_postcode,2026-08-11,0
07964699,1,2,149,0.9,0.9,name_postcode,2026-08-11,0
07964711,1,5,112,0.9,0.9,name_postcode,2026-08-11,0
07964746,1,2,60,0.9,0.9,name_postcode,2026-08-11,0
07965517,1,1,1,0.9,0.9,name_postcode,2026-08-11,0
07966622,1,1,14,0.9,0.9,name_postcode,2026-08-11,0
07968005,1,2,6,0.9,0.8,name_postcode|name_postcode_area,2026-08-11,0
07968378,1,1,2,0.9,0.9,name_postcode,2026-08-11,0
07971256,1,1,6,0.8,0.8,name_postcode_area,2026-08-11,0
07971649,1,1,4,0.8,0.8,name_postcode_area,2026-08-11,0
07975193,1,1,1,0.9,0.9,name_postcode,2026-08-11,0
07977942,1,1,1,0.9,0.9,name_postcode,2026-08-11,0
07979738,1,1,1,0.9,0.9,name_postcode,2026-08-11,0
07980832,1,1,2,0.9,0.9,name_postcode,2026-08-11,0
07983005,1,1,1,0.9,0.9,name_postcode,2026-08-11,0
07989888,1,1,1,0.9,0.9,name_postcode,2026-08-11,0
07992608,1,1,2,0.9,0.9,name_postcode,2026-08-11,0
07993563,1,1,2,0.9,0.9,name_postcode,2026-08-11,0
07994205,1,1,3,0.9,0.9,name_postcode,2026-08-11,0
08001035,1,2,3,0.9,0.9,name_postcode,2026-08-11,0
08003722,1,1,1,0.9,0.9,name_postcode,2026-08-11,0
08004482,1,2,6,0.9,0.9,name_postcode,2026-08-11,0
08010751,1,1,1,0.9,0.9,name_postcode,2026-08-11,0
08011877,1,1,1,0.9,0.9,name_postcode,2026-08-11,0
08012006,1,1,1,0.9,0.9,name_postcode,2026-08-11,0
08012011,1,1,1,0.9,0.9,name_postcode,2026-08-11,0
08015463,1,1,1,0.9,0.9,name_postcode,2026-08-11,0
08017741,1,1,1,0.9,0.9,name_postcode,2026-08-11,0
08018641,1,1,1,0.9,0.9,name_postcode,2026-08-11,0
08020147,1,1,2,0.9,0.9,name_postcode,2026-08-11,0
08020542,1,2,1,0.9,0.9,name_postcode,2026-08-11,0
08022056,1,1,1,0.9,0.9,name_postcode,2026-08-11,0
08024470,1,1,1,0.9,0.9,name_postcode,2026-08-11,0
08026357,1,2,1,0.8,0.8,name_postcode_area,2026-08-11,0
08026386,1,1,1,0.9,0.9,name_postcode,2026-08-11,0
08030289,1,4,32,0.9,0.9,name_postcode,2026-08-11,0
08030768,1,1,1,0.9,0.9,name_postcode,2026-08-11,0
08032756,1,1,0,0.9,0.9,name_postcode,2026-08-11,0
08033029,1,2,1,0.9,0.9,name_postcode,2026-08-11,0
08037159,1,1,7,0.9,0.9,name_postcode,2026-08-11,0
08041334,1,1,2,0.9,0.9,name_postcode,2026-08-11,0
08042991,1,1,1,0.9,0.9,name_postcode,2026-08-11,0
08044082,1,1,1,0.9,0.9,name_postcode,2026-08-11,0
08044804,1,1,3,0.9,0.9,name_postcode,2026-08-11,0
08046737,1,1,2,0.9,0.9,name_postcode,2026-08-11,0
08047734,1,1,0,0.8,0.8,name_postcode_area,2026-08-11,0
08047981,1,1,2,0.9,0.9,name_postcode,2026-08-11,0
08049593,1,1,1,0.9,0.9,name_postcode,2026-08-11,0
08052630,1,1,2,0.8,0.8,name_postcode_area,2026-08-11,0
08053274,1,1,1,0.9,0.9,name_postcode,2026-08-11,0
08053370,1,1,5,0.9,0.9,name_postcode,2026-08-11,0
08057237,1,1,2,0.8,0.8,name_postcode_area,2026-08-11,0
08058103,1,1,5,0.9,0.9,name_postcode,2026-08-11,0
08059569,1,1,1,0.9,0.9,name_postcode,2026-08-11,0
08060443,1,1,6,0.9,0.9,name_postcode,2026-08-11,0
08062085,1,1,2,0.9,0.9,name_postcode,2026-08-11,0
08063511,1,1,1,0.9,0.9,name_postcode,2026-08-11,0
08066127,1,1,1,0.9,0.9,name_postcode,2026-08-11,0
08066696,1,1,2,0.9,0.9,name_postcode,2026-08-11,0
08070525,1,2,7,0.9,0.9,name_postcode,2026-08-11,0
08071047,1,1,1,0.9,0.9,name_postcode,2026-08-11,0
08071919,1,1,5,0.9,0.9,name_postcode,2026-08-11,0
08073299,1,2,7,0.9,0.9,name_postcode,2026-08-11,0
08079612,1,1,5,0.9,0.9,name_postcode,2026-08-11,0
08080877,1,1,5,0.8,0.8,name_postcode_area,2026-08-11,0
08080981,1,1,2,0.9,0.9,name_postcode,2026-08-11,0
08081185,1,1,2,0.9,0.9,name_postcode,2026-08-11,0
08083851,1,1,1,0.9,0.9,name_postcode,2026-08-11,0
08084017,1,1,1,0.9,0.9,name_postcode,2026-08-11,0
08085585,1,1,0,0.8,0.8,name_postcode_area,2026-08-11,0
08087062,1,1,0,0.9,0.9,name_postcode,2026-08-11,0
08087238,1,1,1,0.9,0.9,name_postcode,2026-08-11,0
08087675,1,1,2,0.9,0.9,name_postcode,2026-08-11,0
08088342,1,2,1,0.9,0.9,name_postcode,2026-08-11,0
08088721,1,1,1,0.9,0.9,name_postcode,2026-08-11,0
08089194,1,1,1,0.9,0.9,name_postcode,2026-08-11,0
08089936,1,1,1,0.9,0.9,name_postcode,2026-08-11,0
08091784,1,1,0,0.9,0.9,name_postcode,2026-08-11,0
08092497,1,1,0,0.9,0.9,name_postcode,2026-08-11,0
08092743,1,1,0,0.9,0.9,name_postcode,2026-08-11,0
08092926,1,2,5,0.9,0.9,name_postcode,2026-08-11,0
08093576,1,1,1,0.9,0.9,name_postcode,2026-08-11,0
08093593,1,1,3,0.9,0.9,name_postcode,2026-08-11,0
08093846,1,1,1,0.9,0.9,name_postcode,2026-08-11,0
08096560,1,3,16,0.9,0.9,name_postcode,2026-08-11,0
08096981,1,1,1,0.9,0.9,name_postcode,2026-08-11,0
08097003,1,1,1,0.9,0.9,name_postcode,2026-08-11,0
08098061,1,1,2,0.9,0.9,name_postcode,2026-08-11,0
08098915,1,1,6,0.9,0.9,name_postcode,2026-08-11,0
08101482,1,1,1,0.9,0.9,name_postcode,2026-08-11,0
08103699,1,1,1,0.9,0.9,name_postcode,2026-08-11,0
08105986,1,1,2,0.9,0.9,name_postcode,2026-08-11,0
08108606,1,1,1,0.9,0.9,name_postcode,2026-08-11,0
08112962,1,1,4,0.9,0.9,name_postcode,2026-08-11,0
08114323,1,1,1,0.9,0.9,name_postcode,2026-08-11,0
08115900,1,1,1,0.9,0.9,name_postcode,2026-08-11,0
08116812,1,1,2,0.9,0.9,name_postcode,2026-08-11,0
08117915,1,1,2,0.9,0.9,name_postcode,2026-08-11,0
08118850,1,1,5,0.9,0.9,name_postcode,2026-08-11,0
08119752,1,1,1,0.9,0.9,name_postcode,2026-08-11,0
08120586,1,1,1,0.9,0.9,name_postcode,2026-08-11,0
08121977,1,1,1,0.9,0.9,name_postcode,2026-08-11,0
08124461,1,1,2,0.9,0.9,name_postcode,2026-08-11,0
08127295,1,1,1,0.9,0.9,name_postcode,2026-08-11,0
08129741,1,2,41,0.9,0.9,name_postcode,2026-08-11,0
08131835,1,1,1,0.9,0.9,name_postcode,2026-08-11,0
08132200,1,1,0,0.9,0.9,name_postcode,2026-08-11,0
08132505,1,1,4,0.9,0.9,name_postcode,2026-08-11,0
08133338,1,1,7,0.9,0.9,name_postcode,2026-08-11,0
08134258,1,1,9,0.9,0.9,name_postcode,2026-08-11,0
08134306,1,1,1,0.8,0.8,name_postcode_area,2026-08-11,0
08137093,1,1,4,0.9,0.9,name_postcode,2026-08-11,0
08137435,1,1,2,0.9,0.9,name_postcode,2026-08-11,0
08144558,1,2,4,0.9,0.8,name_postcode|name_postcode_area,2026-08-11,0
08148525,1,1,6,0.9,0.9,name_postcode,2026-08-11,0
08149485,1,2,1,0.9,0.9,name_postcode,2026-08-11,0
08150022,1,2,2,0.9,0.8,name_postcode|name_postcode_area,2026-08-11,0
08151811,1,2,2,0.9,0.9,name_postcode,2026-08-11,0
08155107,1,1,6,0.9,0.9,name_postcode,2026-08-11,0
08160299,1,1,1,0.8,0.8,name_postcode_area,2026-08-11,0
08160793,1,1,2,0.8,0.8,name_postcode_area,2026-08-11,0
08166149,1,1,1,0.9,0.9,name_postcode,2026-08-11,0
08166456,1,1,3,0.9,0.9,name_postcode,2026-08-11,0
08172055,1,1,4,0.9,0.9,name_postcode,2026-08-11,0
08172396,1,1,1,0.9,0.9,name_postcode,2026-08-11,0
08173252,1,1,1,0.9,0.9,name_postcode,2026-08-11,0
08176005,1,1,2,0.9,0.9,name_postcode,2026-08-11,0
08178097,1,1,0,0.8,0.8,name_postcode_area,2026-08-11,0
08179152,1,1,2,0.9,0.9,name_postcode,2026-08-11,0
08182799,1,1,2,0.9,0.9,name_postcode,2026-08-11,0
08182933,1,1,1,0.9,0.9,name_postcode,2026-08-11,0
08183505,1,2,8,0.9,0.9,name_postcode,2026-08-11,0
08183909,1,1,1,0.9,0.9,name_postcode,2026-08-11,0
08186196,1,1,1,0.9,0.9,name_postcode,2026-08-11,0
08186993,1,2,7,0.9,0.9,name_postcode,2026-08-11,0
08187940,1,1,1,0.9,0.9,name_postcode,2026-08-11,0
08188812,1,1,2,0.9,0.9,name_postcode,2026-08-11,0
08190142,1,1,1,0.8,0.8,name_postcode_area,2026-08-11,0
08190148,1,1,1,0.9,0.9,name_postcode,2026-08-11,0
08194508,1,1,13,0.9,0.9,name_postcode,2026-08-11,0
08197004,1,1,1,0.9,0.9,name_postcode,2026-08-11,0
08198122,1,2,3,0.9,0.9,name_postcode,2026-08-11,0
08198901,1,1,1,0.9,0.9,name_postcode,2026-08-11,0
08199420,1,1,1,0.9,0.9,name_postcode,2026-08-11,0
08200536,1,1,1,0.8,0.8,name_postcode_area,2026-08-11,0
08201580,1,2,8,0.9,0.9,name_postcode,2026-08-11,0
08202599,1,2,1,0.9,0.9,name_postcode,2026-08-11,0
08203832,1,1,2,0.9,0.9,name_postcode,2026-08-11,0
08204204,1,1,18,0.9,0.9,name_postcode,2026-08-11,0
08205776,1,1,1,0.9,0.9,name_postcode,2026-08-11,0
08205781,1,1,5,0.9,0.9,name_postcode,2026-08-11,0
08209840,1,1,3,0.9,0.9,name_postcode,2026-08-11,0
08209931,1,1,12,0.9,0.9,name_postcode,2026-08-11,0
08211691,1,1,2,0.9,0.9,name_postcode,2026-08-11,0
08215513,1,1,1,0.9,0.9,name_postcode,2026-08-11,0
08217674,1,1,1,0.9,0.9,name_postcode,2026-08-11,0
08218805,1,1,1,0.9,0.9,name_postcode,2026-08-11,0
08219473,1,2,12,0.9,0.9,name_postcode,2026-08-11,0
08223754,1,1,1,0.9,0.9,name_postcode,2026-08-11,0
08224422,1,1,0,0.8,0.8,name_postcode_area,2026-08-11,0
08226456,1,1,1,0.8,0.8,name_postcode_area,2026-08-11,0
08227146,1,1,1,0.9,0.9,name_postcode,2026-08-11,0
08229264,1,1,11,0.9,0.9,name_postcode,2026-08-11,0
08230492,1,1,2,0.9,0.9,name_postcode,2026-08-11,0
08233062,1,1,5,0.9,0.9,name_postcode,2026-08-11,0
08234405,1,1,1,0.9,0.9,name_postcode,2026-08-11,0
08234682,1,1,2,0.9,0.9,name_postcode,2026-08-11,0
08235305,1,1,3,0.9,0.9,name_postcode,2026-08-11,0
08237630,1,2,15,0.9,0.9,name_postcode,2026-08-11,0
08239314,1,1,1,0.8,0.8,name_postcode_area,2026-08-11,0
08239910,1,1,2,0.9,0.9,name_postcode,2026-08-11,0
08240749,1,1,1,0.9,0.9,name_postcode,2026-08-11,0
08244058,1,1,1,0.8,0.8,name_postcode_area,2026-08-11,0
08249395,1,1,2,0.9,0.9,name_postcode,2026-08-11,0
08250460,1,1,1,0.9,0.9,name_postcode,2026-08-11,0
08250502,1,1,1,0.9,0.9,name_postcode,2026-08-11,0
08250726,1,1,1,0.9,0.9,name_postcode,2026-08-11,0
08251631,1,1,1,0.9,0.9,name_postcode,2026-08-11,0
08252279,1,1,0,0.9,0.9,name_postcode,2026-08-11,0
08253765,1,1,1,0.9,0.9,name_postcode,2026-08-11,0
08259430,1,1,2,0.9,0.9,name_postcode,2026-08-11,0
08259560,1,1,1,0.9,0.9,name_postcode,2026-08-11,0
08260989,1,1,1,0.9,0.9,name_postcode,2026-08-11,0
08263632,1,1,1,0.9,0.9,name_postcode,2026-08-11,0
08265167,1,1,1,0.8,0.8,name_postcode_area,2026-08-11,0
08267893,1,1,2,0.9,0.9,name_postcode,2026-08-11,0
08268426,1,2,15,0.8,0.8,name_postcode_area,2026-08-11,0
08269137,1,1,1,0.9,0.9,name_postcode,2026-08-11,0
08269920,1,1,1,0.9,0.9,name_postcode,2026-08-11,0
08273616,1,1,3,0.9,0.9,name_postcode,2026-08-11,0
08273782,1,1,10,0.9,0.9,name_postcode,2026-08-11,0
08273934,1,1,4,0.9,0.9,name_postcode,2026-08-11,0
08274643,1,1,1,0.9,0.9,name_postcode,2026-08-11,0
08281188,1,1,1,0.9,0.9,name_postcode,2026-08-11,0
08283698,1,1,1,0.9,0.9,name_postcode,2026-08-11,0
08284549,1,1,2,0.9,0.9,name_postcode,2026-08-11,0
08286045,1,1,2,0.9,0.9,name_postcode,2026-08-11,0
08287079,1,1,1,0.9,0.9,name_postcode,2026-08-11,0
08287918,1,1,2,0.9,0.9,name_postcode,2026-08-11,0
08288671,1,1,2,0.9,0.9,name_postcode,2026-08-11,0
08288866,1,1,2,0.9,0.9,name_postcode,2026-08-11,0
08288906,1,2,2,0.9,0.9,name_postcode,2026-08-11,0
08291461,1,2,9,0.9,0.9,name_postcode,2026-08-11,0
08292371,1,1,1,0.9,0.9,name_postcode,2026-08-11,0
08292872,1,2,12,0.9,0.9,name_postcode,2026-08-11,0
08293779,1,1,1,0.9,0.9,name_postcode,2026-08-11,0
08293984,1,1,1,0.9,0.9,name_postcode,2026-08-11,0
08294864,1,1,0,0.9,0.9,name_postcode,2026-08-11,0
08295004,1,1,3,0.9,0.9,name_postcode,2026-08-11,0
08298754,1,1,1,0.9,0.9,name_postcode,2026-08-11,0
08302817,1,1,2,0.9,0.9,name_postcode,2026-08-11,0
08303703,1,1,1,0.9,0.9,name_postcode,2026-08-11,0
08305253,1,1,14,0.9,0.9,name_postcode,2026-08-11,0
08306815,1,1,3,0.9,0.9,name_postcode,2026-08-11,0
08307376,1,1,3,0.9,0.9,name_postcode,2026-08-11,0
08307499,1,1,2,0.9,0.9,name_postcode,2026-08-11,0
08309688,1,1,0,0.9,0.9,name_postcode,2026-08-11,0
08311508,1,2,2,0.9,0.9,name_postcode,2026-08-11,0
08314505,1,2,2,0.9,0.9,name_postcode,2026-08-11,0
08315430,1,1,7,0.9,0.9,name_postcode,2026-08-11,0
08323538,1,1,1,0.9,0.9,name_postcode,2026-08-11,0
08324226,1,1,5,0.9,0.9,name_postcode,2026-08-11,0
08325651,1,1,2,0.9,0.9,name_postcode,2026-08-11,0
08327366,1,1,3,0.9,0.9,name_postcode,2026-08-11,0
08328607,1,1,1,0.9,0.9,name_postcode,2026-08-11,0
08328950,1,1,4,0.9,0.9,name_postcode,2026-08-11,0
08329802,1,1,1,0.9,0.9,name_postcode,2026-08-11,0
08334369,1,1,2,0.8,0.8,name_postcode_area,2026-08-11,0
08334706,1,1,8,0.9,0.9,name_postcode,2026-08-11,0
08335008,1,1,5,0.9,0.9,name_postcode,2026-08-11,0
08335072,1,1,0,0.9,0.9,name_postcode,2026-08-11,0
08335617,1,1,2,0.9,0.9,name_postcode,2026-08-11,0
08337549,1,1,0,0.9,0.9,name_postcode,2026-08-11,0
08338546,1,2,3,0.9,0.9,name_postcode,2026-08-11,0
08338875,1,1,1,0.9,0.9,name_postcode,2026-08-11,0
08338980,1,1,1,0.9,0.9,name_postcode,2026-08-11,0
08340031,1,1,2,0.9,0.9,name_postcode,2026-08-11,0
08342147,1,1,2,0.9,0.9,name_postcode,2026-08-11,0
08342655,1,1,1,0.8,0.8,name_postcode_area,2026-08-11,0
08342873,1,1,1,0.9,0.9,name_postcode,2026-08-11,0
08347860,1,1,1,0.9,0.9,name_postcode,2026-08-11,0
08350890,1,1,1,0.9,0.9,name_postcode,2026-08-11,0
08350962,1,1,1,0.9,0.9,name_postcode,2026-08-11,0
08351994,1,1,2,0.9,0.9,name_postcode,2026-08-11,0
08352040,1,1,1,0.8,0.8,name_postcode_area,2026-08-11,0
08352917,1,1,1,0.9,0.9,name_postcode,2026-08-11,0
08353359,1,1,1,0.9,0.9,name_postcode,2026-08-11,0
08357576,1,2,3,0.9,0.9,name_postcode,2026-08-11,0
08357958,1,1,1,0.9,0.9,name_postcode,2026-08-11,0
08357991,1,1,2,0.8,0.8,name_postcode_area,2026-08-11,0
08360482,1,1,1,0.9,0.9,name_postcode,2026-08-11,0
08360678,1,1,1,0.9,0.9,name_postcode,2026-08-11,0
08360885,1,1,1,0.9,0.9,name_postcode,2026-08-11,0
08364475,1,1,1,0.9,0.9,name_postcode,2026-08-11,0
08367000,1,1,1,0.9,0.9,name_postcode,2026-08-11,0
08368271,1,1,1,0.9,0.9,name_postcode,2026-08-11,0
08370741,1,1,1,0.9,0.9,name_postcode,2026-08-11,0
08373880,1,1,3,0.9,0.9,name_postcode,2026-08-11,0
08375216,1,1,1,0.9,0.9,name_postcode,2026-08-11,0
08376959,1,1,2,0.9,0.9,name_postcode,2026-08-11,0
08378657,1,1,6,0.9,0.9,name_postcode,2026-08-11,0
08384656,1,2,7,0.9,0.9,name_postcode,2026-08-11,0
08384984,1,1,1,0.8,0.8,name_postcode_area,2026-08-11,0
08388016,1,1,1,0.8,0.8,name_postcode_area,2026-08-11,0
08388830,1,1,0,0.9,0.9,name_postcode,2026-08-11,0
08389834,1,1,7,0.9,0.9,name_postcode,2026-08-11,0
08393182,1,1,1,0.9,0.9,name_postcode,2026-08-11,0
08394191,1,1,3,0.9,0.9,name_postcode,2026-08-11,0
08396115,1,1,1,0.9,0.9,name_postcode,2026-08-11,0
08400600,1,1,1,0.8,0.8,name_postcode_area,2026-08-11,0
08400724,1,1,1,0.9,0.9,name_postcode,2026-08-11,0
08400980,1,1,2,0.8,0.8,name_postcode_area,2026-08-11,0
08405151,1,1,7,0.9,0.9,name_postcode,2026-08-11,0
08406424,1,1,1,0.9,0.9,name_postcode,2026-08-11,0
08409175,1,1,1,0.9,0.9,name_postcode,2026-08-11,0
08409928,1,1,1,0.9,0.9,name_postcode,2026-08-11,0
08412229,1,1,1,0.9,0.9,name_postcode,2026-08-11,0
08412437,1,1,1,0.8,0.8,name_postcode_area,2026-08-11,0
08414941,1,1,1,0.9,0.9,name_postcode,2026-08-11,0
08417106,1,1,2,0.9,0.9,name_postcode,2026-08-11,0
08430352,1,1,1,0.8,0.8,name_postcode_area,2026-08-11,0
08434822,1,1,1,0.9,0.9,name_postcode,2026-08-11,0
08435805,1,1,1,0.8,0.8,name_postcode_area,2026-08-11,0
08436013,1,1,2,0.8,0.8,name_postcode_area,2026-08-11,0
08437560,1,1,3,0.9,0.9,name_postcode,2026-08-11,0
08439820,1,1,2,0.9,0.9,name_postcode,2026-08-11,0
08439984,1,1,1,0.9,0.9,name_postcode,2026-08-11,0
08440782,1,1,1,0.9,0.9,name_postcode,2026-08-11,0
08443976,1,1,1,0.9,0.9,name_postcode,2026-08-11,0
08445199,1,1,2,0.9,0.9,name_postcode,2026-08-11,0
08447662,1,1,1,0.9,0.9,name_postcode,2026-08-11,0
08449060,1,1,4,0.9,0.9,name_postcode,2026-08-11,0
08449290,1,1,1,0.9,0.9,name_postcode,2026-08-11,0
08459933,1,1,1,0.8,0.8,name_postcode_area,2026-08-11,0
08472139,1,1,2,0.9,0.9,name_postcode,2026-08-11,0
08472229,1,1,1,0.9,0.9,name_postcode,2026-08-11,0
08473331,1,2,1,0.9,0.9,name_postcode,2026-08-11,0
08473504,1,1,1,0.9,0.9,name_postcode,2026-08-11,0
08473813,1,1,1,0.9,0.9,name_postcode,2026-08-11,0
08474270,1,1,7,0.9,0.9,name_postcode,2026-08-11,0
08478286,1,1,0,0.9,0.9,name_postcode,2026-08-11,0
08478976,1,1,2,0.9,0.9,name_postcode,2026-08-11,0
08481590,1,1,4,0.9,0.9,name_postcode,2026-08-11,0
08482238,1,1,1,0.9,0.9,name_postcode,2026-08-11,0
08482284,1,1,1,0.9,0.9,name_postcode,2026-08-11,0
08483563,1,1,1,0.9,0.9,name_postcode,2026-08-11,0
08483995,1,1,1,0.9,0.9,name_postcode,2026-08-11,0
08484694,1,1,1,0.8,0.8,name_postcode_area,2026-08-11,0
08484947,1,2,6,0.8,0.8,name_postcode_area,2026-08-11,0
08485252,1,1,1,0.9,0.9,name_postcode,2026-08-11,0
08486322,1,1,8,0.9,0.9,name_postcode,2026-08-11,0
08491368,1,1,2,0.9,0.9,name_postcode,2026-08-11,0
08492427,1,2,3,0.9,0.9,name_postcode,2026-08-11,0
08493132,1,1,36,0.9,0.9,name_postcode,2026-08-11,0
08495463,1,1,1,0.9,0.9,name_postcode,2026-08-11,0
08501521,1,2,6,0.9,0.9,name_postcode,2026-08-11,0
08501948,1,1,1,0.9,0.9,name_postcode,2026-08-11,0
08505500,1,1,4,0.9,0.9,name_postcode,2026-08-11,0
08508443,1,1,1,0.9,0.9,name_postcode,2026-08-11,0
08508966,1,1,18,0.9,0.9,name_postcode,2026-08-11,0
08509527,1,1,2,0.9,0.9,name_postcode,2026-08-11,0
08509797,1,1,4,0.9,0.9,name_postcode,2026-08-11,0
08514184,1,1,1,0.9,0.9,name_postcode,2026-08-11,0
08515142,1,1,2,0.8,0.8,name_postcode_area,2026-08-11,0
08515397,1,1,1,0.9,0.9,name_postcode,2026-08-11,0
08516058,1,1,1,0.9,0.9,name_postcode,2026-08-11,0
08516361,1,1,1,0.9,0.9,name_postcode,2026-08-11,0
08516813,1,1,1,0.9,0.9,name_postcode,2026-08-11,0
08523582,1,1,0,0.9,0.9,name_postcode,2026-08-11,0
08523732,1,1,2,0.8,0.8,name_postcode_area,2026-08-11,0
08530163,1,1,1,0.8,0.8,name_postcode_area,2026-08-11,0
08530420,1,1,2,0.8,0.8,name_postcode_area,2026-08-11,0
08532523,1,1,1,0.9,0.9,name_postcode,2026-08-11,0
08533338,1,1,1,0.9,0.9,name_postcode,2026-08-11,0
08533585,1,1,2,0.9,0.9,name_postcode,2026-08-11,0
08535419,1,1,1,0.9,0.9,name_postcode,2026-08-11,0
08535811,1,1,2,0.9,0.9,name_postcode,2026-08-11,0
08536503,1,1,2,0.9,0.9,name_postcode,2026-08-11,0
08536866,1,1,1,0.9,0.9,name_postcode,2026-08-11,0
08538346,1,1,0,0.9,0.9,name_postcode,2026-08-11,0
08544342,1,1,1,0.9,0.9,name_postcode,2026-08-11,0
08545094,1,1,1,0.9,0.9,name_postcode,2026-08-11,0
08553527,1,1,1,0.9,0.9,name_postcode,2026-08-11,0
08553682,1,1,1,0.9,0.9,name_postcode,2026-08-11,0
08555581,1,1,1,0.9,0.9,name_postcode,2026-08-11,0
08558085,1,1,1,0.9,0.9,name_postcode,2026-08-11,0
08563283,1,1,1,0.9,0.9,name_postcode,2026-08-11,0
08563462,1,1,1,0.9,0.9,name_postcode,2026-08-11,0
08564033,1,2,5,0.9,0.9,name_postcode,2026-08-11,0
08564481,1,1,5,0.9,0.9,name_postcode,2026-08-11,0
08568347,1,1,1,0.9,0.9,name_postcode,2026-08-11,0
08569418,1,1,1,0.9,0.9,name_postcode,2026-08-11,0
08571360,1,1,1,0.9,0.9,name_postcode,2026-08-11,0
08572880,1,1,1,0.9,0.9,name_postcode,2026-08-11,0
08573321,1,1,1,0.9,0.9,name_postcode,2026-08-11,0
08573417,1,2,6,0.9,0.9,name_postcode,2026-08-11,0
08575493,1,1,3,0.9,0.9,name_postcode,2026-08-11,0
08580518,1,2,0,0.9,0.9,name_postcode,2026-08-11,0
08580554,1,1,5,0.9,0.9,name_postcode,2026-08-11,0
08582115,1,2,4,0.8,0.8,name_postcode_area,2026-08-11,0
08584086,1,1,5,0.9,0.9,name_postcode,2026-08-11,0
08586180,1,1,1,0.9,0.9,name_postcode,2026-08-11,0
08589358,1,1,2,0.9,0.9,name_postcode,2026-08-11,0
08589400,1,1,1,0.9,0.9,name_postcode,2026-08-11,0
08589427,1,1,1,0.9,0.9,name_postcode,2026-08-11,0
08589617,1,1,1,0.9,0.9,name_postcode,2026-08-11,0
08590852,1,1,3,0.9,0.9,name_postcode,2026-08-11,0
08593970,1,1,2,0.9,0.9,name_postcode,2026-08-11,0
08595647,1,1,3,0.8,0.8,name_postcode_area,2026-08-11,0
08597428,1,1,0,0.9,0.9,name_postcode,2026-08-11,0
08597948,1,1,12,0.9,0.9,name_postcode,2026-08-11,0
08598367,1,2,1,0.9,0.9,name_postcode,2026-08-11,0
08602495,1,1,1,0.9,0.9,name_postcode,2026-08-11,0
08603063,1,1,1,0.9,0.9,name_postcode,2026-08-11,0
08603099,1,1,1,0.9,0.9,name_postcode,2026-08-11,0
08603870,1,1,2,0.9,0.9,name_postcode,2026-08-11,0
08605921,1,1,1,0.9,0.9,name_postcode,2026-08-11,0
08606870,1,1,2,0.9,0.9,name_postcode,2026-08-11,0
08609110,1,1,1,0.9,0.9,name_postcode,2026-08-11,0
08610848,1,1,1,0.9,0.9,name_postcode,2026-08-11,0
08615712,1,1,1,0.9,0.9,name_postcode,2026-08-11,0
08615775,1,1,1,0.9,0.9,name_postcode,2026-08-11,0
08616295,1,1,1,0.9,0.9,name_postcode,2026-08-11,0
08616297,1,2,1,0.9,0.9,name_postcode,2026-08-11,0
08616455,1,1,12,0.9,0.9,name_postcode,2026-08-11,0
08620208,1,1,5,0.9,0.9,name_postcode,2026-08-11,0
08620577,1,1,1,0.9,0.9,name_postcode,2026-08-11,0
08621032,1,1,1,0.9,0.9,name_postcode,2026-08-11,0
08621096,1,1,1,0.8,0.8,name_postcode_area,2026-08-11,0
08621502,1,1,1,0.9,0.9,name_postcode,2026-08-11,0
08623270,1,1,1,0.9,0.9,name_postcode,2026-08-11,0
08624309,1,1,7,0.8,0.8,name_postcode_area,2026-08-11,0
08629455,1,2,11,0.9,0.9,name_postcode,2026-08-11,0
08631065,1,1,1,0.8,0.8,name_postcode_area,2026-08-11,0
08640185,1,1,6,0.9,0.9,name_postcode,2026-08-11,0
08643693,1,1,1,0.9,0.9,name_postcode,2026-08-11,0
08645152,1,1,1,0.8,0.8,name_postcode_area,2026-08-11,0
08646301,1,1,3,0.9,0.9,name_postcode,2026-08-11,0
08647225,1,1,3,0.9,0.9,name_postcode,2026-08-11,0
08648549,1,1,0,0.9,0.9,name_postcode,2026-08-11,0
08653094,1,1,3,0.9,0.9,name_postcode,2026-08-11,0
08654028,1,1,1,0.8,0.8,name_postcode_area,2026-08-11,0
08659285,1,2,1,0.9,0.9,name_postcode,2026-08-11,0
08660886,1,1,7,0.9,0.9,name_postcode,2026-08-11,0
08661252,1,1,1,0.9,0.9,name_postcode,2026-08-11,0
08661469,1,2,26,0.9,0.9,name_postcode,2026-08-11,0
08663730,1,2,2,0.9,0.9,name_postcode,2026-08-11,0
08663936,1,1,5,0.9,0.9,name_postcode,2026-08-11,0
08670088,1,1,1,0.9,0.9,name_postcode,2026-08-11,0
08671645,1,1,2,0.9,0.9,name_postcode,2026-08-11,0
08674581,1,1,1,0.9,0.9,name_postcode,2026-08-11,0
08675130,1,1,1,0.9,0.9,name_postcode,2026-08-11,0
08682432,1,1,2,0.9,0.9,name_postcode,2026-08-11,0
08683015,1,1,10,0.9,0.9,name_postcode,2026-08-11,0
08683349,1,1,1,0.9,0.9,name_postcode,2026-08-11,0
08683577,1,2,6,0.9,0.8,name_postcode|name_postcode_area,2026-08-11,0
08684854,1,1,1,0.9,0.9,name_postcode,2026-08-11,0
08687703,1,2,10,0.9,0.8,name_postcode|name_postcode_area,2026-08-11,0
08688576,1,1,5,0.9,0.9,name_postcode,2026-08-11,0
08692571,1,2,2,0.9,0.9,name_postcode,2026-08-11,0
08692613,1,1,2,0.9,0.9,name_postcode,2026-08-11,0
08696071,1,1,1,0.9,0.9,name_postcode,2026-08-11,0
08698156,1,1,2,0.9,0.9,name_postcode,2026-08-11,0
08698690,1,1,13,0.9,0.9,name_postcode,2026-08-11,0
08699224,1,1,1,0.9,0.9,name_postcode,2026-08-11,0
08702257,1,1,1,0.9,0.9,name_postcode,2026-08-11,0
08702786,1,1,5,0.9,0.9,name_postcode,2026-08-11,0
08704182,1,1,1,0.9,0.9,name_postcode,2026-08-11,0
08705643,1,8,128,0.9,0.9,name_postcode,2026-08-11,0
08705784,1,5,85,0.9,0.9,name_postcode,2026-08-11,0
08706547,1,1,1,0.8,0.8,name_postcode_area,2026-08-11,0
08707642,1,1,0,0.9,0.9,name_postcode,2026-08-11,0
08707779,1,2,12,0.9,0.9,name_postcode,2026-08-11,0
08708144,1,1,10,0.9,0.9,name_postcode,2026-08-11,0
08708755,1,1,1,0.9,0.9,name_postcode,2026-08-11,0
08709938,1,1,1,0.9,0.9,name_postcode,2026-08-11,0
08710938,1,1,5,0.9,0.9,name_postcode,2026-08-11,0
08714426,1,1,1,0.9,0.9,name_postcode,2026-08-11,0
08715168,1,1,0,0.9,0.9,name_postcode,2026-08-11,0
08716909,1,2,2,0.9,0.9,name_postcode,2026-08-11,0
08718815,1,2,2,0.9,0.9,name_postcode,2026-08-11,0
08720961,1,1,1,0.9,0.9,name_postcode,2026-08-11,0
08721598,1,1,2,0.9,0.9,name_postcode,2026-08-11,0
08725546,1,1,0,0.9,0.9,name_postcode,2026-08-11,0
08729377,1,2,10,0.9,0.9,name_postcode,2026-08-11,0
08731795,1,1,1,0.8,0.8,name_postcode_area,2026-08-11,0
08734122,1,1,0,0.8,0.8,name_postcode_area,2026-08-11,0
08738456,1,1,1,0.9,0.9,name_postcode,2026-08-11,0
08739059,1,1,3,0.9,0.9,name_postcode,2026-08-11,0
08740216,1,1,1,0.9,0.9,name_postcode,2026-08-11,0
08740976,1,1,11,0.9,0.9,name_postcode,2026-08-11,0
08746367,1,1,1,0.9,0.9,name_postcode,2026-08-11,0
08747757,1,1,1,0.9,0.9,name_postcode,2026-08-11,0
08748479,1,1,3,0.9,0.9,name_postcode,2026-08-11,0
08749032,1,1,2,0.9,0.9,name_postcode,2026-08-11,0
08749518,1,1,2,0.9,0.9,name_postcode,2026-08-11,0
08751331,1,1,4,0.9,0.9,name_postcode,2026-08-11,0
08755111,1,1,3,0.9,0.9,name_postcode,2026-08-11,0
08760805,1,2,2,0.9,0.9,name_postcode,2026-08-11,0
08763326,1,1,2,0.9,0.9,name_postcode,2026-08-11,0
08765819,1,1,1,0.9,0.9,name_postcode,2026-08-11,0
08766041,1,1,1,0.9,0.9,name_postcode,2026-08-11,0
08767350,1,1,1,0.9,0.9,name_postcode,2026-08-11,0
08768220,1,1,1,0.9,0.9,name_postcode,2026-08-11,0
08769142,1,1,4,0.9,0.9,name_postcode,2026-08-11,0
08769144,1,1,3,0.9,0.9,name_postcode,2026-08-11,0
08770309,1,1,6,0.9,0.9,name_postcode,2026-08-11,0
08771823,1,1,1,0.9,0.9,name_postcode,2026-08-11,0
08771953,1,1,6,0.9,0.9,name_postcode,2026-08-11,0
08774096,1,1,7,0.9,0.9,name_postcode,2026-08-11,0
08774942,1,1,1,0.9,0.9,name_postcode,2026-08-11,0
08777822,1,2,3,0.8,0.8,name_postcode_area,2026-08-11,0
08777984,1,1,1,0.9,0.9,name_postcode,2026-08-11,0
08781104,1,1,5,0.9,0.9,name_postcode,2026-08-11,0
08781841,1,1,2,0.9,0.9,name_postcode,2026-08-11,0
08782582,1,1,1,0.9,0.9,name_postcode,2026-08-11,0
08783030,1,1,1,0.9,0.9,name_postcode,2026-08-11,0
08783140,1,1,8,0.9,0.9,name_postcode,2026-08-11,0
08786776,1,1,2,0.9,0.9,name_postcode,2026-08-11,0
08788612,1,1,1,0.9,0.9,name_postcode,2026-08-11,0
08789020,1,1,1,0.8,0.8,name_postcode_area,2026-08-11,0
08789106,1,1,1,0.9,0.9,name_postcode,2026-08-11,0
08790960,1,2,9,0.9,0.9,name_postcode,2026-08-11,0
08792170,1,1,1,0.9,0.9,name_postcode,2026-08-11,0
08792892,1,1,1,0.8,0.8,name_postcode_area,2026-08-11,0
08795702,1,2,3,0.9,0.9,name_postcode,2026-08-11,0
08796786,1,2,7,0.9,0.9,name_postcode,2026-08-11,0
08798709,1,1,2,0.9,0.9,name_postcode,2026-08-11,0
08799395,1,1,1,0.9,0.9,name_postcode,2026-08-11,0
08802143,1,1,1,0.9,0.9,name_postcode,2026-08-11,0
08803177,1,2,3,0.9,0.9,name_postcode,2026-08-11,0
08806006,1,1,1,0.9,0.9,name_postcode,2026-08-11,0
08806556,1,1,1,0.9,0.9,name_postcode,2026-08-11,0
08808507,1,1,1,0.9,0.9,name_postcode,2026-08-11,0
08809514,1,1,2,0.9,0.9,name_postcode,2026-08-11,0
08810593,1,1,0,0.9,0.9,name_postcode,2026-08-11,0
08813912,1,1,6,0.9,0.9,name_postcode,2026-08-11,0
08815394,1,1,5,0.9,0.9,name_postcode,2026-08-11,0
08816782,1,1,1,0.8,0.8,name_postcode_area,2026-08-11,0
08819286,1,1,1,0.9,0.9,name_postcode,2026-08-11,0
08820427,1,1,1,0.9,0.9,name_postcode,2026-08-11,0
08820777,1,1,1,0.9,0.9,name_postcode,2026-08-11,0
08822989,1,1,4,0.9,0.9,name_postcode,2026-08-11,0
08823152,1,1,3,0.9,0.9,name_postcode,2026-08-11,0
08823340,1,1,1,0.9,0.9,name_postcode,2026-08-11,0
08825405,1,1,1,0.9,0.9,name_postcode,2026-08-11,0
08826207,1,1,5,0.9,0.9,name_postcode,2026-08-11,0
08826313,1,1,3,0.9,0.9,name_postcode,2026-08-11,0
08828403,1,2,6,0.9,0.9,name_postcode,2026-08-11,0
08828973,1,1,1,0.9,0.9,name_postcode,2026-08-11,0
08828998,1,1,1,0.9,0.9,name_postcode,2026-08-11,0
08829599,1,1,1,0.9,0.9,name_postcode,2026-08-11,0
08830988,1,1,1,0.9,0.9,name_postcode,2026-08-11,0
08833435,1,2,2,0.8,0.8,name_postcode_area,2026-08-11,0
08835326,1,2,8,0.9,0.9,name_postcode,2026-08-11,0
08835431,1,1,5,0.9,0.9,name_postcode,2026-08-11,0
08839072,1,1,3,0.9,0.9,name_postcode,2026-08-11,0
08839972,1,1,1,0.9,0.9,name_postcode,2026-08-11,0
08840264,1,1,1,0.9,0.9,name_postcode,2026-08-11,0
08841393,1,2,1,0.9,0.9,name_postcode,2026-08-11,0
08841985,1,1,1,0.9,0.9,name_postcode,2026-08-11,0
08842403,1,1,1,0.9,0.9,name_postcode,2026-08-11,0
08843778,1,1,3,0.9,0.9,name_postcode,2026-08-11,0
08844475,1,1,5,0.9,0.9,name_postcode,2026-08-11,0
08845600,1,1,2,0.9,0.9,name_postcode,2026-08-11,0
08846838,1,1,1,0.9,0.9,name_postcode,2026-08-11,0
08848188,1,1,1,0.9,0.9,name_postcode,2026-08-11,0
08853262,1,1,6,0.9,0.9,name_postcode,2026-08-11,0
08857426,1,1,2,0.9,0.9,name_postcode,2026-08-11,0
08858281,1,1,5,0.9,0.9,name_postcode,2026-08-11,0
08860375,1,1,1,0.9,0.9,name_postcode,2026-08-11,0
08860982,1,1,1,0.8,0.8,name_postcode_area,2026-08-11,0
08861194,1,1,7,0.9,0.9,name_postcode,2026-08-11,0
08861254,1,1,1,0.8,0.8,name_postcode_area,2026-08-11,0
08863657,1,1,0,0.9,0.9,name_postcode,2026-08-11,0
08866337,1,1,1,0.9,0.9,name_postcode,2026-08-11,0
08867781,1,1,1,0.9,0.9,name_postcode,2026-08-11,0
08870148,1,2,5,0.9,0.9,name_postcode,2026-08-11,0
08870608,1,1,2,0.8,0.8,name_postcode_area,2026-08-11,0
08873531,1,1,2,0.9,0.9,name_postcode,2026-08-11,0
08877085,1,1,1,0.9,0.9,name_postcode,2026-08-11,0
08881891,1,1,1,0.9,0.9,name_postcode,2026-08-11,0
08882661,1,1,2,0.9,0.9,name_postcode,2026-08-11,0
08886750,1,1,1,0.9,0.9,name_postcode,2026-08-11,0
08887223,1,1,1,0.9,0.9,name_postcode,2026-08-11,0
08889879,1,1,1,0.9,0.9,name_postcode,2026-08-11,0
08891750,1,1,1,0.9,0.9,name_postcode,2026-08-11,0
08893865,1,1,1,0.9,0.9,name_postcode,2026-08-11,0
08896825,1,1,1,0.9,0.9,name_postcode,2026-08-11,0
08898572,1,1,1,0.9,0.9,name_postcode,2026-08-11,0
08900619,1,1,1,0.9,0.9,name_postcode,2026-08-11,0
08901944,1,1,0,0.9,0.9,name_postcode,2026-08-11,0
08904518,1,2,1,0.9,0.9,name_postcode,2026-08-11,0
08905428,1,2,3,0.9,0.9,name_postcode,2026-08-11,0
08905612,1,1,3,0.9,0.9,name_postcode,2026-08-11,0
08906038,1,1,1,0.9,0.9,name_postcode,2026-08-11,0
08909917,1,1,1,0.9,0.9,name_postcode,2026-08-11,0
08914626,1,1,1,0.9,0.9,name_postcode,2026-08-11,0
08918146,1,2,5,0.9,0.9,name_postcode,2026-08-11,0
08919614,1,2,38,0.9,0.9,name_postcode,2026-08-11,0
08925404,1,1,3,0.9,0.9,name_postcode,2026-08-11,0
08926232,1,1,1,0.9,0.9,name_postcode,2026-08-11,0
08926428,1,1,0,0.8,0.8,name_postcode_area,2026-08-11,0
08927511,1,1,2,0.9,0.9,name_postcode,2026-08-11,0
08932568,1,1,1,0.9,0.9,name_postcode,2026-08-11,0
08932616,1,1,2,0.9,0.9,name_postcode,2026-08-11,0
08935017,1,1,4,0.8,0.8,name_postcode_area,2026-08-11,0
08938325,1,1,1,0.9,0.9,name_postcode,2026-08-11,0
08938549,1,1,3,0.8,0.8,name_postcode_area,2026-08-11,0
08939516,1,1,2,0.9,0.9,name_postcode,2026-08-11,0
08940934,1,1,1,0.9,0.9,name_postcode,2026-08-11,0
08941691,1,1,2,0.9,0.9,name_postcode,2026-08-11,0
08943127,1,1,1,0.9,0.9,name_postcode,2026-08-11,0
08945645,1,1,0,0.9,0.9,name_postcode,2026-08-11,0
08945991,1,1,0,0.9,0.9,name_postcode,2026-08-11,0
08946421,1,1,1,0.9,0.9,name_postcode,2026-08-11,0
08947592,1,1,3,0.9,0.9,name_postcode,2026-08-11,0
08949175,1,1,1,0.9,0.9,name_postcode,2026-08-11,0
08955041,1,2,1,0.9,0.9,name_postcode,2026-08-11,0
08957107,1,1,1,0.9,0.9,name_postcode,2026-08-11,0
08962503,1,1,1,0.9,0.9,name_postcode,2026-08-11,0
08964224,1,1,1,0.9,0.9,name_postcode,2026-08-11,0
08964242,1,1,2,0.9,0.9,name_postcode,2026-08-11,0
08969798,1,2,3,0.9,0.9,name_postcode,2026-08-11,0
08971500,1,1,2,0.9,0.9,name_postcode,2026-08-11,0
08971554,1,1,1,0.9,0.9,name_postcode,2026-08-11,0
08971725,1,1,1,0.9,0.9,name_postcode,2026-08-11,0
08973262,1,1,1,0.9,0.9,name_postcode,2026-08-11,0
08973706,1,1,2,0.9,0.9,name_postcode,2026-08-11,0
08977183,1,1,3,0.9,0.9,name_postcode,2026-08-11,0
08977255,1,1,0,0.9,0.9,name_postcode,2026-08-11,0
08977312,1,1,1,0.9,0.9,name_postcode,2026-08-11,0
08977402,1,1,3,0.8,0.8,name_postcode_area,2026-08-11,0
08981965,1,1,1,0.9,0.9,name_postcode,2026-08-11,0
08983823,1,1,6,0.9,0.9,name_postcode,2026-08-11,0
08985777,1,1,2,0.9,0.9,name_postcode,2026-08-11,0
08986421,1,1,1,0.9,0.9,name_postcode,2026-08-11,0
08991598,1,1,1,0.9,0.9,name_postcode,2026-08-11,0
08991884,1,1,1,0.9,0.9,name_postcode,2026-08-11,0
08994120,1,1,1,0.9,0.9,name_postcode,2026-08-11,0
08994433,1,1,1,0.9,0.9,name_postcode,2026-08-11,0
08996694,1,1,1,0.9,0.9,name_postcode,2026-08-11,0
09001464,1,1,1,0.9,0.9,name_postcode,2026-08-11,0
09001625,1,1,2,0.9,0.9,name_postcode,2026-08-11,0
09001817,1,1,4,0.9,0.9,name_postcode,2026-08-11,0
09010309,1,2,3,0.9,0.9,name_postcode,2026-08-11,0
09010597,1,2,13,0.9,0.9,name_postcode,2026-08-11,0
09017723,1,1,1,0.9,0.9,name_postcode,2026-08-11,0
09018507,1,1,1,0.9,0.9,name_postcode,2026-08-11,0
09018978,1,1,24,0.9,0.9,name_postcode,2026-08-11,0
09019006,1,2,5,0.9,0.9,name_postcode,2026-08-11,0
09020309,1,1,1,0.9,0.9,name_postcode,2026-08-11,0
09024495,1,2,8,0.9,0.9,name_postcode,2026-08-11,0
09026697,1,1,1,0.9,0.9,name_postcode,2026-08-11,0
09030244,1,1,3,0.9,0.9,name_postcode,2026-08-11,0
09033118,1,2,4,0.9,0.9,name_postcode,2026-08-11,0
09033275,1,1,1,0.9,0.9,name_postcode,2026-08-11,0
09035322,1,1,1,0.8,0.8,name_postcode_area,2026-08-11,0
09036712,1,1,6,0.9,0.9,name_postcode,2026-08-11,0
09038010,1,2,3,0.9,0.9,name_postcode,2026-08-11,0
09040107,1,1,1,0.8,0.8,name_postcode_area,2026-08-11,0
09040997,1,1,1,0.8,0.8,name_postcode_area,2026-08-11,0
09042909,1,1,4,0.9,0.9,name_postcode,2026-08-11,0
09043343,1,1,1,0.8,0.8,name_postcode_area,2026-08-11,0
09043795,1,1,3,0.9,0.9,name_postcode,2026-08-11,0
09044629,1,1,1,0.9,0.9,name_postcode,2026-08-11,0
09045963,1,1,1,0.9,0.9,name_postcode,2026-08-11,0
09047023,1,2,1,0.9,0.9,name_postcode,2026-08-11,0
09050850,1,1,1,0.9,0.9,name_postcode,2026-08-11,0
09051662,1,1,2,0.8,0.8,name_postcode_area,2026-08-11,0
09052793,1,2,3,0.8,0.8,name_postcode_area,2026-08-11,0
09054143,1,1,5,0.9,0.9,name_postcode,2026-08-11,0
09055837,1,1,2,0.9,0.9,name_postcode,2026-08-11,0
09057614,1,1,1,0.9,0.9,name_postcode,2026-08-11,0
09059363,1,1,1,0.9,0.9,name_postcode,2026-08-11,0
09060634,1,1,1,0.9,0.9,name_postcode,2026-08-11,0
09061413,1,2,1,0.9,0.9,name_postcode,2026-08-11,0
09062093,1,1,5,0.9,0.9,name_postcode,2026-08-11,0
09063915,1,1,2,0.9,0.9,name_postcode,2026-08-11,0
09069133,1,1,1,0.9,0.9,name_postcode,2026-08-11,0
09070341,1,1,1,0.9,0.9,name_postcode,2026-08-11,0
09072729,1,1,0,0.9,0.9,name_postcode,2026-08-11,0
09073746,1,1,1,0.9,0.9,name_postcode,2026-08-11,0
09073765,1,1,1,0.9,0.9,name_postcode,2026-08-11,0
09075620,1,1,1,0.9,0.9,name_postcode,2026-08-11,0
09076238,1,1,1,0.9,0.9,name_postcode,2026-08-11,0
09076735,1,1,7,0.9,0.9,name_postcode,2026-08-11,0
09077868,1,1,2,0.9,0.9,name_postcode,2026-08-11,0
09078914,1,1,1,0.9,0.9,name_postcode,2026-08-11,0
09079342,1,2,12,0.9,0.9,name_postcode,2026-08-11,0
09082696,1,1,1,0.9,0.9,name_postcode,2026-08-11,0
09084326,1,1,1,0.9,0.9,name_postcode,2026-08-11,0
09085324,1,1,1,0.9,0.9,name_postcode,2026-08-11,0
09086748,1,1,1,0.9,0.9,name_postcode,2026-08-11,0
09087514,1,1,1,0.8,0.8,name_postcode_area,2026-08-11,0
09089130,1,1,4,0.9,0.9,name_postcode,2026-08-11,0
09089238,1,1,1,0.9,0.9,name_postcode,2026-08-11,0
09090390,1,1,2,0.9,0.9,name_postcode,2026-08-11,0
09091612,1,2,2,0.9,0.9,name_postcode,2026-08-11,0
09095150,1,1,1,0.9,0.9,name_postcode,2026-08-11,0
09096050,1,1,0,0.9,0.9,name_postcode,2026-08-11,0
09096454,1,1,5,0.9,0.9,name_postcode,2026-08-11,0
09096965,1,1,1,0.9,0.9,name_postcode,2026-08-11,0
09098192,1,1,3,0.9,0.9,name_postcode,2026-08-11,0
09098644,1,1,2,0.9,0.9,name_postcode,2026-08-11,0
09098699,1,1,0,0.9,0.9,name_postcode,2026-08-11,0
09099121,1,1,2,0.9,0.9,name_postcode,2026-08-11,0
09100456,1,1,1,0.8,0.8,name_postcode_area,2026-08-11,0
09101474,1,1,1,0.9,0.9,name_postcode,2026-08-11,0
09101770,1,1,2,0.9,0.9,name_postcode,2026-08-11,0
09106929,1,1,2,0.9,0.9,name_postcode,2026-08-11,0
09108680,1,1,1,0.9,0.9,name_postcode,2026-08-11,0
09110802,1,1,1,0.9,0.9,name_postcode,2026-08-11,0
09111612,1,1,1,0.9,0.9,name_postcode,2026-08-11,0
09111674,1,1,2,0.9,0.9,name_postcode,2026-08-11,0
09113479,1,1,1,0.9,0.9,name_postcode,2026-08-11,0
09114186,1,1,2,0.9,0.9,name_postcode,2026-08-11,0
09115046,1,1,2,0.9,0.9,name_postcode,2026-08-11,0
09115330,1,1,1,0.9,0.9,name_postcode,2026-08-11,0
09115837,1,2,19,0.8,0.8,name_postcode_area,2026-08-11,0
09118510,1,1,3,0.9,0.9,name_postcode,2026-08-11,0
09118656,1,1,3,0.9,0.9,name_postcode,2026-08-11,0
09121176,1,1,2,0.9,0.9,name_postcode,2026-08-11,0
09121572,1,5,112,0.9,0.8,name_postcode|name_postcode_area,2026-08-11,0
09121732,1,1,1,0.8,0.8,name_postcode_area,2026-08-11,0
09121802,1,1,1,0.9,0.9,name_postcode,2026-08-11,0
09121837,1,1,1,0.9,0.9,name_postcode,2026-08-11,0
09123539,1,1,1,0.9,0.9,name_postcode,2026-08-11,0
09123710,1,1,6,0.9,0.9,name_postcode,2026-08-11,0
09132721,1,1,2,0.9,0.9,name_postcode,2026-08-11,0
09133207,1,1,1,0.9,0.9,name_postcode,2026-08-11,0
09137387,1,1,4,0.9,0.9,name_postcode,2026-08-11,0
09139226,1,1,3,0.8,0.8,name_postcode_area,2026-08-11,0
09139423,1,1,1,0.9,0.9,name_postcode,2026-08-11,0
09139511,1,1,1,0.9,0.9,name_postcode,2026-08-11,0
09140967,1,1,0,0.9,0.9,name_postcode,2026-08-11,0
09142836,1,1,1,0.9,0.9,name_postcode,2026-08-11,0
09143399,1,1,3,0.9,0.9,name_postcode,2026-08-11,0
09144414,1,1,4,0.9,0.9,name_postcode,2026-08-11,0
09147492,1,1,0,0.9,0.9,name_postcode,2026-08-11,0
09147619,1,2,7,0.9,0.9,name_postcode,2026-08-11,0
09153589,1,1,2,0.9,0.9,name_postcode,2026-08-11,0
09157220,1,1,1,0.9,0.9,name_postcode,2026-08-11,0
09157696,1,2,5,0.9,0.9,name_postcode,2026-08-11,0
09158177,1,1,2,0.9,0.9,name_postcode,2026-08-11,0
09158663,1,1,2,0.9,0.9,name_postcode,2026-08-11,0
09158789,1,1,1,0.9,0.9,name_postcode,2026-08-11,0
09159056,1,2,6,0.9,0.9,name_postcode,2026-08-11,0
09159129,1,1,1,0.9,0.9,name_postcode,2026-08-11,0
09163154,1,1,14,0.9,0.9,name_postcode,2026-08-11,0
09165371,1,1,1,0.9,0.9,name_postcode,2026-08-11,0
09167505,1,1,5,0.9,0.9,name_postcode,2026-08-11,0
09174947,1,1,1,0.9,0.9,name_postcode,2026-08-11,0
09176624,1,1,1,0.8,0.8,name_postcode_area,2026-08-11,0
09180742,1,1,3,0.9,0.9,name_postcode,2026-08-11,0
09185796,1,1,7,0.9,0.9,name_postcode,2026-08-11,0
09187206,1,2,4,0.9,0.9,name_postcode,2026-08-11,0
09187218,1,1,2,0.9,0.9,name_postcode,2026-08-11,0
09188375,1,1,4,0.9,0.9,name_postcode,2026-08-11,0
09191359,1,1,1,0.9,0.9,name_postcode,2026-08-11,0
09194045,1,1,1,0.9,0.9,name_postcode,2026-08-11,0
09195223,1,1,2,0.9,0.9,name_postcode,2026-08-11,0
09197476,1,1,8,0.9,0.9,name_postcode,2026-08-11,0
09199537,1,1,1,0.8,0.8,name_postcode_area,2026-08-11,0
09200454,1,2,6,0.9,0.9,name_postcode,2026-08-11,0
09201493,1,1,1,0.9,0.9,name_postcode,2026-08-11,0
09201991,1,1,2,0.9,0.9,name_postcode,2026-08-11,0
09202565,1,1,1,0.8,0.8,name_postcode_area,2026-08-11,0
09202671,1,1,1,0.9,0.9,name_postcode,2026-08-11,0
09208322,1,1,3,0.9,0.9,name_postcode,2026-08-11,0
09208926,1,1,1,0.9,0.9,name_postcode,2026-08-11,0
09209311,1,1,2,0.9,0.9,name_postcode,2026-08-11,0
09210371,1,2,40,0.9,0.9,name_postcode,2026-08-11,0
09211640,1,1,1,0.9,0.9,name_postcode,2026-08-11,0
09211736,1,1,1,0.9,0.9,name_postcode,2026-08-11,0
09212352,1,1,1,0.9,0.9,name_postcode,2026-08-11,0
09213393,1,1,1,0.9,0.9,name_postcode,2026-08-11,0
09214364,1,1,6,0.9,0.9,name_postcode,2026-08-11,0
09216154,1,1,3,0.9,0.9,name_postcode,2026-08-11,0
09216368,1,1,1,0.9,0.9,name_postcode,2026-08-11,0
09216846,1,1,1,0.9,0.9,name_postcode,2026-08-11,0
09217051,1,2,2,0.9,0.8,name_postcode|name_postcode_area,2026-08-11,0
09217106,1,1,0,0.9,0.9,name_postcode,2026-08-11,0
09219890,1,1,6,0.9,0.9,name_postcode,2026-08-11,0
09221340,1,1,8,0.9,0.9,name_postcode,2026-08-11,0
09221533,1,1,1,0.9,0.9,name_postcode,2026-08-11,0
09222463,1,1,6,0.9,0.9,name_postcode,2026-08-11,0
09224191,1,1,3,0.9,0.9,name_postcode,2026-08-11,0
09225571,1,1,3,0.9,0.9,name_postcode,2026-08-11,0
09226295,1,1,1,0.9,0.9,name_postcode,2026-08-11,0
09228490,1,1,1,0.9,0.9,name_postcode,2026-08-11,0
09229858,1,1,0,0.9,0.9,name_postcode,2026-08-11,0
09232710,1,1,0,0.9,0.9,name_postcode,2026-08-11,0
09233963,1,1,2,0.9,0.9,name_postcode,2026-08-11,0
09235089,1,1,2,0.9,0.9,name_postcode,2026-08-11,0
09235928,1,1,1,0.9,0.9,name_postcode,2026-08-11,0
09236093,1,1,2,0.9,0.9,name_postcode,2026-08-11,0
09237671,1,2,4,0.9,0.9,name_postcode,2026-08-11,0
09238578,1,1,1,0.9,0.9,name_postcode,2026-08-11,0
09241011,1,1,1,0.9,0.9,name_postcode,2026-08-11,0
09241306,1,1,1,0.9,0.9,name_postcode,2026-08-11,0
09242021,1,1,2,0.9,0.9,name_postcode,2026-08-11,0
09242159,1,1,1,0.9,0.9,name_postcode,2026-08-11,0
09242359,1,2,13,0.9,0.9,name_postcode,2026-08-11,0
09242925,1,1,1,0.9,0.9,name_postcode,2026-08-11,0
09243907,1,1,13,0.9,0.9,name_postcode,2026-08-11,0
09244335,1,1,1,0.9,0.9,name_postcode,2026-08-11,0
09248842,1,1,1,0.9,0.9,name_postcode,2026-08-11,0
09249083,1,1,2,0.9,0.9,name_postcode,2026-08-11,0
09250737,1,1,1,0.9,0.9,name_postcode,2026-08-11,0
09251995,1,1,10,0.8,0.8,name_postcode_area,2026-08-11,0
09256625,1,1,0,0.9,0.9,name_postcode,2026-08-11,0
09258078,1,1,1,0.9,0.9,name_postcode,2026-08-11,0
09259573,1,1,1,0.9,0.9,name_postcode,2026-08-11,0
09260399,1,1,4,0.9,0.9,name_postcode,2026-08-11,0
09261020,1,1,5,0.9,0.9,name_postcode,2026-08-11,0
09264260,1,1,0,0.9,0.9,name_postcode,2026-08-11,0
09265671,1,2,3,0.9,0.9,name_postcode,2026-08-11,0
09266387,1,1,1,0.9,0.9,name_postcode,2026-08-11,0
09268924,1,1,6,0.9,0.9,name_postcode,2026-08-11,0
09270794,1,1,4,0.9,0.9,name_postcode,2026-08-11,0
09271739,1,1,3,0.9,0.9,name_postcode,2026-08-11,0
09272283,1,1,1,0.9,0.9,name_postcode,2026-08-11,0
09273975,1,1,0,0.9,0.9,name_postcode,2026-08-11,0
09274301,1,1,5,0.9,0.9,name_postcode,2026-08-11,0
09276549,1,1,2,0.8,0.8,name_postcode_area,2026-08-11,0
09277638,1,1,1,0.9,0.9,name_postcode,2026-08-11,0
09280652,1,1,1,0.9,0.9,name_postcode,2026-08-11,0
09282850,1,1,1,0.9,0.9,name_postcode,2026-08-11,0
09283492,1,1,6,0.9,0.9,name_postcode,2026-08-11,0
09286231,1,1,7,0.9,0.9,name_postcode,2026-08-11,0
09287583,1,1,6,0.8,0.8,name_postcode_area,2026-08-11,0
09289469,1,1,4,0.9,0.9,name_postcode,2026-08-11,0
09292608,1,1,0,0.9,0.9,name_postcode,2026-08-11,0
09293326,1,1,1,0.9,0.9,name_postcode,2026-08-11,0
09299166,1,1,3,0.9,0.9,name_postcode,2026-08-11,0
09299369,1,1,0,0.9,0.9,name_postcode,2026-08-11,0
09300637,1,1,9,0.9,0.9,name_postcode,2026-08-11,0
09301505,1,1,1,0.9,0.9,name_postcode,2026-08-11,0
09305800,1,1,1,0.9,0.9,name_postcode,2026-08-11,0
09314187,1,1,2,0.8,0.8,name_postcode_area,2026-08-11,0
09315389,1,1,0,0.9,0.9,name_postcode,2026-08-11,0
09318672,1,1,1,0.9,0.9,name_postcode,2026-08-11,0
09323441,1,1,1,0.9,0.9,name_postcode,2026-08-11,0
09324902,1,1,1,0.8,0.8,name_postcode_area,2026-08-11,0
09325731,1,1,2,0.9,0.9,name_postcode,2026-08-11,0
09328237,1,1,2,0.9,0.9,name_postcode,2026-08-11,0
09328707,1,1,1,0.9,0.9,name_postcode,2026-08-11,0
09329352,1,1,6,0.9,0.9,name_postcode,2026-08-11,0
09331486,1,1,1,0.9,0.9,name_postcode,2026-08-11,0
09331560,1,2,4,0.9,0.9,name_postcode,2026-08-11,0
09331992,1,1,6,0.9,0.9,name_postcode,2026-08-11,0
09335735,1,1,2,0.9,0.9,name_postcode,2026-08-11,0
09336997,1,1,1,0.9,0.9,name_postcode,2026-08-11,0
09337155,1,1,0,0.8,0.8,name_postcode_area,2026-08-11,0
09337185,1,1,4,0.9,0.9,name_postcode,2026-08-11,0
09337217,1,1,6,0.9,0.9,name_postcode,2026-08-11,0
09340538,1,1,1,0.9,0.9,name_postcode,2026-08-11,0
09342149,1,1,2,0.8,0.8,name_postcode_area,2026-08-11,0
09343496,1,2,3,0.9,0.9,name_postcode,2026-08-11,0
09344868,1,1,1,0.9,0.9,name_postcode,2026-08-11,0
09346363,1,1,4,0.9,0.9,name_postcode,2026-08-11,0
09347013,1,1,8,0.9,0.9,name_postcode,2026-08-11,0
09348039,1,1,5,0.9,0.9,name_postcode,2026-08-11,0
09348394,1,2,4,0.9,0.9,name_postcode,2026-08-11,0
09353579,1,1,0,0.9,0.9,name_postcode,2026-08-11,0
09353590,1,1,1,0.9,0.9,name_postcode,2026-08-11,0
09354350,1,1,1,0.8,0.8,name_postcode_area,2026-08-11,0
09354881,1,1,1,0.9,0.9,name_postcode,2026-08-11,0
09355825,1,1,2,0.9,0.9,name_postcode,2026-08-11,0
09359007,1,1,1,0.9,0.9,name_postcode,2026-08-11,0
09360214,1,1,7,0.9,0.9,name_postcode,2026-08-11,0
09361674,1,1,1,0.9,0.9,name_postcode,2026-08-11,0
09362043,1,1,1,0.8,0.8,name_postcode_area,2026-08-11,0
09364024,1,1,1,0.9,0.9,name_postcode,2026-08-11,0
09364380,1,1,1,0.9,0.9,name_postcode,2026-08-11,0
09364792,1,2,1,0.9,0.9,name_postcode,2026-08-11,0
09366402,1,1,3,0.9,0.9,name_postcode,2026-08-11,0
09366606,1,1,1,0.8,0.8,name_postcode_area,2026-08-11,0
09370482,1,1,2,0.9,0.9,name_postcode,2026-08-11,0
09371688,1,1,1,0.8,0.8,name_postcode_area,2026-08-11,0
09376628,1,1,11,0.9,0.9,name_postcode,2026-08-11,0
09380029,1,1,2,0.9,0.9,name_postcode,2026-08-11,0
09381802,1,1,1,0.9,0.9,name_postcode,2026-08-11,0
09382834,1,1,0,0.9,0.9,name_postcode,2026-08-11,0
09387980,1,1,1,0.9,0.9,name_postcode,2026-08-11,0
09389687,1,1,6,0.9,0.9,name_postcode,2026-08-11,0
09389871,1,1,6,0.9,0.9,name_postcode,2026-08-11,0
09393538,1,1,6,0.9,0.9,name_postcode,2026-08-11,0
09396640,1,1,2,0.9,0.9,name_postcode,2026-08-11,0
09397096,1,1,1,0.8,0.8,name_postcode_area,2026-08-11,0
09397756,1,1,1,0.9,0.9,name_postcode,2026-08-11,0
09397945,1,1,13,0.9,0.9,name_postcode,2026-08-11,0
09401477,1,1,3,0.9,0.9,name_postcode,2026-08-11,0
09401729,1,1,1,0.9,0.9,name_postcode,2026-08-11,0
09405147,1,1,7,0.9,0.9,name_postcode,2026-08-11,0
09410281,1,1,2,0.9,0.9,name_postcode,2026-08-11,0
09412383,1,1,2,0.9,0.9,name_postcode,2026-08-11,0
09412721,1,1,2,0.8,0.8,name_postcode_area,2026-08-11,0
09412785,1,1,16,0.9,0.9,name_postcode,2026-08-11,0
09413107,1,1,32,0.9,0.9,name_postcode,2026-08-11,0
09418609,1,1,1,0.9,0.9,name_postcode,2026-08-11,0
09422021,1,1,1,0.9,0.9,name_postcode,2026-08-11,0
09422280,1,1,3,0.9,0.9,name_postcode,2026-08-11,0
09431993,1,1,0,0.9,0.9,name_postcode,2026-08-11,0
09440453,1,2,3,0.8,0.8,name_postcode_area,2026-08-11,0
09440594,1,1,1,0.9,0.9,name_postcode,2026-08-11,0
09444238,1,1,8,0.9,0.9,name_postcode,2026-08-11,0
09451019,1,1,1,0.9,0.9,name_postcode,2026-08-11,0
09451270,1,1,2,0.9,0.9,name_postcode,2026-08-11,0
09451374,1,1,1,0.9,0.9,name_postcode,2026-08-11,0
09452530,1,1,3,0.8,0.8,name_postcode_area,2026-08-11,0
09461270,1,1,1,0.9,0.9,name_postcode,2026-08-11,0
09462667,1,1,2,0.9,0.9,name_postcode,2026-08-11,0
09462917,1,1,2,0.9,0.9,name_postcode,2026-08-11,0
09467966,1,1,1,0.9,0.9,name_postcode,2026-08-11,0
09468095,1,1,1,0.8,0.8,name_postcode_area,2026-08-11,0
09468987,1,1,4,0.9,0.9,name_postcode,2026-08-11,0
09469665,1,1,2,0.9,0.9,name_postcode,2026-08-11,0
09470381,1,1,3,0.9,0.9,name_postcode,2026-08-11,0
09474918,1,1,1,0.8,0.8,name_postcode_area,2026-08-11,0
09476013,1,1,2,0.9,0.9,name_postcode,2026-08-11,0
09476600,1,2,4,0.9,0.9,name_postcode,2026-08-11,0
09476875,1,1,2,0.9,0.9,name_postcode,2026-08-11,0
09479402,1,1,1,0.9,0.9,name_postcode,2026-08-11,0
09481183,1,1,1,0.9,0.9,name_postcode,2026-08-11,0
09483748,1,1,1,0.8,0.8,name_postcode_area,2026-08-11,0
09483987,1,1,2,0.9,0.9,name_postcode,2026-08-11,0
09484417,1,1,2,0.9,0.9,name_postcode,2026-08-11,0
09484935,1,1,2,0.9,0.9,name_postcode,2026-08-11,0
09486419,1,1,0,0.9,0.9,name_postcode,2026-08-11,0
09489274,1,1,1,0.9,0.9,name_postcode,2026-08-11,0
09495014,1,1,1,0.8,0.8,name_postcode_area,2026-08-11,0
09498226,1,1,1,0.9,0.9,name_postcode,2026-08-11,0
09500190,1,1,3,0.9,0.9,name_postcode,2026-08-11,0
09503491,1,1,1,0.9,0.9,name_postcode,2026-08-11,0
09505101,1,1,1,0.9,0.9,name_postcode,2026-08-11,0
09506135,1,1,1,0.9,0.9,name_postcode,2026-08-11,0
09509284,1,1,1,0.9,0.9,name_postcode,2026-08-11,0
09510278,1,1,1,0.9,0.9,name_postcode,2026-08-11,0
09510306,1,1,1,0.9,0.9,name_postcode,2026-08-11,0
09510557,1,1,6,0.9,0.9,name_postcode,2026-08-11,0
09510922,1,1,1,0.9,0.9,name_postcode,2026-08-11,0
09511211,1,1,1,0.8,0.8,name_postcode_area,2026-08-11,0
09512457,1,3,131,0.9,0.9,name_postcode,2026-08-11,0
09512718,1,1,1,0.9,0.9,name_postcode,2026-08-11,0
09513014,1,1,2,0.9,0.9,name_postcode,2026-08-11,0
09515944,1,1,1,0.9,0.9,name_postcode,2026-08-11,0
09517069,1,1,1,0.9,0.9,name_postcode,2026-08-11,0
09517558,1,1,4,0.9,0.9,name_postcode,2026-08-11,0
09519441,1,1,1,0.9,0.9,name_postcode,2026-08-11,0
09521139,1,1,5,0.9,0.9,name_postcode,2026-08-11,0
09526225,1,1,4,0.9,0.9,name_postcode,2026-08-11,0
09526444,1,1,1,0.8,0.8,name_postcode_area,2026-08-11,0
09526512,1,2,6,0.9,0.8,name_postcode|name_postcode_area,2026-08-11,0
09526878,1,1,1,0.9,0.9,name_postcode,2026-08-11,0
09530381,1,1,2,0.9,0.9,name_postcode,2026-08-11,0
09530778,1,1,5,0.9,0.9,name_postcode,2026-08-11,0
09530781,1,1,1,0.9,0.9,name_postcode,2026-08-11,0
09531209,1,1,1,0.9,0.9,name_postcode,2026-08-11,0
09533239,1,1,3,0.9,0.9,name_postcode,2026-08-11,0
09534346,1,1,2,0.9,0.9,name_postcode,2026-08-11,0
09537198,1,1,1,0.9,0.9,name_postcode,2026-08-11,0
09538052,1,1,5,0.9,0.9,name_postcode,2026-08-11,0
09542701,1,1,1,0.9,0.9,name_postcode,2026-08-11,0
09544910,1,1,5,0.9,0.9,name_postcode,2026-08-11,0
09546095,1,1,0,0.9,0.9,name_postcode,2026-08-11,0
09546202,1,1,1,0.9,0.9,name_postcode,2026-08-11,0
09548906,1,1,3,0.9,0.9,name_postcode,2026-08-11,0
09549116,1,1,1,0.9,0.9,name_postcode,2026-08-11,0
09549371,1,1,1,0.9,0.9,name_postcode,2026-08-11,0
09550855,1,1,0,0.9,0.9,name_postcode,2026-08-11,0
09552488,1,1,1,0.8,0.8,name_postcode_area,2026-08-11,0
09552932,1,1,2,0.9,0.9,name_postcode,2026-08-11,0
09553318,1,1,1,0.9,0.9,name_postcode,2026-08-11,0
09557939,1,1,3,0.9,0.9,name_postcode,2026-08-11,0
09559469,1,1,4,0.9,0.9,name_postcode,2026-08-11,0
09561538,1,2,9,0.9,0.9,name_postcode,2026-08-11,0
09562293,1,1,1,0.9,0.9,name_postcode,2026-08-11,0
09567186,1,1,5,0.9,0.9,name_postcode,2026-08-11,0
09568377,1,2,1,0.8,0.8,name_postcode_area,2026-08-11,0
09568821,1,1,1,0.8,0.8,name_postcode_area,2026-08-11,0
09570139,1,1,4,0.9,0.9,name_postcode,2026-08-11,0
09570560,1,1,1,0.9,0.9,name_postcode,2026-08-11,0
09573122,1,1,10,0.9,0.9,name_postcode,2026-08-11,0
09573243,1,1,1,0.9,0.9,name_postcode,2026-08-11,0
09574385,1,1,1,0.8,0.8,name_postcode_area,2026-08-11,0
09575301,1,2,4,0.9,0.8,name_postcode|name_postcode_area,2026-08-11,0
09576709,1,1,2,0.9,0.9,name_postcode,2026-08-11,0
09579679,1,1,4,0.9,0.9,name_postcode,2026-08-11,0
09583495,1,1,1,0.9,0.9,name_postcode,2026-08-11,0
09587265,1,1,3,0.9,0.9,name_postcode,2026-08-11,0
09588207,1,1,1,0.8,0.8,name_postcode_area,2026-08-11,0
09589495,1,1,1,0.8,0.8,name_postcode_area,2026-08-11,0
09590278,1,1,3,0.9,0.9,name_postcode,2026-08-11,0
09591953,1,1,1,0.9,0.9,name_postcode,2026-08-11,0
09592716,1,1,1,0.9,0.9,name_postcode,2026-08-11,0
09597663,1,1,1,0.8,0.8,name_postcode_area,2026-08-11,0
09598378,1,1,5,0.9,0.9,name_postcode,2026-08-11,0
09599109,1,1,0,0.9,0.9,name_postcode,2026-08-11,0
09599672,1,1,1,0.9,0.9,name_postcode,2026-08-11,0
09600243,1,1,2,0.9,0.9,name_postcode,2026-08-11,0
09603360,1,1,1,0.9,0.9,name_postcode,2026-08-11,0
09607564,1,1,1,0.9,0.9,name_postcode,2026-08-11,0
09608501,1,1,5,0.9,0.9,name_postcode,2026-08-11,0
09609198,1,1,2,0.9,0.9,name_postcode,2026-08-11,0
09609270,1,1,1,0.9,0.9,name_postcode,2026-08-11,0
09610219,1,1,2,0.9,0.9,name_postcode,2026-08-11,0
09610856,1,1,1,0.9,0.9,name_postcode,2026-08-11,0
09612773,1,2,5,0.9,0.9,name_postcode,2026-08-11,0
09612787,1,1,2,0.9,0.9,name_postcode,2026-08-11,0
09616121,1,1,1,0.9,0.9,name_postcode,2026-08-11,0
09616956,1,3,7,0.9,0.8,name_postcode|name_postcode_area,2026-08-11,0
09617215,1,1,6,0.9,0.9,name_postcode,2026-08-11,0
09618523,1,2,7,0.8,0.8,name_postcode_area,2026-08-11,0
09618575,1,2,1,0.8,0.8,name_postcode_area,2026-08-11,0
09618675,1,1,2,0.9,0.9,name_postcode,2026-08-11,0
09620296,1,1,3,0.9,0.9,name_postcode,2026-08-11,0
09620994,1,1,1,0.9,0.9,name_postcode,2026-08-11,0
09621933,1,1,1,0.8,0.8,name_postcode_area,2026-08-11,0
09622887,1,1,1,0.9,0.9,name_postcode,2026-08-11,0
09622961,1,1,7,0.9,0.9,name_postcode,2026-08-11,0
09625244,1,1,1,0.9,0.9,name_postcode,2026-08-11,0
09625907,1,1,0,0.8,0.8,name_postcode_area,2026-08-11,0
09626352,1,2,27,0.9,0.9,name_postcode,2026-08-11,0
09627221,1,1,1,0.9,0.9,name_postcode,2026-08-11,0
09627731,1,1,1,0.9,0.9,name_postcode,2026-08-11,0
09629154,1,1,1,0.9,0.9,name_postcode,2026-08-11,0
09629878,1,1,3,0.9,0.9,name_postcode,2026-08-11,0
09631202,1,1,3,0.9,0.9,name_postcode,2026-08-11,0
09631255,1,1,2,0.9,0.9,name_postcode,2026-08-11,0
09633575,1,2,5,0.8,0.8,name_postcode_area,2026-08-11,0
09634144,1,1,1,0.9,0.9,name_postcode,2026-08-11,0
09639786,1,1,1,0.9,0.9,name_postcode,2026-08-11,0
09640974,1,1,4,0.9,0.9,name_postcode,2026-08-11,0
09643149,1,1,2,0.9,0.9,name_postcode,2026-08-11,0
09647137,1,2,4,0.9,0.9,name_postcode,2026-08-11,0
09647740,1,1,10,0.9,0.9,name_postcode,2026-08-11,0
09648878,1,1,2,0.9,0.9,name_postcode,2026-08-11,0
09649603,1,1,3,0.9,0.9,name_postcode,2026-08-11,0
09650698,1,1,1,0.9,0.9,name_postcode,2026-08-11,0
09652259,1,1,1,0.9,0.9,name_postcode,2026-08-11,0
09654079,1,1,1,0.9,0.9,name_postcode,2026-08-11,0
09655087,1,1,3,0.9,0.9,name_postcode,2026-08-11,0
09660060,1,1,1,0.9,0.9,name_postcode,2026-08-11,0
09663127,1,1,1,0.9,0.9,name_postcode,2026-08-11,0
09663738,1,1,1,0.9,0.9,name_postcode,2026-08-11,0
09666754,1,1,2,0.9,0.9,name_postcode,2026-08-11,0
09669815,1,2,8,0.8,0.8,name_postcode_area,2026-08-11,0
09670486,1,1,2,0.9,0.9,name_postcode,2026-08-11,0
09672072,1,1,4,0.9,0.9,name_postcode,2026-08-11,0
09672937,1,1,2,0.8,0.8,name_postcode_area,2026-08-11,0
09676542,1,1,1,0.9,0.9,name_postcode,2026-08-11,0
09676686,1,1,3,0.9,0.9,name_postcode,2026-08-11,0
09680395,1,1,1,0.9,0.9,name_postcode,2026-08-11,0
09681747,1,1,1,0.9,0.9,name_postcode,2026-08-11,0
09685974,1,1,1,0.9,0.9,name_postcode,2026-08-11,0
09691646,1,1,1,0.9,0.9,name_postcode,2026-08-11,0
09693520,1,1,1,0.9,0.9,name_postcode,2026-08-11,0
09693923,1,1,1,0.9,0.9,name_postcode,2026-08-11,0
09699862,1,1,0,0.9,0.9,name_postcode,2026-08-11,0
09700231,1,1,1,0.9,0.9,name_postcode,2026-08-11,0
09700571,1,1,1,0.9,0.9,name_postcode,2026-08-11,0
09700923,1,2,8,0.9,0.9,name_postcode,2026-08-11,0
09701798,1,1,1,0.9,0.9,name_postcode,2026-08-11,0
09702692,1,1,3,0.9,0.9,name_postcode,2026-08-11,0
09704072,1,1,3,0.9,0.9,name_postcode,2026-08-11,0
09704443,1,1,5,0.8,0.8,name_postcode_area,2026-08-11,0
09707638,1,1,2,0.9,0.9,name_postcode,2026-08-11,0
09708880,1,2,16,0.9,0.9,name_postcode,2026-08-11,0
09710646,1,1,1,0.9,0.9,name_postcode,2026-08-11,0
09711030,1,1,0,0.9,0.9,name_postcode,2026-08-11,0
09713717,1,1,1,0.9,0.9,name_postcode,2026-08-11,0
09714448,1,1,1,0.9,0.9,name_postcode,2026-08-11,0
09716937,1,2,2,0.9,0.9,name_postcode,2026-08-11,0
09717655,1,1,0,0.9,0.9,name_postcode,2026-08-11,0
09718792,1,2,1,0.8,0.8,name_postcode_area,2026-08-11,0
09719917,1,1,1,0.8,0.8,name_postcode_area,2026-08-11,0
09720950,1,1,1,0.9,0.9,name_postcode,2026-08-11,0
09725947,1,1,1,0.9,0.9,name_postcode,2026-08-11,0
09727651,1,1,3,0.9,0.9,name_postcode,2026-08-11,0
09735090,1,1,1,0.9,0.9,name_postcode,2026-08-11,0
09735907,1,1,1,0.9,0.9,name_postcode,2026-08-11,0
09736075,1,1,3,0.9,0.9,name_postcode,2026-08-11,0
09739118,1,1,2,0.9,0.9,name_postcode,2026-08-11,0
09739753,1,1,2,0.9,0.9,name_postcode,2026-08-11,0
09744666,1,1,1,0.9,0.9,name_postcode,2026-08-11,0
09747274,1,1,1,0.9,0.9,name_postcode,2026-08-11,0
09749198,1,1,2,0.9,0.9,name_postcode,2026-08-11,0
09750381,1,1,1,0.8,0.8,name_postcode_area,2026-08-11,0
09751861,1,1,2,0.9,0.9,name_postcode,2026-08-11,0
09752813,1,1,6,0.9,0.9,name_postcode,2026-08-11,0
09755239,1,1,0,0.8,0.8,name_postcode_area,2026-08-11,0
09757696,1,1,1,0.9,0.9,name_postcode,2026-08-11,0
09759671,1,1,2,0.9,0.9,name_postcode,2026-08-11,0
09760015,1,1,1,0.9,0.9,name_postcode,2026-08-11,0
09760850,1,1,1,0.9,0.9,name_postcode,2026-08-11,0
09761661,1,1,3,0.9,0.9,name_postcode,2026-08-11,0
09764411,1,1,4,0.9,0.9,name_postcode,2026-08-11,0
09768347,1,1,1,0.9,0.9,name_postcode,2026-08-11,0
09768501,1,1,2,0.8,0.8,name_postcode_area,2026-08-11,0
09769779,1,1,2,0.9,0.9,name_postcode,2026-08-11,0
09773308,1,1,1,0.9,0.9,name_postcode,2026-08-11,0
09775120,1,1,1,0.9,0.9,name_postcode,2026-08-11,0
09775900,1,1,2,0.9,0.9,name_postcode,2026-08-11,0
09776249,1,1,1,0.9,0.9,name_postcode,2026-08-11,0
09780442,1,1,0,0.9,0.9,name_postcode,2026-08-11,0
09781531,1,1,0,0.9,0.9,name_postcode,2026-08-11,0
09786339,1,1,2,0.9,0.9,name_postcode,2026-08-11,0
09787762,1,1,7,0.9,0.9,name_postcode,2026-08-11,0
09789580,1,1,0,0.9,0.9,name_postcode,2026-08-11,0
09791540,1,1,0,0.9,0.9,name_postcode,2026-08-11,0
09793739,1,1,10,0.8,0.8,name_postcode_area,2026-08-11,0
09796975,1,2,3,0.9,0.9,name_postcode,2026-08-11,0
09801932,1,1,49,0.8,0.8,name_postcode_area,2026-08-11,0
09801981,1,1,1,0.9,0.9,name_postcode,2026-08-11,0
09802998,1,1,3,0.9,0.9,name_postcode,2026-08-11,0
09805546,1,1,1,0.9,0.9,name_postcode,2026-08-11,0
09808169,1,2,3,0.9,0.8,name_postcode|name_postcode_area,2026-08-11,0
09812345,1,1,2,0.8,0.8,name_postcode_area,2026-08-11,0
09814285,1,1,0,0.8,0.8,name_postcode_area,2026-08-11,0
09814654,1,1,1,0.9,0.9,name_postcode,2026-08-11,0
09817891,1,1,2,0.9,0.9,name_postcode,2026-08-11,0
09819016,1,1,1,0.9,0.9,name_postcode,2026-08-11,0
09820485,1,1,2,0.9,0.9,name_postcode,2026-08-11,0
09821257,1,1,3,0.9,0.9,name_postcode,2026-08-11,0
09821376,1,1,0,0.9,0.9,name_postcode,2026-08-11,0
09821734,1,1,3,0.9,0.9,name_postcode,2026-08-11,0
09821983,1,1,7,0.9,0.9,name_postcode,2026-08-11,0
09823660,1,1,1,0.9,0.9,name_postcode,2026-08-11,0
09824006,1,1,2,0.9,0.9,name_postcode,2026-08-11,0
09824688,1,1,2,0.9,0.9,name_postcode,2026-08-11,0
09826669,1,2,2,0.9,0.9,name_postcode,2026-08-11,0
09829727,1,2,12,0.9,0.8,name_postcode|name_postcode_area,2026-08-11,0
09832135,1,1,2,0.9,0.9,name_postcode,2026-08-11,0
09834758,1,1,1,0.9,0.9,name_postcode,2026-08-11,0
09836625,1,1,1,0.9,0.9,name_postcode,2026-08-11,0
09839967,1,2,4,0.9,0.9,name_postcode,2026-08-11,0
09843076,1,1,4,0.9,0.9,name_postcode,2026-08-11,0
09845565,1,1,4,0.9,0.9,name_postcode,2026-08-11,0
09845623,1,1,1,0.9,0.9,name_postcode,2026-08-11,0
09848965,1,1,1,0.9,0.9,name_postcode,2026-08-11,0
09849505,1,1,3,0.9,0.9,name_postcode,2026-08-11,0
09849531,1,1,1,0.9,0.9,name_postcode,2026-08-11,0
09849789,1,1,3,0.9,0.9,name_postcode,2026-08-11,0
09850158,1,1,0,0.9,0.9,name_postcode,2026-08-11,0
09850222,1,1,1,0.9,0.9,name_postcode,2026-08-11,0
09851144,1,2,8,0.9,0.9,name_postcode,2026-08-11,0
09851589,1,1,1,0.9,0.9,name_postcode,2026-08-11,0
09853253,1,1,1,0.8,0.8,name_postcode_area,2026-08-11,0
09862021,1,1,0,0.9,0.9,name_postcode,2026-08-11,0
09863604,1,1,2,0.9,0.9,name_postcode,2026-08-11,0
09864300,1,1,1,0.9,0.9,name_postcode,2026-08-11,0
09865620,1,1,1,0.9,0.9,name_postcode,2026-08-11,0
09865988,1,1,1,0.9,0.9,name_postcode,2026-08-11,0
09866332,1,1,1,0.9,0.9,name_postcode,2026-08-11,0
09866989,1,1,1,0.9,0.9,name_postcode,2026-08-11,0
09867339,1,1,1,0.9,0.9,name_postcode,2026-08-11,0
09869690,1,1,3,0.9,0.9,name_postcode,2026-08-11,0
09871368,1,1,1,0.9,0.9,name_postcode,2026-08-11,0
09873295,1,1,1,0.9,0.9,name_postcode,2026-08-11,0
09874412,1,1,1,0.8,0.8,name_postcode_area,2026-08-11,0
09876459,1,1,3,0.9,0.9,name_postcode,2026-08-11,0
09877710,1,1,6,0.9,0.9,name_postcode,2026-08-11,0
09880283,1,1,7,0.8,0.8,name_postcode_area,2026-08-11,0
09880735,1,1,2,0.9,0.9,name_postcode,2026-08-11,0
09881164,1,1,6,0.9,0.9,name_postcode,2026-08-11,0
09882159,1,1,11,0.9,0.9,name_postcode,2026-08-11,0
09883347,1,1,1,0.9,0.9,name_postcode,2026-08-11,0
09883498,1,1,6,0.9,0.9,name_postcode,2026-08-11,0
09884466,1,1,4,0.9,0.9,name_postcode,2026-08-11,0
09885713,1,1,5,0.9,0.9,name_postcode,2026-08-11,0
09888120,1,1,7,0.9,0.9,name_postcode,2026-08-11,0
09888838,1,1,1,0.9,0.9,name_postcode,2026-08-11,0
09889302,1,1,2,0.9,0.9,name_postcode,2026-08-11,0
09889431,1,3,11,0.9,0.9,name_postcode,2026-08-11,0
09893012,1,2,19,0.9,0.9,name_postcode,2026-08-11,0
09896475,1,1,0,0.9,0.9,name_postcode,2026-08-11,0
09901722,1,1,1,0.9,0.9,name_postcode,2026-08-11,0
09903509,1,1,7,0.9,0.9,name_postcode,2026-08-11,0
09904941,1,1,1,0.9,0.9,name_postcode,2026-08-11,0
09905065,1,1,2,0.9,0.9,name_postcode,2026-08-11,0
09906813,1,1,0,0.8,0.8,name_postcode_area,2026-08-11,0
09911142,1,1,3,0.9,0.9,name_postcode,2026-08-11,0
09911479,1,1,2,0.9,0.9,name_postcode,2026-08-11,0
09911874,1,1,6,0.9,0.9,name_postcode,2026-08-11,0
09912120,1,1,7,0.9,0.9,name_postcode,2026-08-11,0
09913837,1,1,1,0.8,0.8,name_postcode_area,2026-08-11,0
09914060,1,2,5,0.9,0.8,name_postcode|name_postcode_area,2026-08-11,0
09915181,1,1,1,0.9,0.9,name_postcode,2026-08-11,0
09916101,1,1,1,0.9,0.9,name_postcode,2026-08-11,0
09916481,1,1,1,0.9,0.9,name_postcode,2026-08-11,0
09917148,1,1,1,0.9,0.9,name_postcode,2026-08-11,0
09919516,1,1,2,0.9,0.9,name_postcode,2026-08-11,0
09920224,1,1,1,0.9,0.9,name_postcode,2026-08-11,0
09922943,1,1,3,0.9,0.9,name_postcode,2026-08-11,0
09924540,1,1,3,0.9,0.9,name_postcode,2026-08-11,0
09925024,1,1,1,0.9,0.9,name_postcode,2026-08-11,0
09925086,1,1,4,0.9,0.9,name_postcode,2026-08-11,0
09926013,1,1,3,0.9,0.9,name_postcode,2026-08-11,0
09926123,1,1,1,0.8,0.8,name_postcode_area,2026-08-11,0
09926428,1,1,2,0.9,0.9,name_postcode,2026-08-11,0
09928547,1,4,69,0.9,0.9,name_postcode,2026-08-11,0
09930251,1,2,5,0.9,0.9,name_postcode,2026-08-11,0
09931309,1,2,9,0.9,0.8,name_postcode|name_postcode_area,2026-08-11,0
09933813,1,1,2,0.9,0.9,name_postcode,2026-08-11,0
09934422,1,1,3,0.9,0.9,name_postcode,2026-08-11,0
09934909,1,1,1,0.9,0.9,name_postcode,2026-08-11,0
09935251,1,1,1,0.9,0.9,name_postcode,2026-08-11,0
09935769,1,1,15,0.9,0.9,name_postcode,2026-08-11,0
09940291,1,1,4,0.9,0.9,name_postcode,2026-08-11,0
09943245,1,1,1,0.9,0.9,name_postcode,2026-08-11,0
09945801,1,2,7,0.9,0.9,name_postcode,2026-08-11,0
09946678,1,1,2,0.9,0.9,name_postcode,2026-08-11,0
09948535,1,1,1,0.9,0.9,name_postcode,2026-08-11,0
09950872,1,1,4,0.9,0.9,name_postcode,2026-08-11,0
09950956,1,1,1,0.9,0.9,name_postcode,2026-08-11,0
09951655,1,1,1,0.9,0.9,name_postcode,2026-08-11,0
09955141,1,2,8,0.9,0.9,name_postcode,2026-08-11,0
09955243,1,1,1,0.9,0.9,name_postcode,2026-08-11,0
09955881,1,1,4,0.9,0.9,name_postcode,2026-08-11,0
09956757,1,1,1,0.9,0.9,name_postcode,2026-08-11,0
09958102,1,1,1,0.9,0.9,name_postcode,2026-08-11,0
09965009,1,1,1,0.8,0.8,name_postcode_area,2026-08-11,0
09965453,1,1,1,0.8,0.8,name_postcode_area,2026-08-11,0
09968360,1,1,1,0.9,0.9,name_postcode,2026-08-11,0
09971852,1,1,1,0.9,0.9,name_postcode,2026-08-11,0
09978788,1,1,1,0.9,0.9,name_postcode,2026-08-11,0
09983539,1,1,1,0.9,0.9,name_postcode,2026-08-11,0
09983545,1,1,1,0.9,0.9,name_postcode,2026-08-11,0
09984862,1,1,5,0.9,0.9,name_postcode,2026-08-11,0
09987028,1,1,1,0.9,0.9,name_postcode,2026-08-11,0
09987397,1,1,1,0.8,0.8,name_postcode_area,2026-08-11,0
09987903,1,1,1,0.9,0.9,name_postcode,2026-08-11,0
09992070,1,1,8,0.9,0.9,name_postcode,2026-08-11,0
09992692,1,1,0,0.9,0.9,name_postcode,2026-08-11,0
09993255,1,1,1,0.9,0.9,name_postcode,2026-08-11,0
09995720,1,1,1,0.9,0.9,name_postcode,2026-08-11,0
09997159,1,1,1,0.9,0.9,name_postcode,2026-08-11,0
09998946,1,1,1,0.9,0.9,name_postcode,2026-08-11,0
09999502,1,1,3,0.9,0.9,name_postcode,2026-08-11,0
09999652,1,1,1,0.9,0.9,name_postcode,2026-08-11,0
10000311,1,1,1,0.9,0.9,name_postcode,2026-08-11,0
10001467,1,2,6,0.8,0.8,name_postcode_area,2026-08-11,0
10001886,1,1,4,0.9,0.9,name_postcode,2026-08-11,0
10001978,1,1,1,0.9,0.9,name_postcode,2026-08-11,0
10002698,1,1,17,0.9,0.9,name_postcode,2026-08-11,0
10005270,1,2,1,0.9,0.9,name_postcode,2026-08-11,0
10016023,1,2,23,0.9,0.9,name_postcode,2026-08-11,0
10017714,1,1,6,0.8,0.8,name_postcode_area,2026-08-11,0
10018437,1,1,1,0.9,0.9,name_postcode,2026-08-11,0
10019856,1,1,3,0.9,0.9,name_postcode,2026-08-11,0
10021333,1,1,3,0.9,0.9,name_postcode,2026-08-11,0
10024755,1,1,1,0.9,0.9,name_postcode,2026-08-11,0
10024876,1,1,7,0.9,0.9,name_postcode,2026-08-11,0
10027474,1,1,1,0.9,0.9,name_postcode,2026-08-11,0
10028228,1,2,7,0.8,0.8,name_postcode_area,2026-08-11,0
10030023,1,1,1,0.9,0.9,name_postcode,2026-08-11,0
10033314,1,2,9,0.9,0.9,name_postcode,2026-08-11,0
10038038,1,1,1,0.9,0.9,name_postcode,2026-08-11,0
10040373,1,1,2,0.9,0.9,name_postcode,2026-08-11,0
10043786,1,1,1,0.9,0.9,name_postcode,2026-08-11,0
10043949,1,1,4,0.8,0.8,name_postcode_area,2026-08-11,0
10044404,1,1,1,0.9,0.9,name_postcode,2026-08-11,0
10045646,1,2,3,0.9,0.9,name_postcode,2026-08-11,0
10045999,1,1,1,0.9,0.9,name_postcode,2026-08-11,0
10046593,1,1,1,0.9,0.9,name_postcode,2026-08-11,0
10048348,1,1,1,0.9,0.9,name_postcode,2026-08-11,0
10048724,1,1,1,0.9,0.9,name_postcode,2026-08-11,0
10050434,1,1,1,0.9,0.9,name_postcode,2026-08-11,0
10050497,1,1,1,0.9,0.9,name_postcode,2026-08-11,0
10051324,1,1,1,0.9,0.9,name_postcode,2026-08-11,0
10051398,1,2,6,0.8,0.8,name_postcode_area,2026-08-11,0
10051596,1,1,1,0.9,0.9,name_postcode,2026-08-11,0
10053017,1,1,1,0.9,0.9,name_postcode,2026-08-11,0
10053817,1,1,0,0.9,0.9,name_postcode,2026-08-11,0
10053819,1,1,1,0.9,0.9,name_postcode,2026-08-11,0
10055041,1,2,9,0.9,0.9,name_postcode,2026-08-11,0
10057893,1,1,0,0.9,0.9,name_postcode,2026-08-11,0
10060349,1,1,1,0.9,0.9,name_postcode,2026-08-11,0
10061792,1,1,1,0.9,0.9,name_postcode,2026-08-11,0
10064795,1,1,3,0.9,0.9,name_postcode,2026-08-11,0
10066104,1,1,1,0.9,0.9,name_postcode,2026-08-11,0
10067211,1,1,1,0.9,0.9,name_postcode,2026-08-11,0
10067264,1,1,1,0.9,0.9,name_postcode,2026-08-11,0
10068347,1,1,1,0.9,0.9,name_postcode,2026-08-11,0
10071720,1,1,1,0.9,0.9,name_postcode,2026-08-11,0
10075807,1,2,4,0.9,0.9,name_postcode,2026-08-11,0
10076821,1,2,3,0.9,0.9,name_postcode,2026-08-11,0
10076983,1,1,1,0.9,0.9,name_postcode,2026-08-11,0
10080084,1,1,1,0.9,0.9,name_postcode,2026-08-11,0
10083896,1,1,1,0.9,0.9,name_postcode,2026-08-11,0
10084184,1,1,1,0.9,0.9,name_postcode,2026-08-11,0
10086607,1,1,1,0.9,0.9,name_postcode,2026-08-11,0
10086768,1,1,6,0.9,0.9,name_postcode,2026-08-11,0
10087454,1,1,1,0.9,0.9,name_postcode,2026-08-11,0
10087459,1,2,2,0.9,0.9,name_postcode,2026-08-11,0
10088885,1,1,1,0.9,0.9,name_postcode,2026-08-11,0
10102991,1,1,1,0.9,0.9,name_postcode,2026-08-11,0
10103981,1,1,3,0.9,0.9,name_postcode,2026-08-11,0
10110708,1,1,13,0.9,0.9,name_postcode,2026-08-11,0
10111491,1,1,1,0.9,0.9,name_postcode,2026-08-11,0
10115324,1,1,0,0.9,0.9,name_postcode,2026-08-11,0
10116150,1,1,4,0.9,0.9,name_postcode,2026-08-11,0
10118084,1,1,2,0.9,0.9,name_postcode,2026-08-11,0
10119897,1,1,1,0.9,0.9,name_postcode,2026-08-11,0
10121740,1,1,2,0.9,0.9,name_postcode,2026-08-11,0
10122494,1,1,1,0.9,0.9,name_postcode,2026-08-11,0
10129875,1,1,1,0.9,0.9,name_postcode,2026-08-11,0
10131433,1,1,3,0.9,0.9,name_postcode,2026-08-11,0
10133310,1,1,1,0.9,0.9,name_postcode,2026-08-11,0
10134163,1,1,1,0.9,0.9,name_postcode,2026-08-11,0
10138354,1,1,3,0.9,0.9,name_postcode,2026-08-11,0
10139486,1,1,1,0.9,0.9,name_postcode,2026-08-11,0
10139889,1,1,2,0.9,0.9,name_postcode,2026-08-11,0
10141298,1,1,2,0.9,0.9,name_postcode,2026-08-11,0
10141491,1,1,1,0.9,0.9,name_postcode,2026-08-11,0
10143556,1,1,3,0.9,0.9,name_postcode,2026-08-11,0
10143962,1,2,3,0.9,0.9,name_postcode,2026-08-11,0
10145252,1,1,4,0.9,0.9,name_postcode,2026-08-11,0
10148554,1,1,0,0.9,0.9,name_postcode,2026-08-11,0
10149226,1,1,2,0.9,0.9,name_postcode,2026-08-11,0
10152154,1,1,1,0.9,0.9,name_postcode,2026-08-11,0
10152329,1,1,2,0.9,0.9,name_postcode,2026-08-11,0
10153257,1,1,0,0.9,0.9,name_postcode,2026-08-11,0
10155744,1,1,2,0.9,0.9,name_postcode,2026-08-11,0
10157215,1,1,3,0.9,0.9,name_postcode,2026-08-11,0
10164293,1,1,1,0.9,0.9,name_postcode,2026-08-11,0
10166467,1,2,9,0.9,0.9,name_postcode,2026-08-11,0
10167410,1,1,3,0.9,0.9,name_postcode,2026-08-11,0
10169509,1,1,1,0.9,0.9,name_postcode,2026-08-11,0
10176186,1,1,0,0.9,0.9,name_postcode,2026-08-11,0
10177336,1,1,2,0.9,0.9,name_postcode,2026-08-11,0
10179013,1,2,4,0.9,0.9,name_postcode,2026-08-11,0
10180388,1,1,1,0.8,0.8,name_postcode_area,2026-08-11,0
10183391,1,1,1,0.9,0.9,name_postcode,2026-08-11,0
10184001,1,1,2,0.9,0.9,name_postcode,2026-08-11,0
10184111,1,1,1,0.8,0.8,name_postcode_area,2026-08-11,0
10189367,1,1,0,0.9,0.9,name_postcode,2026-08-11,0
10189845,1,1,15,0.9,0.9,name_postcode,2026-08-11,0
10195351,1,1,0,0.9,0.9,name_postcode,2026-08-11,0
10196853,1,1,2,0.9,0.9,name_postcode,2026-08-11,0
10196937,1,1,1,0.9,0.9,name_postcode,2026-08-11,0
10198511,1,1,1,0.9,0.9,name_postcode,2026-08-11,0
10199421,1,1,3,0.9,0.9,name_postcode,2026-08-11,0
10199434,1,1,3,0.9,0.9,name_postcode,2026-08-11,0
10200073,1,1,7,0.9,0.9,name_postcode,2026-08-11,0
10202330,1,1,2,0.9,0.9,name_postcode,2026-08-11,0
10202917,1,1,0,0.9,0.9,name_postcode,2026-08-11,0
10203718,1,1,1,0.9,0.9,name_postcode,2026-08-11,0
10203894,1,1,1,0.9,0.9,name_postcode,2026-08-11,0
10204612,1,1,1,0.9,0.9,name_postcode,2026-08-11,0
10209217,1,1,6,0.9,0.9,name_postcode,2026-08-11,0
10209519,1,2,3,0.9,0.9,name_postcode,2026-08-11,0
10209657,1,1,1,0.9,0.9,name_postcode,2026-08-11,0
10210540,1,1,1,0.9,0.9,name_postcode,2026-08-11,0
10212060,1,1,3,0.9,0.9,name_postcode,2026-08-11,0
10214879,1,1,1,0.9,0.9,name_postcode,2026-08-11,0
10216419,1,1,1,0.9,0.9,name_postcode,2026-08-11,0
10217820,1,1,10,0.9,0.9,name_postcode,2026-08-11,0
10220472,1,1,10,0.9,0.9,name_postcode,2026-08-11,0
10220482,1,1,1,0.9,0.9,name_postcode,2026-08-11,0
10220581,1,1,0,0.9,0.9,name_postcode,2026-08-11,0
10221950,1,1,2,0.9,0.9,name_postcode,2026-08-11,0
10224286,1,1,4,0.9,0.9,name_postcode,2026-08-11,0
10224630,1,1,1,0.9,0.9,name_postcode,2026-08-11,0
10226176,1,2,4,0.9,0.9,name_postcode,2026-08-11,0
10226707,1,1,1,0.9,0.9,name_postcode,2026-08-11,0
10228204,1,1,2,0.9,0.9,name_postcode,2026-08-11,0
10228462,1,2,4,0.8,0.8,name_postcode_area,2026-08-11,0
10228476,1,1,1,0.9,0.9,name_postcode,2026-08-11,0
10229259,1,1,1,0.9,0.9,name_postcode,2026-08-11,0
10229661,1,1,2,0.9,0.9,name_postcode,2026-08-11,0
10230752,1,1,1,0.9,0.9,name_postcode,2026-08-11,0
10231013,1,1,1,0.9,0.9,name_postcode,2026-08-11,0
10236810,1,1,1,0.8,0.8,name_postcode_area,2026-08-11,0
10237436,1,1,4,0.9,0.9,name_postcode,2026-08-11,0
10237918,1,1,1,0.9,0.9,name_postcode,2026-08-11,0
10237930,1,1,1,0.9,0.9,name_postcode,2026-08-11,0
10237978,1,1,1,0.9,0.9,name_postcode,2026-08-11,0
10238113,1,1,1,0.9,0.9,name_postcode,2026-08-11,0
10239087,1,1,0,0.9,0.9,name_postcode,2026-08-11,0
10242064,1,1,1,0.9,0.9,name_postcode,2026-08-11,0
10244882,1,1,2,0.9,0.9,name_postcode,2026-08-11,0
10245432,1,1,8,0.9,0.9,name_postcode,2026-08-11,0
10246463,1,1,3,0.9,0.9,name_postcode,2026-08-11,0
10247690,1,1,1,0.9,0.9,name_postcode,2026-08-11,0
10252557,1,1,2,0.9,0.9,name_postcode,2026-08-11,0
10253390,1,1,4,0.9,0.9,name_postcode,2026-08-11,0
10255178,1,1,2,0.9,0.9,name_postcode,2026-08-11,0
10255214,1,1,56,0.9,0.9,name_postcode,2026-08-11,0
10255228,1,1,1,0.9,0.9,name_postcode,2026-08-11,0
10255737,1,1,2,0.9,0.9,name_postcode,2026-08-11,0
10257486,1,1,1,0.8,0.8,name_postcode_area,2026-08-11,0
10259158,1,1,1,0.9,0.9,name_postcode,2026-08-11,0
10259809,1,1,2,0.9,0.9,name_postcode,2026-08-11,0
10261083,1,1,1,0.9,0.9,name_postcode,2026-08-11,0
10261303,1,1,1,0.9,0.9,name_postcode,2026-08-11,0
10263616,1,1,2,0.9,0.9,name_postcode,2026-08-11,0
10265793,1,1,5,0.9,0.9,name_postcode,2026-08-11,0
10267311,1,1,1,0.9,0.9,name_postcode,2026-08-11,0
10267904,1,2,5,0.9,0.9,name_postcode,2026-08-11,0
10269032,1,1,1,0.9,0.9,name_postcode,2026-08-11,0
10269808,1,2,1,0.9,0.9,name_postcode,2026-08-11,0
10271134,1,1,14,0.8,0.8,name_postcode_area,2026-08-11,0
10272221,1,1,5,0.8,0.8,name_postcode_area,2026-08-11,0
10274147,1,1,1,0.9,0.9,name_postcode,2026-08-11,0
10279525,1,1,2,0.9,0.9,name_postcode,2026-08-11,0
10279915,1,1,1,0.9,0.9,name_postcode,2026-08-11,0
10279953,1,1,1,0.8,0.8,name_postcode_area,2026-08-11,0
10283663,1,1,1,0.9,0.9,name_postcode,2026-08-11,0
10286500,1,2,2,0.9,0.8,name_postcode|name_postcode_area,2026-08-11,0
10287036,1,1,1,0.9,0.9,name_postcode,2026-08-11,0
10290999,1,1,2,0.9,0.9,name_postcode,2026-08-11,0
10293121,1,1,2,0.9,0.9,name_postcode,2026-08-11,0
10293194,1,1,1,0.9,0.9,name_postcode,2026-08-11,0
10295362,1,1,1,0.9,0.9,name_postcode,2026-08-11,0
10295520,1,1,4,0.9,0.9,name_postcode,2026-08-11,0
10297688,1,1,4,0.9,0.9,name_postcode,2026-08-11,0
10297703,1,1,1,0.9,0.9,name_postcode,2026-08-11,0
10298767,1,1,0,0.9,0.9,name_postcode,2026-08-11,0
10298988,1,1,1,0.9,0.9,name_postcode,2026-08-11,0
10300824,1,1,1,0.9,0.9,name_postcode,2026-08-11,0
10302020,1,1,0,0.9,0.9,name_postcode,2026-08-11,0
10303658,1,1,3,0.9,0.9,name_postcode,2026-08-11,0
10308088,1,1,2,0.9,0.9,name_postcode,2026-08-11,0
10308130,1,1,8,0.9,0.9,name_postcode,2026-08-11,0
10308260,1,1,1,0.9,0.9,name_postcode,2026-08-11,0
10308496,1,1,1,0.9,0.9,name_postcode,2026-08-11,0
10309629,1,2,13,0.8,0.8,name_postcode_area,2026-08-11,0
10310694,1,1,0,0.9,0.9,name_postcode,2026-08-11,0
10311055,1,2,4,0.9,0.9,name_postcode,2026-08-11,0
10314171,1,1,3,0.9,0.9,name_postcode,2026-08-11,0
10315566,1,1,1,0.9,0.9,name_postcode,2026-08-11,0
10315601,1,1,1,0.9,0.9,name_postcode,2026-08-11,0
10316543,1,1,1,0.9,0.9,name_postcode,2026-08-11,0
10317882,1,1,4,0.9,0.9,name_postcode,2026-08-11,0
10318035,1,1,1,0.9,0.9,name_postcode,2026-08-11,0
10324617,1,1,2,0.9,0.9,name_postcode,2026-08-11,0
10325098,1,1,1,0.9,0.9,name_postcode,2026-08-11,0
10325769,1,1,2,0.9,0.9,name_postcode,2026-08-11,0
10328479,1,2,2,0.9,0.9,name_postcode,2026-08-11,0
10329842,1,1,2,0.9,0.9,name_postcode,2026-08-11,0
10333097,1,1,1,0.9,0.9,name_postcode,2026-08-11,0
10333818,1,1,3,0.9,0.9,name_postcode,2026-08-11,0
10340563,1,1,2,0.9,0.9,name_postcode,2026-08-11,0
10342643,1,1,1,0.9,0.9,name_postcode,2026-08-11,0
10347175,1,1,1,0.9,0.9,name_postcode,2026-08-11,0
10350286,1,1,1,0.9,0.9,name_postcode,2026-08-11,0
10350620,1,1,3,0.9,0.9,name_postcode,2026-08-11,0
10352429,1,1,4,0.9,0.9,name_postcode,2026-08-11,0
10354051,1,1,5,0.9,0.9,name_postcode,2026-08-11,0
10354422,1,1,2,0.9,0.9,name_postcode,2026-08-11,0
10357593,1,1,4,0.9,0.9,name_postcode,2026-08-11,0
10361666,1,1,4,0.9,0.9,name_postcode,2026-08-11,0
10362247,1,1,1,0.9,0.9,name_postcode,2026-08-11,0
10365459,1,1,1,0.9,0.9,name_postcode,2026-08-11,0
10366610,1,2,4,0.9,0.9,name_postcode,2026-08-11,0
10367942,1,1,2,0.9,0.9,name_postcode,2026-08-11,0
10369814,1,1,1,0.9,0.9,name_postcode,2026-08-11,0
10374382,1,1,2,0.8,0.8,name_postcode_area,2026-08-11,0
10375946,1,1,1,0.9,0.9,name_postcode,2026-08-11,0
10376255,1,1,1,0.9,0.9,name_postcode,2026-08-11,0
10377830,1,2,3,0.9,0.9,name_postcode,2026-08-11,0
10379795,1,1,1,0.8,0.8,name_postcode_area,2026-08-11,0
10385997,1,1,3,0.9,0.9,name_postcode,2026-08-11,0
10386330,1,1,2,0.9,0.9,name_postcode,2026-08-11,0
10388918,1,1,1,0.8,0.8,name_postcode_area,2026-08-11,0
10391504,1,1,2,0.9,0.9,name_postcode,2026-08-11,0
10394084,1,1,1,0.9,0.9,name_postcode,2026-08-11,0
10398220,1,1,1,0.9,0.9,name_postcode,2026-08-11,0
10403237,1,1,1,0.9,0.9,name_postcode,2026-08-11,0
10403772,1,1,1,0.9,0.9,name_postcode,2026-08-11,0
10404065,1,1,1,0.9,0.9,name_postcode,2026-08-11,0
10405447,1,1,3,0.9,0.9,name_postcode,2026-08-11,0
10405843,1,1,3,0.9,0.9,name_postcode,2026-08-11,0
10406018,1,1,1,0.8,0.8,name_postcode_area,2026-08-11,0
10407268,1,1,0,0.9,0.9,name_postcode,2026-08-11,0
10408172,1,2,2,0.8,0.8,name_postcode_area,2026-08-11,0
10413141,1,1,1,0.9,0.9,name_postcode,2026-08-11,0
10418869,1,1,1,0.9,0.9,name_postcode,2026-08-11,0
10419933,1,1,1,0.9,0.9,name_postcode,2026-08-11,0
10421225,1,1,2,0.8,0.8,name_postcode_area,2026-08-11,0
10422488,1,1,0,0.9,0.9,name_postcode,2026-08-11,0
10422620,1,1,1,0.9,0.9,name_postcode,2026-08-11,0
10427741,1,1,2,0.9,0.9,name_postcode,2026-08-11,0
10429937,1,1,2,0.9,0.9,name_postcode,2026-08-11,0
10430656,1,2,6,0.9,0.8,name_postcode|name_postcode_area,2026-08-11,0
10435806,1,1,2,0.9,0.9,name_postcode,2026-08-11,0
10436187,1,1,1,0.9,0.9,name_postcode,2026-08-11,0
10439913,1,1,2,0.9,0.9,name_postcode,2026-08-11,0
10445103,1,1,2,0.9,0.9,name_postcode,2026-08-11,0
10445956,1,1,2,0.9,0.9,name_postcode,2026-08-11,0
10448564,1,1,2,0.9,0.9,name_postcode,2026-08-11,0
10457005,1,2,9,0.9,0.9,name_postcode,2026-08-11,0
10457761,1,1,4,0.9,0.9,name_postcode,2026-08-11,0
10460240,1,1,1,0.8,0.8,name_postcode_area,2026-08-11,0
10461240,1,1,1,0.9,0.9,name_postcode,2026-08-11,0
10461639,1,1,1,0.9,0.9,name_postcode,2026-08-11,0
10466798,1,1,1,0.9,0.9,name_postcode,2026-08-11,0
10468629,1,1,2,0.9,0.9,name_postcode,2026-08-11,0
10469714,1,1,2,0.9,0.9,name_postcode,2026-08-11,0
10470662,1,1,2,0.9,0.9,name_postcode,2026-08-11,0
10470976,1,1,2,0.9,0.9,name_postcode,2026-08-11,0
10478885,1,1,0,0.9,0.9,name_postcode,2026-08-11,0
10479636,1,1,0,0.9,0.9,name_postcode,2026-08-11,0
10479887,1,1,1,0.9,0.9,name_postcode,2026-08-11,0
10480941,1,1,2,0.9,0.9,name_postcode,2026-08-11,0
10480982,1,1,7,0.9,0.9,name_postcode,2026-08-11,0
10481287,1,1,1,0.9,0.9,name_postcode,2026-08-11,0
10483377,1,1,1,0.9,0.9,name_postcode,2026-08-11,0
10484811,1,1,1,0.8,0.8,name_postcode_area,2026-08-11,0
10486024,1,2,2,0.9,0.9,name_postcode,2026-08-11,0
10486309,1,1,0,0.9,0.9,name_postcode,2026-08-11,0
10486936,1,6,54,0.9,0.9,name_postcode,2026-08-11,0
10489160,1,1,1,0.9,0.9,name_postcode,2026-08-11,0
10490656,1,1,2,0.9,0.9,name_postcode,2026-08-11,0
10491177,1,1,4,0.9,0.9,name_postcode,2026-08-11,0
10492506,1,1,1,0.9,0.9,name_postcode,2026-08-11,0
10494498,1,1,1,0.9,0.9,name_postcode,2026-08-11,0
10496603,1,1,2,0.9,0.9,name_postcode,2026-08-11,0
10497278,1,1,2,0.9,0.9,name_postcode,2026-08-11,0
10497519,1,1,0,0.9,0.9,name_postcode,2026-08-11,0
10498672,1,1,1,0.9,0.9,name_postcode,2026-08-11,0
10500092,1,1,2,0.9,0.9,name_postcode,2026-08-11,0
10500815,1,1,3,0.9,0.9,name_postcode,2026-08-11,0
10502068,1,2,2,0.9,0.9,name_postcode,2026-08-11,0
10502511,1,1,2,0.9,0.9,name_postcode,2026-08-11,0
10502954,1,1,2,0.9,0.9,name_postcode,2026-08-11,0
10503207,1,1,1,0.9,0.9,name_postcode,2026-08-11,0
10505487,1,1,1,0.9,0.9,name_postcode,2026-08-11,0
10505838,1,1,7,0.9,0.9,name_postcode,2026-08-11,0
10507336,1,2,4,0.9,0.9,name_postcode,2026-08-11,0
10509764,1,1,1,0.9,0.9,name_postcode,2026-08-11,0
10509859,1,1,1,0.9,0.9,name_postcode,2026-08-11,0
10510951,1,1,1,0.9,0.9,name_postcode,2026-08-11,0
10513037,1,1,12,0.9,0.9,name_postcode,2026-08-11,0
10514213,1,1,4,0.9,0.9,name_postcode,2026-08-11,0
10516061,1,2,1,0.9,0.9,name_postcode,2026-08-11,0
10525109,1,1,0,0.9,0.9,name_postcode,2026-08-11,0
10528961,1,3,19,0.9,0.9,name_postcode,2026-08-11,0
10530319,1,1,1,0.9,0.9,name_postcode,2026-08-11,0
10530804,1,1,1,0.9,0.9,name_postcode,2026-08-11,0
10531572,1,1,1,0.9,0.9,name_postcode,2026-08-11,0
10533021,1,1,6,0.9,0.9,name_postcode,2026-08-11,0
10534288,1,1,1,0.9,0.9,name_postcode,2026-08-11,0
10536085,1,1,4,0.9,0.9,name_postcode,2026-08-11,0
10536202,1,1,1,0.9,0.9,name_postcode,2026-08-11,0
10536593,1,1,4,0.9,0.9,name_postcode,2026-08-11,0
10537793,1,1,0,0.9,0.9,name_postcode,2026-08-11,0
10537918,1,1,1,0.9,0.9,name_postcode,2026-08-11,0
10540308,1,1,1,0.9,0.9,name_postcode,2026-08-11,0
10541498,1,1,1,0.9,0.9,name_postcode,2026-08-11,0
10542659,1,1,1,0.9,0.9,name_postcode,2026-08-11,0
10543107,1,1,4,0.9,0.9,name_postcode,2026-08-11,0
10544126,1,1,2,0.9,0.9,name_postcode,2026-08-11,0
10544841,1,1,10,0.9,0.9,name_postcode,2026-08-11,0
10545703,1,1,3,0.9,0.9,name_postcode,2026-08-11,0
10547298,1,1,3,0.9,0.9,name_postcode,2026-08-11,0
10548841,1,2,1,0.9,0.9,name_postcode,2026-08-11,0
10553244,1,1,0,0.8,0.8,name_postcode_area,2026-08-11,0
10554116,1,2,2,0.9,0.9,name_postcode,2026-08-11,0
10554487,1,1,1,0.9,0.9,name_postcode,2026-08-11,0
10557515,1,1,2,0.9,0.9,name_postcode,2026-08-11,0
10559120,1,1,3,0.9,0.9,name_postcode,2026-08-11,0
10559608,1,1,1,0.8,0.8,name_postcode_area,2026-08-11,0
10565053,1,1,1,0.9,0.9,name_postcode,2026-08-11,0
10567864,1,1,5,0.9,0.9,name_postcode,2026-08-11,0
10568713,1,1,2,0.9,0.9,name_postcode,2026-08-11,0
10568730,1,2,3,0.8,0.8,name_postcode_area,2026-08-11,0
10574036,1,1,1,0.9,0.9,name_postcode,2026-08-11,0
10578025,1,1,1,0.8,0.8,name_postcode_area,2026-08-11,0
10581522,1,1,1,0.9,0.9,name_postcode,2026-08-11,0
10586920,1,1,1,0.9,0.9,name_postcode,2026-08-11,0
10587780,1,1,1,0.9,0.9,name_postcode,2026-08-11,0
10589231,1,1,6,0.9,0.9,name_postcode,2026-08-11,0
10589334,1,2,6,0.9,0.9,name_postcode,2026-08-11,0
10591395,1,1,12,0.9,0.9,name_postcode,2026-08-11,0
10592992,1,1,1,0.9,0.9,name_postcode,2026-08-11,0
10594007,1,1,2,0.9,0.9,name_postcode,2026-08-11,0
10605267,1,1,1,0.9,0.9,name_postcode,2026-08-11,0
10612719,1,1,5,0.9,0.9,name_postcode,2026-08-11,0
10615898,1,2,3,0.9,0.9,name_postcode,2026-08-11,0
10616124,1,1,9,0.9,0.9,name_postcode,2026-08-11,0
10616484,1,1,1,0.9,0.9,name_postcode,2026-08-11,0
10617252,1,1,1,0.9,0.9,name_postcode,2026-08-11,0
10620899,1,1,2,0.9,0.9,name_postcode,2026-08-11,0
10622903,1,1,1,0.9,0.9,name_postcode,2026-08-11,0
10626483,1,1,2,0.9,0.9,name_postcode,2026-08-11,0
10628278,1,1,1,0.9,0.9,name_postcode,2026-08-11,0
10628641,1,1,2,0.9,0.9,name_postcode,2026-08-11,0
10629757,1,1,2,0.9,0.9,name_postcode,2026-08-11,0
10630913,1,1,3,0.9,0.9,name_postcode,2026-08-11,0
10636359,1,1,8,0.9,0.9,name_postcode,2026-08-11,0
10637621,1,1,3,0.9,0.9,name_postcode,2026-08-11,0
10637757,1,2,1,0.9,0.8,name_postcode|name_postcode_area,2026-08-11,0
10640223,1,1,8,0.9,0.9,name_postcode,2026-08-11,0
10640279,1,1,3,0.9,0.9,name_postcode,2026-08-11,0
10641754,1,1,4,0.9,0.9,name_postcode,2026-08-11,0
10644735,1,1,1,0.9,0.9,name_postcode,2026-08-11,0
10646346,1,1,2,0.9,0.9,name_postcode,2026-08-11,0
10649320,1,2,10,0.9,0.9,name_postcode,2026-08-11,0
10650498,1,1,0,0.9,0.9,name_postcode,2026-08-11,0
10651231,1,1,0,0.9,0.9,name_postcode,2026-08-11,0
10651273,1,1,7,0.9,0.9,name_postcode,2026-08-11,0
10652031,1,1,3,0.9,0.9,name_postcode,2026-08-11,0
10654893,1,1,7,0.9,0.9,name_postcode,2026-08-11,0
10660835,1,1,6,0.9,0.9,name_postcode,2026-08-11,0
10661443,1,1,1,0.8,0.8,name_postcode_area,2026-08-11,0
10662003,1,1,1,0.9,0.9,name_postcode,2026-08-11,0
10662029,1,1,0,0.9,0.9,name_postcode,2026-08-11,0
10663165,1,1,2,0.9,0.9,name_postcode,2026-08-11,0
10663465,1,1,1,0.9,0.9,name_postcode,2026-08-11,0
10663664,1,1,1,0.9,0.9,name_postcode,2026-08-11,0
10664359,1,1,1,0.9,0.9,name_postcode,2026-08-11,0
10664365,1,1,1,0.9,0.9,name_postcode,2026-08-11,0
10666482,1,1,2,0.9,0.9,name_postcode,2026-08-11,0
10670751,1,1,1,0.9,0.9,name_postcode,2026-08-11,0
10673098,1,1,12,0.9,0.9,name_postcode,2026-08-11,0
10674398,1,1,1,0.9,0.9,name_postcode,2026-08-11,0
10675550,1,2,2,0.9,0.9,name_postcode,2026-08-11,0
10676381,1,1,1,0.9,0.9,name_postcode,2026-08-11,0
10678742,1,1,1,0.9,0.9,name_postcode,2026-08-11,0
10679546,1,1,5,0.9,0.9,name_postcode,2026-08-11,0
10680704,1,1,12,0.9,0.9,name_postcode,2026-08-11,0
10680996,1,1,1,0.9,0.9,name_postcode,2026-08-11,0
10684049,1,2,1,0.9,0.9,name_postcode,2026-08-11,0
10685524,1,2,5,0.9,0.9,name_postcode,2026-08-11,0
10687784,1,2,19,0.9,0.9,name_postcode,2026-08-11,0
10687859,1,2,23,0.9,0.9,name_postcode,2026-08-11,0
10689249,1,1,1,0.8,0.8,name_postcode_area,2026-08-11,0
10691747,1,1,10,0.9,0.9,name_postcode,2026-08-11,0
10695004,1,1,3,0.8,0.8,name_postcode_area,2026-08-11,0
10696351,1,2,4,0.9,0.9,name_postcode,2026-08-11,0
10696778,1,1,0,0.9,0.9,name_postcode,2026-08-11,0
10698853,1,1,5,0.9,0.9,name_postcode,2026-08-11,0
10703321,1,1,1,0.9,0.9,name_postcode,2026-08-11,0
10704573,1,1,1,0.9,0.9,name_postcode,2026-08-11,0
10704912,1,1,2,0.9,0.9,name_postcode,2026-08-11,0
10709119,1,1,1,0.9,0.9,name_postcode,2026-08-11,0
10711251,1,1,1,0.9,0.9,name_postcode,2026-08-11,0
10713969,1,1,1,0.9,0.9,name_postcode,2026-08-11,0
10717961,1,1,1,0.8,0.8,name_postcode_area,2026-08-11,0
10720342,1,1,1,0.9,0.9,name_postcode,2026-08-11,0
10721979,1,1,1,0.9,0.9,name_postcode,2026-08-11,0
10723076,1,1,2,0.9,0.9,name_postcode,2026-08-11,0
10724944,1,1,7,0.9,0.9,name_postcode,2026-08-11,0
10732693,1,1,4,0.9,0.9,name_postcode,2026-08-11,0
10732986,1,1,3,0.9,0.9,name_postcode,2026-08-11,0
10734232,1,1,1,0.9,0.9,name_postcode,2026-08-11,0
10735638,1,1,1,0.9,0.9,name_postcode,2026-08-11,0
10735689,1,1,1,0.9,0.9,name_postcode,2026-08-11,0
10736268,1,1,1,0.9,0.9,name_postcode,2026-08-11,0
10736309,1,1,2,0.9,0.9,name_postcode,2026-08-11,0
10736975,1,1,2,0.8,0.8,name_postcode_area,2026-08-11,0
10739974,1,1,7,0.9,0.9,name_postcode,2026-08-11,0
10741293,1,1,1,0.9,0.9,name_postcode,2026-08-11,0
10741640,1,1,1,0.9,0.9,name_postcode,2026-08-11,0
10741852,1,1,4,0.9,0.9,name_postcode,2026-08-11,0
10746274,1,1,8,0.9,0.9,name_postcode,2026-08-11,0
10749002,1,1,0,0.9,0.9,name_postcode,2026-08-11,0
10754360,1,1,1,0.8,0.8,name_postcode_area,2026-08-11,0
10756220,1,1,1,0.9,0.9,name_postcode,2026-08-11,0
10757456,1,1,3,0.9,0.9,name_postcode,2026-08-11,0
10762031,1,1,1,0.9,0.9,name_postcode,2026-08-11,0
10766606,1,1,1,0.9,0.9,name_postcode,2026-08-11,0
10768607,1,1,3,0.9,0.9,name_postcode,2026-08-11,0
10768924,1,1,1,0.9,0.9,name_postcode,2026-08-11,0
10769938,1,1,1,0.9,0.9,name_postcode,2026-08-11,0
10771684,1,1,7,0.9,0.9,name_postcode,2026-08-11,0
10771817,1,1,4,0.9,0.9,name_postcode,2026-08-11,0
10772267,1,1,1,0.9,0.9,name_postcode,2026-08-11,0
10772414,1,1,3,0.9,0.9,name_postcode,2026-08-11,0
10774788,1,1,2,0.9,0.9,name_postcode,2026-08-11,0
10775328,1,1,1,0.9,0.9,name_postcode,2026-08-11,0
10778477,1,1,1,0.9,0.9,name_postcode,2026-08-11,0
10780017,1,1,1,0.9,0.9,name_postcode,2026-08-11,0
10780236,1,2,3,0.9,0.9,name_postcode,2026-08-11,0
10781862,1,1,18,0.9,0.9,name_postcode,2026-08-11,0
10783614,1,1,1,0.9,0.9,name_postcode,2026-08-11,0
10784763,1,1,1,0.9,0.9,name_postcode,2026-08-11,0
10785329,1,2,13,0.9,0.9,name_postcode,2026-08-11,0
10787323,1,1,1,0.9,0.9,name_postcode,2026-08-11,0
10787420,1,1,3,0.9,0.9,name_postcode,2026-08-11,0
10791734,1,2,2,0.9,0.9,name_postcode,2026-08-11,0
10793871,1,2,3,0.9,0.8,name_postcode|name_postcode_area,2026-08-11,0
10794221,1,1,1,0.9,0.9,name_postcode,2026-08-11,0
10796984,1,2,8,0.9,0.9,name_postcode,2026-08-11,0
10800305,1,1,1,0.9,0.9,name_postcode,2026-08-11,0
10800659,1,1,1,0.9,0.9,name_postcode,2026-08-11,0
10800725,1,1,0,0.8,0.8,name_postcode_area,2026-08-11,0
10801372,1,1,1,0.9,0.9,name_postcode,2026-08-11,0
10802107,1,1,1,0.9,0.9,name_postcode,2026-08-11,0
10802594,1,1,3,0.9,0.9,name_postcode,2026-08-11,0
10803267,1,2,1,0.9,0.9,name_postcode,2026-08-11,0
10803595,1,1,9,0.9,0.9,name_postcode,2026-08-11,0
10803852,1,1,6,0.9,0.9,name_postcode,2026-08-11,0
10808611,1,1,2,0.9,0.9,name_postcode,2026-08-11,0
10812536,1,1,1,0.9,0.9,name_postcode,2026-08-11,0
10814948,1,1,2,0.9,0.9,name_postcode,2026-08-11,0
10815662,1,1,1,0.9,0.9,name_postcode,2026-08-11,0
10815796,1,1,1,0.9,0.9,name_postcode,2026-08-11,0
10820724,1,1,1,0.9,0.9,name_postcode,2026-08-11,0
10822364,1,1,0,0.9,0.9,name_postcode,2026-08-11,0
10823844,1,1,2,0.9,0.9,name_postcode,2026-08-11,0
10826246,1,1,2,0.9,0.9,name_postcode,2026-08-11,0
10827294,1,1,1,0.8,0.8,name_postcode_area,2026-08-11,0
10828503,1,2,6,0.9,0.9,name_postcode,2026-08-11,0
10830248,1,1,7,0.9,0.9,name_postcode,2026-08-11,0
10831400,1,1,3,0.9,0.9,name_postcode,2026-08-11,0
10831914,1,1,1,0.9,0.9,name_postcode,2026-08-11,0
10832366,1,1,1,0.9,0.9,name_postcode,2026-08-11,0
10833951,1,1,1,0.9,0.9,name_postcode,2026-08-11,0
10835465,1,1,1,0.9,0.9,name_postcode,2026-08-11,0
10835544,1,1,4,0.9,0.9,name_postcode,2026-08-11,0
10836250,1,1,1,0.9,0.9,name_postcode,2026-08-11,0
10837082,1,1,1,0.9,0.9,name_postcode,2026-08-11,0
10838837,1,1,1,0.9,0.9,name_postcode,2026-08-11,0
10842340,1,1,6,0.9,0.9,name_postcode,2026-08-11,0
10844040,1,1,1,0.9,0.9,name_postcode,2026-08-11,0
10846758,1,1,1,0.9,0.9,name_postcode,2026-08-11,0
10846824,1,1,2,0.8,0.8,name_postcode_area,2026-08-11,0
10849490,1,2,7,0.9,0.9,name_postcode,2026-08-11,0
10849933,1,1,2,0.9,0.9,name_postcode,2026-08-11,0
10850868,1,1,1,0.9,0.9,name_postcode,2026-08-11,0
10853495,1,1,3,0.9,0.9,name_postcode,2026-08-11,0
10854957,1,1,8,0.9,0.9,name_postcode,2026-08-11,0
10855152,1,1,7,0.9,0.9,name_postcode,2026-08-11,0
10859611,1,1,1,0.9,0.9,name_postcode,2026-08-11,0
10864067,1,1,3,0.9,0.9,name_postcode,2026-08-11,0
10864676,1,1,3,0.9,0.9,name_postcode,2026-08-11,0
10867089,1,2,15,0.9,0.9,name_postcode,2026-08-11,0
10868013,1,1,1,0.9,0.9,name_postcode,2026-08-11,0
10868183,1,2,5,0.9,0.9,name_postcode,2026-08-11,0
10871763,1,1,1,0.9,0.9,name_postcode,2026-08-11,0
10877648,1,1,5,0.9,0.9,name_postcode,2026-08-11,0
10880268,1,1,1,0.9,0.9,name_postcode,2026-08-11,0
10880642,1,1,3,0.9,0.9,name_postcode,2026-08-11,0
10880961,1,1,6,0.9,0.9,name_postcode,2026-08-11,0
10883286,1,1,1,0.9,0.9,name_postcode,2026-08-11,0
10885250,1,1,1,0.9,0.9,name_postcode,2026-08-11,0
10886223,1,1,1,0.9,0.9,name_postcode,2026-08-11,0
10886234,1,1,0,0.9,0.9,name_postcode,2026-08-11,0
10886588,1,1,4,0.9,0.9,name_postcode,2026-08-11,0
10889269,1,1,1,0.9,0.9,name_postcode,2026-08-11,0
10889295,1,1,4,0.9,0.9,name_postcode,2026-08-11,0
10892193,1,1,2,0.9,0.9,name_postcode,2026-08-11,0
10895230,1,1,1,0.9,0.9,name_postcode,2026-08-11,0
10895764,1,1,0,0.8,0.8,name_postcode_area,2026-08-11,0
10898553,1,1,1,0.9,0.9,name_postcode,2026-08-11,0
10901341,1,1,1,0.9,0.9,name_postcode,2026-08-11,0
10903302,1,1,1,0.9,0.9,name_postcode,2026-08-11,0
10903847,1,1,10,0.9,0.9,name_postcode,2026-08-11,0
10906273,1,1,2,0.9,0.9,name_postcode,2026-08-11,0
10906840,1,1,0,0.8,0.8,name_postcode_area,2026-08-11,0
10909418,1,1,2,0.9,0.9,name_postcode,2026-08-11,0
10909863,1,1,1,0.9,0.9,name_postcode,2026-08-11,0
10912358,1,1,1,0.8,0.8,name_postcode_area,2026-08-11,0
10912385,1,1,0,0.9,0.9,name_postcode,2026-08-11,0
10913668,1,1,1,0.9,0.9,name_postcode,2026-08-11,0
10915674,1,1,1,0.9,0.9,name_postcode,2026-08-11,0
10916289,1,1,1,0.9,0.9,name_postcode,2026-08-11,0
10921061,1,1,1,0.9,0.9,name_postcode,2026-08-11,0
10921927,1,1,0,0.9,0.9,name_postcode,2026-08-11,0
10922328,1,1,1,0.9,0.9,name_postcode,2026-08-11,0
10923412,1,1,2,0.9,0.9,name_postcode,2026-08-11,0
10923499,1,2,1,0.9,0.8,name_postcode|name_postcode_area,2026-08-11,0
10924127,1,1,2,0.9,0.9,name_postcode,2026-08-11,0
10924926,1,1,1,0.9,0.9,name_postcode,2026-08-11,0
10926564,1,1,1,0.9,0.9,name_postcode,2026-08-11,0
10928809,1,1,1,0.9,0.9,name_postcode,2026-08-11,0
10931336,1,2,2,0.9,0.9,name_postcode,2026-08-11,0
10932147,1,1,1,0.9,0.9,name_postcode,2026-08-11,0
10932206,1,1,2,0.9,0.9,name_postcode,2026-08-11,0
10932260,1,1,1,0.9,0.9,name_postcode,2026-08-11,0
10932473,1,1,1,0.9,0.9,name_postcode,2026-08-11,0
10933248,1,1,1,0.9,0.9,name_postcode,2026-08-11,0
10934416,1,1,0,0.8,0.8,name_postcode_area,2026-08-11,0
10934505,1,1,1,0.9,0.9,name_postcode,2026-08-11,0
10936437,1,1,1,0.9,0.9,name_postcode,2026-08-11,0
10939826,1,1,1,0.9,0.9,name_postcode,2026-08-11,0
10941003,1,1,1,0.9,0.9,name_postcode,2026-08-11,0
10942424,1,1,5,0.9,0.9,name_postcode,2026-08-11,0
10943570,1,1,1,0.9,0.9,name_postcode,2026-08-11,0
10945246,1,1,9,0.9,0.9,name_postcode,2026-08-11,0
10946820,1,1,2,0.9,0.9,name_postcode,2026-08-11,0
10950775,1,1,1,0.9,0.9,name_postcode,2026-08-11,0
10951340,1,1,1,0.9,0.9,name_postcode,2026-08-11,0
10952142,1,1,2,0.9,0.9,name_postcode,2026-08-11,0
10955936,1,1,2,0.9,0.9,name_postcode,2026-08-11,0
10956671,1,1,1,0.8,0.8,name_postcode_area,2026-08-11,0
10956687,1,1,1,0.9,0.9,name_postcode,2026-08-11,0
10959095,1,3,20,0.9,0.9,name_postcode,2026-08-11,0
10960050,1,1,1,0.9,0.9,name_postcode,2026-08-11,0
10960466,1,2,4,0.9,0.9,name_postcode,2026-08-11,0
10961127,1,1,1,0.8,0.8,name_postcode_area,2026-08-11,0
10966149,1,1,1,0.9,0.9,name_postcode,2026-08-11,0
10966635,1,1,1,0.9,0.9,name_postcode,2026-08-11,0
10969092,1,1,6,0.9,0.9,name_postcode,2026-08-11,0
10970841,1,1,2,0.9,0.9,name_postcode,2026-08-11,0
10972015,1,1,2,0.9,0.9,name_postcode,2026-08-11,0
10973868,1,2,4,0.9,0.9,name_postcode,2026-08-11,0
10974844,1,1,1,0.9,0.9,name_postcode,2026-08-11,0
10977560,1,1,1,0.9,0.9,name_postcode,2026-08-11,0
10977836,1,1,1,0.9,0.9,name_postcode,2026-08-11,0
10978406,1,1,0,0.9,0.9,name_postcode,2026-08-11,0
10979596,1,1,2,0.9,0.9,name_postcode,2026-08-11,0
10980144,1,1,11,0.9,0.9,name_postcode,2026-08-11,0
10980510,1,1,1,0.9,0.9,name_postcode,2026-08-11,0
10980651,1,2,6,0.9,0.9,name_postcode,2026-08-11,0
10983242,1,1,0,0.9,0.9,name_postcode,2026-08-11,0
10983569,1,1,0,0.9,0.9,name_postcode,2026-08-11,0
10984092,1,1,1,0.9,0.9,name_postcode,2026-08-11,0
10984685,1,1,2,0.9,0.9,name_postcode,2026-08-11,0
10986940,1,1,4,0.9,0.9,name_postcode,2026-08-11,0
10989105,1,1,8,0.9,0.9,name_postcode,2026-08-11,0
10989365,1,1,2,0.9,0.9,name_postcode,2026-08-11,0
10990604,1,1,4,0.9,0.9,name_postcode,2026-08-11,0
10998087,1,1,1,0.9,0.9,name_postcode,2026-08-11,0
11001290,1,1,2,0.9,0.9,name_postcode,2026-08-11,0
11001894,1,1,2,0.9,0.9,name_postcode,2026-08-11,0
11002717,1,1,1,0.9,0.9,name_postcode,2026-08-11,0
11005865,1,1,1,0.9,0.9,name_postcode,2026-08-11,0
11008126,1,1,3,0.9,0.9,name_postcode,2026-08-11,0
11010715,1,1,3,0.9,0.9,name_postcode,2026-08-11,0
11012816,1,2,2,0.9,0.9,name_postcode,2026-08-11,0
11013848,1,1,2,0.9,0.9,name_postcode,2026-08-11,0
11015117,1,1,2,0.9,0.9,name_postcode,2026-08-11,0
11016279,1,1,0,0.9,0.9,name_postcode,2026-08-11,0
11016757,1,1,4,0.9,0.9,name_postcode,2026-08-11,0
11017136,1,1,1,0.9,0.9,name_postcode,2026-08-11,0
11020413,1,1,3,0.9,0.9,name_postcode,2026-08-11,0
11022970,1,1,4,0.9,0.9,name_postcode,2026-08-11,0
11024027,1,1,2,0.9,0.9,name_postcode,2026-08-11,0
11025106,1,1,1,0.9,0.9,name_postcode,2026-08-11,0
11027520,1,1,1,0.9,0.9,name_postcode,2026-08-11,0
11029091,1,1,2,0.9,0.9,name_postcode,2026-08-11,0
11030310,1,1,1,0.9,0.9,name_postcode,2026-08-11,0
11030510,1,1,1,0.9,0.9,name_postcode,2026-08-11,0
11031998,1,2,3,0.9,0.9,name_postcode,2026-08-11,0
11041631,1,1,1,0.9,0.9,name_postcode,2026-08-11,0
11041919,1,1,1,0.9,0.9,name_postcode,2026-08-11,0
11042080,1,1,1,0.9,0.9,name_postcode,2026-08-11,0
11042112,1,1,1,0.9,0.9,name_postcode,2026-08-11,0
11044789,1,1,0,0.8,0.8,name_postcode_area,2026-08-11,0
11046748,1,1,1,0.8,0.8,name_postcode_area,2026-08-11,0
11046802,1,1,1,0.8,0.8,name_postcode_area,2026-08-11,0
11050813,1,1,1,0.9,0.9,name_postcode,2026-08-11,0
11052339,1,1,1,0.9,0.9,name_postcode,2026-08-11,0
11054011,1,1,1,0.9,0.9,name_postcode,2026-08-11,0
11054887,1,1,1,0.9,0.9,name_postcode,2026-08-11,0
11057060,1,1,1,0.9,0.9,name_postcode,2026-08-11,0
11059104,1,1,2,0.9,0.9,name_postcode,2026-08-11,0
11059163,1,2,2,0.9,0.9,name_postcode,2026-08-11,0
11059491,1,1,7,0.9,0.9,name_postcode,2026-08-11,0
11060386,1,2,8,0.9,0.9,name_postcode,2026-08-11,0
11062412,1,1,5,0.9,0.9,name_postcode,2026-08-11,0
11066149,1,1,1,0.9,0.9,name_postcode,2026-08-11,0
11066948,1,1,1,0.9,0.9,name_postcode,2026-08-11,0
11069293,1,1,1,0.9,0.9,name_postcode,2026-08-11,0
11069886,1,1,1,0.9,0.9,name_postcode,2026-08-11,0
11070502,1,1,6,0.9,0.9,name_postcode,2026-08-11,0
11070996,1,1,1,0.9,0.9,name_postcode,2026-08-11,0
11071121,1,1,1,0.9,0.9,name_postcode,2026-08-11,0
11073804,1,1,1,0.9,0.9,name_postcode,2026-08-11,0
11074380,1,1,1,0.9,0.9,name_postcode,2026-08-11,0
11076647,1,1,1,0.9,0.9,name_postcode,2026-08-11,0
11076788,1,1,3,0.9,0.9,name_postcode,2026-08-11,0
11077030,1,1,3,0.9,0.9,name_postcode,2026-08-11,0
11082389,1,1,1,0.9,0.9,name_postcode,2026-08-11,0
11083558,1,1,1,0.9,0.9,name_postcode,2026-08-11,0
11084258,1,1,1,0.9,0.9,name_postcode,2026-08-11,0
11085480,1,1,3,0.9,0.9,name_postcode,2026-08-11,0
11088766,1,1,0,0.9,0.9,name_postcode,2026-08-11,0
11091899,1,1,4,0.9,0.9,name_postcode,2026-08-11,0
11093638,1,1,1,0.9,0.9,name_postcode,2026-08-11,0
11096479,1,1,1,0.9,0.9,name_postcode,2026-08-11,0
11102458,1,1,2,0.9,0.9,name_postcode,2026-08-11,0
11102890,1,1,1,0.9,0.9,name_postcode,2026-08-11,0
11103317,1,1,1,0.9,0.9,name_postcode,2026-08-11,0
11104088,1,1,2,0.9,0.9,name_postcode,2026-08-11,0
11105213,1,1,2,0.9,0.9,name_postcode,2026-08-11,0
11106423,1,2,8,0.9,0.9,name_postcode,2026-08-11,0
11107793,1,1,1,0.9,0.9,name_postcode,2026-08-11,0
11107938,1,1,1,0.9,0.9,name_postcode,2026-08-11,0
11108246,1,1,1,0.9,0.9,name_postcode,2026-08-11,0
11109941,1,1,12,0.9,0.9,name_postcode,2026-08-11,0
11110428,1,1,5,0.9,0.9,name_postcode,2026-08-11,0
11110867,1,1,1,0.9,0.9,name_postcode,2026-08-11,0
11112870,1,1,12,0.9,0.9,name_postcode,2026-08-11,0
11112959,1,1,1,0.9,0.9,name_postcode,2026-08-11,0
11113295,1,1,1,0.9,0.9,name_postcode,2026-08-11,0
11115277,1,1,2,0.9,0.9,name_postcode,2026-08-11,0
11115983,1,1,1,0.9,0.9,name_postcode,2026-08-11,0
11116383,1,1,1,0.9,0.9,name_postcode,2026-08-11,0
11117564,1,1,1,0.9,0.9,name_postcode,2026-08-11,0
11118266,1,1,0,0.9,0.9,name_postcode,2026-08-11,0
11120038,1,1,1,0.9,0.9,name_postcode,2026-08-11,0
11120546,1,1,1,0.8,0.8,name_postcode_area,2026-08-11,0
11123728,1,2,10,0.9,0.9,name_postcode,2026-08-11,0
11125442,1,1,1,0.9,0.9,name_postcode,2026-08-11,0
11125466,1,1,7,0.9,0.9,name_postcode,2026-08-11,0
11127427,1,1,7,0.9,0.9,name_postcode,2026-08-11,0
11128093,1,1,0,0.9,0.9,name_postcode,2026-08-11,0
11129870,1,1,1,0.9,0.9,name_postcode,2026-08-11,0
11130218,1,1,7,0.9,0.9,name_postcode,2026-08-11,0
11130721,1,1,2,0.9,0.9,name_postcode,2026-08-11,0
11131658,1,1,2,0.9,0.9,name_postcode,2026-08-11,0
11136840,1,1,2,0.9,0.9,name_postcode,2026-08-11,0
11137433,1,1,2,0.9,0.9,name_postcode,2026-08-11,0
11140695,1,1,1,0.9,0.9,name_postcode,2026-08-11,0
11141453,1,1,1,0.9,0.9,name_postcode,2026-08-11,0
11141665,1,1,1,0.9,0.9,name_postcode,2026-08-11,0
11142238,1,1,2,0.9,0.9,name_postcode,2026-08-11,0
11145951,1,1,3,0.9,0.9,name_postcode,2026-08-11,0
11146102,1,1,3,0.9,0.9,name_postcode,2026-08-11,0
11146554,1,1,1,0.9,0.9,name_postcode,2026-08-11,0
11147264,1,1,4,0.9,0.9,name_postcode,2026-08-11,0
11152612,1,1,0,0.8,0.8,name_postcode_area,2026-08-11,0
11153050,1,1,3,0.9,0.9,name_postcode,2026-08-11,0
11153193,1,1,6,0.9,0.9,name_postcode,2026-08-11,0
11153557,1,1,1,0.9,0.9,name_postcode,2026-08-11,0
11157173,1,1,2,0.8,0.8,name_postcode_area,2026-08-11,0
11158825,1,1,2,0.9,0.9,name_postcode,2026-08-11,0
11159809,1,1,2,0.9,0.9,name_postcode,2026-08-11,0
11159880,1,1,1,0.9,0.9,name_postcode,2026-08-11,0
11163019,1,1,2,0.9,0.9,name_postcode,2026-08-11,0
11172223,1,1,1,0.9,0.9,name_postcode,2026-08-11,0
11175710,1,1,2,0.9,0.9,name_postcode,2026-08-11,0
11177178,1,1,1,0.9,0.9,name_postcode,2026-08-11,0
11181393,1,1,1,0.9,0.9,name_postcode,2026-08-11,0
11185179,1,1,1,0.8,0.8,name_postcode_area,2026-08-11,0
11187265,1,1,0,0.9,0.9,name_postcode,2026-08-11,0
11187318,1,1,2,0.9,0.9,name_postcode,2026-08-11,0
11188703,1,1,3,0.9,0.9,name_postcode,2026-08-11,0
11188863,1,1,7,0.9,0.9,name_postcode,2026-08-11,0
11194500,1,1,0,0.8,0.8,name_postcode_area,2026-08-11,0
11198241,1,1,0,0.9,0.9,name_postcode,2026-08-11,0
11200994,1,1,0,0.9,0.9,name_postcode,2026-08-11,0
11201576,1,1,1,0.9,0.9,name_postcode,2026-08-11,0
11202037,1,1,1,0.9,0.9,name_postcode,2026-08-11,0
11202716,1,1,8,0.9,0.9,name_postcode,2026-08-11,0
11202829,1,1,1,0.9,0.9,name_postcode,2026-08-11,0
11202964,1,1,1,0.9,0.9,name_postcode,2026-08-11,0
11203800,1,1,1,0.9,0.9,name_postcode,2026-08-11,0
11206295,1,1,1,0.9,0.9,name_postcode,2026-08-11,0
11207439,1,1,0,0.9,0.9,name_postcode,2026-08-11,0
11208148,1,1,1,0.9,0.9,name_postcode,2026-08-11,0
11209475,1,1,0,0.9,0.9,name_postcode,2026-08-11,0
11211307,1,1,1,0.9,0.9,name_postcode,2026-08-11,0
11211343,1,2,16,0.9,0.8,name_postcode|name_postcode_area,2026-08-11,0
11212264,1,1,1,0.9,0.9,name_postcode,2026-08-11,0
11213885,1,2,4,0.9,0.9,name_postcode,2026-08-11,0
11214136,1,1,2,0.9,0.9,name_postcode,2026-08-11,0
11218230,1,1,1,0.9,0.9,name_postcode,2026-08-11,0
11218777,1,1,2,0.9,0.9,name_postcode,2026-08-11,0
11219399,1,1,3,0.9,0.9,name_postcode,2026-08-11,0
11220892,1,1,2,0.9,0.9,name_postcode,2026-08-11,0
11222719,1,1,1,0.9,0.9,name_postcode,2026-08-11,0
11223987,1,1,1,0.9,0.9,name_postcode,2026-08-11,0
11226896,1,1,1,0.9,0.9,name_postcode,2026-08-11,0
11227200,1,2,2,0.9,0.8,name_postcode|name_postcode_area,2026-08-11,0
11227726,1,1,11,0.9,0.9,name_postcode,2026-08-11,0
11228656,1,1,2,0.9,0.9,name_postcode,2026-08-11,0
11230482,1,1,3,0.8,0.8,name_postcode_area,2026-08-11,0
11231670,1,1,1,0.9,0.9,name_postcode,2026-08-11,0
11238886,1,1,4,0.9,0.9,name_postcode,2026-08-11,0
11239657,1,1,1,0.9,0.9,name_postcode,2026-08-11,0
11240610,1,1,6,0.9,0.9,name_postcode,2026-08-11,0
11241573,1,1,3,0.9,0.9,name_postcode,2026-08-11,0
11242734,1,1,6,0.9,0.9,name_postcode,2026-08-11,0
11243093,1,1,5,0.9,0.9,name_postcode,2026-08-11,0
11243383,1,1,1,0.9,0.9,name_postcode,2026-08-11,0
11243462,1,1,5,0.9,0.9,name_postcode,2026-08-11,0
11243556,1,1,1,0.9,0.9,name_postcode,2026-08-11,0
11245264,1,1,0,0.9,0.9,name_postcode,2026-08-11,0
11245279,1,1,1,0.9,0.9,name_postcode,2026-08-11,0
11246679,1,1,6,0.9,0.9,name_postcode,2026-08-11,0
11246890,1,1,5,0.9,0.9,name_postcode,2026-08-11,0
11247637,1,1,1,0.9,0.9,name_postcode,2026-08-11,0
11250727,1,1,3,0.9,0.9,name_postcode,2026-08-11,0
11251050,1,1,10,0.9,0.9,name_postcode,2026-08-11,0
11251527,1,1,6,0.9,0.9,name_postcode,2026-08-11,0
11252951,1,1,1,0.9,0.9,name_postcode,2026-08-11,0
11253274,1,1,2,0.9,0.9,name_postcode,2026-08-11,0
11253676,1,1,1,0.9,0.9,name_postcode,2026-08-11,0
11254425,1,1,1,0.9,0.9,name_postcode,2026-08-11,0
11255952,1,1,1,0.9,0.9,name_postcode,2026-08-11,0
11256678,1,1,0,0.9,0.9,name_postcode,2026-08-11,0
11263006,1,1,0,0.9,0.9,name_postcode,2026-08-11,0
11263781,1,1,2,0.9,0.9,name_postcode,2026-08-11,0
11264664,1,1,2,0.9,0.9,name_postcode,2026-08-11,0
11266143,1,2,72,0.8,0.8,name_postcode_area,2026-08-11,0
11267746,1,1,1,0.9,0.9,name_postcode,2026-08-11,0
11268569,1,1,1,0.9,0.9,name_postcode,2026-08-11,0
11271285,1,1,2,0.9,0.9,name_postcode,2026-08-11,0
11273508,1,1,3,0.9,0.9,name_postcode,2026-08-11,0
11274812,1,1,0,0.9,0.9,name_postcode,2026-08-11,0
11276329,1,1,1,0.9,0.9,name_postcode,2026-08-11,0
11276867,1,1,2,0.9,0.9,name_postcode,2026-08-11,0
11277467,1,1,1,0.9,0.9,name_postcode,2026-08-11,0
11280825,1,1,1,0.9,0.9,name_postcode,2026-08-11,0
11282547,1,1,2,0.9,0.9,name_postcode,2026-08-11,0
11290781,1,1,1,0.9,0.9,name_postcode,2026-08-11,0
11291103,1,1,1,0.9,0.9,name_postcode,2026-08-11,0
11294505,1,1,0,0.9,0.9,name_postcode,2026-08-11,0
11294625,1,1,1,0.8,0.8,name_postcode_area,2026-08-11,0
11295296,1,1,0,0.9,0.9,name_postcode,2026-08-11,0
11297082,1,1,3,0.9,0.9,name_postcode,2026-08-11,0
11301875,1,1,5,0.9,0.9,name_postcode,2026-08-11,0
11302612,1,1,1,0.9,0.9,name_postcode,2026-08-11,0
11304154,1,1,2,0.9,0.9,name_postcode,2026-08-11,0
11307075,1,1,3,0.9,0.9,name_postcode,2026-08-11,0
11308921,1,1,1,0.9,0.9,name_postcode,2026-08-11,0
11310218,1,1,0,0.9,0.9,name_postcode,2026-08-11,0
11311776,1,1,1,0.9,0.9,name_postcode,2026-08-11,0
11313074,1,1,5,0.9,0.9,name_postcode,2026-08-11,0
11313377,1,1,2,0.9,0.9,name_postcode,2026-08-11,0
11314081,1,1,1,0.9,0.9,name_postcode,2026-08-11,0
11316065,1,1,1,0.9,0.9,name_postcode,2026-08-11,0
11317031,1,1,1,0.9,0.9,name_postcode,2026-08-11,0
11318441,1,1,4,0.9,0.9,name_postcode,2026-08-11,0
11319335,1,1,2,0.9,0.9,name_postcode,2026-08-11,0
11323342,1,2,3,0.9,0.9,name_postcode,2026-08-11,0
11323450,1,1,5,0.9,0.9,name_postcode,2026-08-11,0
11325521,1,1,2,0.9,0.9,name_postcode,2026-08-11,0
11325766,1,1,1,0.9,0.9,name_postcode,2026-08-11,0
11326653,1,1,2,0.9,0.9,name_postcode,2026-08-11,0
11327755,1,1,1,0.9,0.9,name_postcode,2026-08-11,0
11331912,1,1,1,0.9,0.9,name_postcode,2026-08-11,0
11332314,1,1,0,0.9,0.9,name_postcode,2026-08-11,0
11333643,1,1,2,0.8,0.8,name_postcode_area,2026-08-11,0
11335301,1,1,1,0.9,0.9,name_postcode,2026-08-11,0
11335936,1,1,4,0.9,0.9,name_postcode,2026-08-11,0
11336312,1,1,4,0.9,0.9,name_postcode,2026-08-11,0
11337806,1,1,2,0.9,0.9,name_postcode,2026-08-11,0
11339472,1,1,5,0.9,0.9,name_postcode,2026-08-11,0
11339711,1,1,6,0.9,0.9,name_postcode,2026-08-11,0
11339725,1,1,1,0.9,0.9,name_postcode,2026-08-11,0
11341576,1,1,7,0.9,0.9,name_postcode,2026-08-11,0
11343859,1,2,1,0.9,0.9,name_postcode,2026-08-11,0
11345001,1,1,2,0.9,0.9,name_postcode,2026-08-11,0
11345043,1,1,4,0.9,0.9,name_postcode,2026-08-11,0
11345544,1,1,1,0.9,0.9,name_postcode,2026-08-11,0
11346942,1,1,15,0.9,0.9,name_postcode,2026-08-11,0
11348164,1,1,2,0.9,0.9,name_postcode,2026-08-11,0
11349913,1,2,9,0.9,0.9,name_postcode,2026-08-11,0
11351281,1,1,1,0.9,0.9,name_postcode,2026-08-11,0
11352032,1,1,1,0.9,0.9,name_postcode,2026-08-11,0
11354850,1,1,1,0.9,0.9,name_postcode,2026-08-11,0
11358592,1,1,1,0.9,0.9,name_postcode,2026-08-11,0
11361730,1,1,1,0.9,0.9,name_postcode,2026-08-11,0
11362774,1,1,6,0.9,0.9,name_postcode,2026-08-11,0
11367637,1,1,1,0.9,0.9,name_postcode,2026-08-11,0
11370398,1,1,1,0.9,0.9,name_postcode,2026-08-11,0
11371368,1,1,0,0.9,0.9,name_postcode,2026-08-11,0
11371379,1,1,0,0.9,0.9,name_postcode,2026-08-11,0
11371415,1,1,1,0.9,0.9,name_postcode,2026-08-11,0
11372447,1,1,1,0.9,0.9,name_postcode,2026-08-11,0
11375917,1,1,2,0.9,0.9,name_postcode,2026-08-11,0
11378449,1,1,12,0.9,0.9,name_postcode,2026-08-11,0
11384234,1,2,2,0.9,0.9,name_postcode,2026-08-11,0
11384491,1,1,0,0.9,0.9,name_postcode,2026-08-11,0
11387258,1,1,1,0.9,0.9,name_postcode,2026-08-11,0
11387533,1,1,1,0.9,0.9,name_postcode,2026-08-11,0
11388567,1,2,5,0.9,0.9,name_postcode,2026-08-11,0
11390188,1,1,1,0.9,0.9,name_postcode,2026-08-11,0
11392873,1,1,3,0.9,0.9,name_postcode,2026-08-11,0
11392880,1,1,0,0.9,0.9,name_postcode,2026-08-11,0
11393234,1,1,1,0.9,0.9,name_postcode,2026-08-11,0
11394441,1,1,2,0.9,0.9,name_postcode,2026-08-11,0
11394777,1,1,0,0.9,0.9,name_postcode,2026-08-11,0
11397771,1,1,8,0.9,0.9,name_postcode,2026-08-11,0
11404796,1,1,2,0.9,0.9,name_postcode,2026-08-11,0
11405883,1,1,1,0.9,0.9,name_postcode,2026-08-11,0
11407217,1,1,1,0.9,0.9,name_postcode,2026-08-11,0
11409307,1,1,1,0.9,0.9,name_postcode,2026-08-11,0
11410597,1,1,2,0.9,0.9,name_postcode,2026-08-11,0
11410833,1,1,1,0.9,0.9,name_postcode,2026-08-11,0
11411254,1,1,7,0.9,0.9,name_postcode,2026-08-11,0
11412688,1,1,1,0.9,0.9,name_postcode,2026-08-11,0
11412756,1,1,0,0.9,0.9,name_postcode,2026-08-11,0
11413946,1,1,1,0.8,0.8,name_postcode_area,2026-08-11,0
11415741,1,1,4,0.9,0.9,name_postcode,2026-08-11,0
11417841,1,1,2,0.9,0.9,name_postcode,2026-08-11,0
11418221,1,1,1,0.9,0.9,name_postcode,2026-08-11,0
11418236,1,1,0,0.9,0.9,name_postcode,2026-08-11,0
11420196,1,1,1,0.9,0.9,name_postcode,2026-08-11,0
11420367,1,1,18,0.8,0.8,name_postcode_area,2026-08-11,0
11420787,1,1,4,0.9,0.9,name_postcode,2026-08-11,0
11424510,1,1,3,0.9,0.9,name_postcode,2026-08-11,0
11425630,1,1,1,0.9,0.9,name_postcode,2026-08-11,0
11425744,1,1,1,0.8,0.8,name_postcode_area,2026-08-11,0
11427360,1,1,1,0.9,0.9,name_postcode,2026-08-11,0
11427766,1,2,2,0.9,0.9,name_postcode,2026-08-11,0
11430103,1,1,1,0.9,0.9,name_postcode,2026-08-11,0
11437154,1,1,1,0.8,0.8,name_postcode_area,2026-08-11,0
11437288,1,1,5,0.9,0.9,name_postcode,2026-08-11,0
11439437,1,1,0,0.9,0.9,name_postcode,2026-08-11,0
11443576,1,1,1,0.9,0.9,name_postcode,2026-08-11,0
11443633,1,1,4,0.9,0.9,name_postcode,2026-08-11,0
11444280,1,1,0,0.9,0.9,name_postcode,2026-08-11,0
11444362,1,3,319,0.9,0.9,name_postcode,2026-08-11,0
11444598,1,2,3,0.9,0.9,name_postcode,2026-08-11,0
11445797,1,1,1,0.9,0.9,name_postcode,2026-08-11,0
11447363,1,1,1,0.9,0.9,name_postcode,2026-08-11,0
11447596,1,1,2,0.9,0.9,name_postcode,2026-08-11,0
11450556,1,1,1,0.9,0.9,name_postcode,2026-08-11,0
11453121,1,1,3,0.9,0.9,name_postcode,2026-08-11,0
11453613,1,1,1,0.9,0.9,name_postcode,2026-08-11,0
11455221,1,1,1,0.9,0.9,name_postcode,2026-08-11,0
11457650,1,1,3,0.9,0.9,name_postcode,2026-08-11,0
11460425,1,1,2,0.9,0.9,name_postcode,2026-08-11,0
11460931,1,1,1,0.9,0.9,name_postcode,2026-08-11,0
11461388,1,1,8,0.9,0.9,name_postcode,2026-08-11,0
11462449,1,1,3,0.9,0.9,name_postcode,2026-08-11,0
11464312,1,1,1,0.9,0.9,name_postcode,2026-08-11,0
11464742,1,1,2,0.9,0.9,name_postcode,2026-08-11,0
11465150,1,1,2,0.9,0.9,name_postcode,2026-08-11,0
11465174,1,1,2,0.9,0.9,name_postcode,2026-08-11,0
11465816,1,1,2,0.9,0.9,name_postcode,2026-08-11,0
11468090,1,1,2,0.9,0.9,name_postcode,2026-08-11,0
11471122,1,1,1,0.8,0.8,name_postcode_area,2026-08-11,0
11472121,1,1,2,0.9,0.9,name_postcode,2026-08-11,0
11472854,1,1,1,0.9,0.9,name_postcode,2026-08-11,0
11472974,1,1,1,0.9,0.9,name_postcode,2026-08-11,0
11473586,1,1,7,0.9,0.9,name_postcode,2026-08-11,0
11473886,1,1,1,0.9,0.9,name_postcode,2026-08-11,0
11477586,1,1,1,0.9,0.9,name_postcode,2026-08-11,0
11478336,1,1,1,0.9,0.9,name_postcode,2026-08-11,0
11479455,1,1,1,0.8,0.8,name_postcode_area,2026-08-11,0
11479497,1,1,1,0.9,0.9,name_postcode,2026-08-11,0
11479581,1,1,1,0.9,0.9,name_postcode,2026-08-11,0
11479935,1,1,2,0.9,0.9,name_postcode,2026-08-11,0
11480360,1,1,1,0.9,0.9,name_postcode,2026-08-11,0
11480845,1,1,1,0.9,0.9,name_postcode,2026-08-11,0
11485792,1,1,4,0.9,0.9,name_postcode,2026-08-11,0
11486651,1,1,1,0.9,0.9,name_postcode,2026-08-11,0
11488166,1,1,0,0.9,0.9,name_postcode,2026-08-11,0
11491229,1,1,2,0.8,0.8,name_postcode_area,2026-08-11,0
11493875,1,1,1,0.9,0.9,name_postcode,2026-08-11,0
11494189,1,1,2,0.9,0.9,name_postcode,2026-08-11,0
11494513,1,1,2,0.9,0.9,name_postcode,2026-08-11,0
11495760,1,1,9,0.9,0.9,name_postcode,2026-08-11,0
11497119,1,1,3,0.9,0.9,name_postcode,2026-08-11,0
11498774,1,1,1,0.9,0.9,name_postcode,2026-08-11,0
11501115,1,1,2,0.9,0.9,name_postcode,2026-08-11,0
11501984,1,1,5,0.8,0.8,name_postcode_area,2026-08-11,0
11502413,1,1,5,0.9,0.9,name_postcode,2026-08-11,0
11504964,1,1,3,0.9,0.9,name_postcode,2026-08-11,0
11506726,1,1,3,0.8,0.8,name_postcode_area,2026-08-11,0
11513048,1,1,1,0.9,0.9,name_postcode,2026-08-11,0
11514389,1,1,0,0.9,0.9,name_postcode,2026-08-11,0
11517165,1,1,2,0.9,0.9,name_postcode,2026-08-11,0
11517683,1,2,1,0.9,0.9,name_postcode,2026-08-11,0
11520217,1,1,1,0.9,0.9,name_postcode,2026-08-11,0
11520219,1,1,1,0.9,0.9,name_postcode,2026-08-11,0
11520777,1,1,3,0.9,0.9,name_postcode,2026-08-11,0
11520864,1,1,2,0.9,0.9,name_postcode,2026-08-11,0
11523299,1,1,3,0.9,0.9,name_postcode,2026-08-11,0
11525716,1,1,2,0.9,0.9,name_postcode,2026-08-11,0
11535246,1,1,2,0.9,0.9,name_postcode,2026-08-11,0
11535653,1,1,2,0.9,0.9,name_postcode,2026-08-11,0
11535661,1,1,7,0.9,0.9,name_postcode,2026-08-11,0
11538270,1,1,1,0.9,0.9,name_postcode,2026-08-11,0
11538852,1,1,1,0.9,0.9,name_postcode,2026-08-11,0
11539095,1,1,1,0.9,0.9,name_postcode,2026-08-11,0
11539975,1,1,1,0.9,0.9,name_postcode,2026-08-11,0
11541688,1,1,2,0.9,0.9,name_postcode,2026-08-11,0
11541952,1,2,7,0.9,0.8,name_postcode|name_postcode_area,2026-08-11,0
11542449,1,1,2,0.8,0.8,name_postcode_area,2026-08-11,0
11542795,1,2,2,0.8,0.8,name_postcode_area,2026-08-11,0
11543848,1,1,1,0.9,0.9,name_postcode,2026-08-11,0
11544270,1,1,1,0.8,0.8,name_postcode_area,2026-08-11,0
11548037,1,2,5,0.9,0.9,name_postcode,2026-08-11,0
11550101,1,1,1,0.9,0.9,name_postcode,2026-08-11,0
11552335,1,1,2,0.9,0.9,name_postcode,2026-08-11,0
11555675,1,1,1,0.9,0.9,name_postcode,2026-08-11,0
11556045,1,1,4,0.9,0.9,name_postcode,2026-08-11,0
11556142,1,1,3,0.9,0.9,name_postcode,2026-08-11,0
11556283,1,1,3,0.9,0.9,name_postcode,2026-08-11,0
11559663,1,1,1,0.9,0.9,name_postcode,2026-08-11,0
11560350,1,1,3,0.9,0.9,name_postcode,2026-08-11,0
11562800,1,2,4,0.9,0.9,name_postcode,2026-08-11,0
11563151,1,1,1,0.9,0.9,name_postcode,2026-08-11,0
11563620,1,1,4,0.9,0.9,name_postcode,2026-08-11,0
11564968,1,1,1,0.9,0.9,name_postcode,2026-08-11,0
11565164,1,1,2,0.9,0.9,name_postcode,2026-08-11,0
11566936,1,2,2,0.8,0.8,name_postcode_area,2026-08-11,0
11567424,1,1,2,0.9,0.9,name_postcode,2026-08-11,0
11567743,1,1,1,0.9,0.9,name_postcode,2026-08-11,0
11568868,1,1,16,0.9,0.9,name_postcode,2026-08-11,0
11569012,1,1,1,0.8,0.8,name_postcode_area,2026-08-11,0
11573751,1,1,1,0.9,0.9,name_postcode,2026-08-11,0
11575835,1,1,1,0.9,0.9,name_postcode,2026-08-11,0
11576602,1,1,2,0.9,0.9,name_postcode,2026-08-11,0
11578859,1,1,1,0.9,0.9,name_postcode,2026-08-11,0
11579038,1,1,0,0.9,0.9,name_postcode,2026-08-11,0
11579884,1,2,3,0.9,0.9,name_postcode,2026-08-11,0
11581444,1,1,2,0.9,0.9,name_postcode,2026-08-11,0
11583477,1,2,3,0.9,0.9,name_postcode,2026-08-11,0
11586804,1,1,1,0.9,0.9,name_postcode,2026-08-11,0
11588155,1,1,1,0.9,0.9,name_postcode,2026-08-11,0
11591373,1,1,2,0.9,0.9,name_postcode,2026-08-11,0
11591963,1,1,0,0.9,0.9,name_postcode,2026-08-11,0
11594420,1,1,1,0.9,0.9,name_postcode,2026-08-11,0
11594583,1,1,1,0.9,0.9,name_postcode,2026-08-11,0
11595354,1,1,1,0.9,0.9,name_postcode,2026-08-11,0
11595406,1,1,2,0.9,0.9,name_postcode,2026-08-11,0
11595539,1,1,3,0.9,0.9,name_postcode,2026-08-11,0
11596061,1,1,1,0.9,0.9,name_postcode,2026-08-11,0
11597068,1,1,1,0.9,0.9,name_postcode,2026-08-11,0
11597076,1,1,1,0.9,0.9,name_postcode,2026-08-11,0
11598297,1,1,2,0.9,0.9,name_postcode,2026-08-11,0
11601168,1,1,4,0.9,0.9,name_postcode,2026-08-11,0
11603102,1,1,1,0.9,0.9,name_postcode,2026-08-11,0
11603562,1,1,3,0.9,0.9,name_postcode,2026-08-11,0
11603717,1,1,1,0.8,0.8,name_postcode_area,2026-08-11,0
11606427,1,1,1,0.9,0.9,name_postcode,2026-08-11,0
11607998,1,1,3,0.9,0.9,name_postcode,2026-08-11,0
11608210,1,1,7,0.9,0.9,name_postcode,2026-08-11,0
11608523,1,1,5,0.9,0.9,name_postcode,2026-08-11,0
11608527,1,1,1,0.9,0.9,name_postcode,2026-08-11,0
11608717,1,1,2,0.9,0.9,name_postcode,2026-08-11,0
11610934,1,1,4,0.9,0.9,name_postcode,2026-08-11,0
11610935,1,1,1,0.9,0.9,name_postcode,2026-08-11,0
11611431,1,1,2,0.9,0.9,name_postcode,2026-08-11,0
11612977,1,1,1,0.9,0.9,name_postcode,2026-08-11,0
11613626,1,1,8,0.9,0.9,name_postcode,2026-08-11,0
11613702,1,2,14,0.9,0.9,name_postcode,2026-08-11,0
11614257,1,1,1,0.9,0.9,name_postcode,2026-08-11,0
11615084,1,1,1,0.9,0.9,name_postcode,2026-08-11,0
11615851,1,1,2,0.9,0.9,name_postcode,2026-08-11,0
11615879,1,1,1,0.9,0.9,name_postcode,2026-08-11,0
11617449,1,1,5,0.9,0.9,name_postcode,2026-08-11,0
11618123,1,1,1,0.9,0.9,name_postcode,2026-08-11,0
11618179,1,1,3,0.9,0.9,name_postcode,2026-08-11,0
11618378,1,1,1,0.9,0.9,name_postcode,2026-08-11,0
11619134,1,1,1,0.9,0.9,name_postcode,2026-08-11,0
11620955,1,2,5,0.9,0.9,name_postcode,2026-08-11,0
11621264,1,1,1,0.9,0.9,name_postcode,2026-08-11,0
11622363,1,1,1,0.9,0.9,name_postcode,2026-08-11,0
11623663,1,1,1,0.9,0.9,name_postcode,2026-08-11,0
11624582,1,1,1,0.9,0.9,name_postcode,2026-08-11,0
11625074,1,1,1,0.8,0.8,name_postcode_area,2026-08-11,0
11626251,1,1,3,0.9,0.9,name_postcode,2026-08-11,0
11628628,1,1,3,0.9,0.9,name_postcode,2026-08-11,0
11630043,1,1,1,0.9,0.9,name_postcode,2026-08-11,0
11632300,1,1,1,0.9,0.9,name_postcode,2026-08-11,0
11636026,1,1,4,0.9,0.9,name_postcode,2026-08-11,0
11636445,1,1,1,0.9,0.9,name_postcode,2026-08-11,0
11637116,1,2,22,0.9,0.9,name_postcode,2026-08-11,0
11638424,1,1,2,0.8,0.8,name_postcode_area,2026-08-11,0
11643516,1,2,8,0.9,0.9,name_postcode,2026-08-11,0
11643812,1,1,1,0.9,0.9,name_postcode,2026-08-11,0
11643855,1,1,1,0.9,0.9,name_postcode,2026-08-11,0
11644771,1,2,2,0.9,0.8,name_postcode|name_postcode_area,2026-08-11,0
11645313,1,1,1,0.9,0.9,name_postcode,2026-08-11,0
11647516,1,1,1,0.9,0.9,name_postcode,2026-08-11,0
11648220,1,1,4,0.9,0.9,name_postcode,2026-08-11,0
11648338,1,1,0,0.9,0.9,name_postcode,2026-08-11,0
11649630,1,1,4,0.9,0.9,name_postcode,2026-08-11,0
11650127,1,1,1,0.9,0.9,name_postcode,2026-08-11,0
11650311,1,1,3,0.9,0.9,name_postcode,2026-08-11,0
11650356,1,1,1,0.9,0.9,name_postcode,2026-08-11,0
11651908,1,1,1,0.9,0.9,name_postcode,2026-08-11,0
11654136,1,1,1,0.9,0.9,name_postcode,2026-08-11,0
11654153,1,2,20,0.9,0.8,name_postcode|name_postcode_area,2026-08-11,0
11655674,1,1,1,0.9,0.9,name_postcode,2026-08-11,0
11658320,1,1,1,0.9,0.9,name_postcode,2026-08-11,0
11660346,1,1,1,0.9,0.9,name_postcode,2026-08-11,0
11660861,1,1,3,0.9,0.9,name_postcode,2026-08-11,0
11663974,1,1,4,0.9,0.9,name_postcode,2026-08-11,0
11664038,1,1,1,0.9,0.9,name_postcode,2026-08-11,0
11666403,1,2,5,0.9,0.9,name_postcode,2026-08-11,0
11668903,1,1,0,0.9,0.9,name_postcode,2026-08-11,0
11669397,1,1,3,0.9,0.9,name_postcode,2026-08-11,0
11672891,1,1,4,0.9,0.9,name_postcode,2026-08-11,0
11673047,1,1,2,0.9,0.9,name_postcode,2026-08-11,0
11673152,1,1,2,0.9,0.9,name_postcode,2026-08-11,0
11673854,1,1,2,0.9,0.9,name_postcode,2026-08-11,0
11677431,1,1,2,0.9,0.9,name_postcode,2026-08-11,0
11678131,1,1,10,0.9,0.9,name_postcode,2026-08-11,0
11680455,1,2,4,0.9,0.9,name_postcode,2026-08-11,0
11682122,1,1,1,0.9,0.9,name_postcode,2026-08-11,0
11685306,1,1,1,0.8,0.8,name_postcode_area,2026-08-11,0
11685353,1,2,5,0.9,0.9,name_postcode,2026-08-11,0
11687319,1,1,3,0.9,0.9,name_postcode,2026-08-11,0
11689263,1,1,1,0.9,0.9,name_postcode,2026-08-11,0
11693767,1,1,3,0.9,0.9,name_postcode,2026-08-11,0
11695518,1,1,2,0.9,0.9,name_postcode,2026-08-11,0
11695725,1,2,4,0.9,0.9,name_postcode,2026-08-11,0
11696687,1,1,3,0.9,0.9,name_postcode,2026-08-11,0
11697728,1,1,2,0.9,0.9,name_postcode,2026-08-11,0
11698933,1,1,1,0.8,0.8,name_postcode_area,2026-08-11,0
11699166,1,1,0,0.9,0.9,name_postcode,2026-08-11,0
11700102,1,1,11,0.9,0.9,name_postcode,2026-08-11,0
11700227,1,1,0,0.9,0.9,name_postcode,2026-08-11,0
11700555,1,2,3,0.9,0.8,name_postcode|name_postcode_area,2026-08-11,0
11703664,1,1,1,0.9,0.9,name_postcode,2026-08-11,0
11705559,1,1,7,0.9,0.9,name_postcode,2026-08-11,0
11707488,1,1,2,0.9,0.9,name_postcode,2026-08-11,0
11708288,1,1,1,0.9,0.9,name_postcode,2026-08-11,0
11710367,1,2,7,0.9,0.9,name_postcode,2026-08-11,0
11711049,1,1,1,0.9,0.9,name_postcode,2026-08-11,0
11711528,1,1,1,0.9,0.9,name_postcode,2026-08-11,0
11713830,1,1,1,0.9,0.9,name_postcode,2026-08-11,0
11714309,1,1,1,0.9,0.9,name_postcode,2026-08-11,0
11716358,1,1,1,0.9,0.9,name_postcode,2026-08-11,0
11717143,1,1,2,0.9,0.9,name_postcode,2026-08-11,0
11718460,1,1,1,0.9,0.9,name_postcode,2026-08-11,0
11718530,1,1,1,0.9,0.9,name_postcode,2026-08-11,0
11719356,1,1,2,0.9,0.9,name_postcode,2026-08-11,0
11719722,1,1,1,0.9,0.9,name_postcode,2026-08-11,0
11720414,1,1,1,0.9,0.9,name_postcode,2026-08-11,0
11721625,1,1,3,0.9,0.9,name_postcode,2026-08-11,0
11721747,1,1,4,0.9,0.9,name_postcode,2026-08-11,0
11723136,1,1,1,0.9,0.9,name_postcode,2026-08-11,0
11724218,1,1,1,0.9,0.9,name_postcode,2026-08-11,0
11724572,1,1,1,0.9,0.9,name_postcode,2026-08-11,0
11724614,1,1,7,0.9,0.9,name_postcode,2026-08-11,0
11725529,1,1,4,0.9,0.9,name_postcode,2026-08-11,0
11727701,1,1,11,0.9,0.9,name_postcode,2026-08-11,0
11731732,1,1,1,0.9,0.9,name_postcode,2026-08-11,0
11732368,1,1,3,0.9,0.9,name_postcode,2026-08-11,0
11739483,1,1,1,0.9,0.9,name_postcode,2026-08-11,0
11739946,1,1,1,0.9,0.9,name_postcode,2026-08-11,0
11740289,1,1,1,0.9,0.9,name_postcode,2026-08-11,0
11740654,1,1,1,0.9,0.9,name_postcode,2026-08-11,0
11741226,1,1,1,0.9,0.9,name_postcode,2026-08-11,0
11741845,1,1,0,0.9,0.9,name_postcode,2026-08-11,0
11742723,1,1,1,0.9,0.9,name_postcode,2026-08-11,0
11743813,1,1,1,0.9,0.9,name_postcode,2026-08-11,0
11745230,1,1,1,0.9,0.9,name_postcode,2026-08-11,0
11747119,1,1,1,0.9,0.9,name_postcode,2026-08-11,0
11747212,1,1,1,0.9,0.9,name_postcode,2026-08-11,0
11747463,1,1,1,0.9,0.9,name_postcode,2026-08-11,0
11748111,1,1,5,0.9,0.9,name_postcode,2026-08-11,0
11749776,1,1,0,0.9,0.9,name_postcode,2026-08-11,0
11753520,1,1,2,0.9,0.9,name_postcode,2026-08-11,0
11758144,1,1,1,0.9,0.9,name_postcode,2026-08-11,0
11759208,1,1,0,0.8,0.8,name_postcode_area,2026-08-11,0
11759911,1,1,0,0.9,0.9,name_postcode,2026-08-11,0
11760773,1,1,3,0.9,0.9,name_postcode,2026-08-11,0
11761648,1,1,1,0.9,0.9,name_postcode,2026-08-11,0
11761699,1,1,2,0.9,0.9,name_postcode,2026-08-11,0
11764309,1,1,1,0.9,0.9,name_postcode,2026-08-11,0
11766725,1,1,2,0.9,0.9,name_postcode,2026-08-11,0
11769013,1,1,3,0.9,0.9,name_postcode,2026-08-11,0
11769353,1,1,2,0.9,0.9,name_postcode,2026-08-11,0
11771524,1,1,1,0.9,0.9,name_postcode,2026-08-11,0
11771620,1,2,23,0.9,0.9,name_postcode,2026-08-11,0
11772298,1,1,1,0.9,0.9,name_postcode,2026-08-11,0
11774273,1,1,1,0.9,0.9,name_postcode,2026-08-11,0
11774339,1,1,1,0.9,0.9,name_postcode,2026-08-11,0
11775040,1,1,2,0.9,0.9,name_postcode,2026-08-11,0
11776060,1,1,2,0.9,0.9,name_postcode,2026-08-11,0
11776650,1,1,9,0.9,0.9,name_postcode,2026-08-11,0
11777432,1,1,3,0.9,0.9,name_postcode,2026-08-11,0
11779349,1,1,1,0.8,0.8,name_postcode_area,2026-08-11,0
11779559,1,1,5,0.9,0.9,name_postcode,2026-08-11,0
11780589,1,1,2,0.9,0.9,name_postcode,2026-08-11,0
11782223,1,1,1,0.9,0.9,name_postcode,2026-08-11,0
11783652,1,1,1,0.9,0.9,name_postcode,2026-08-11,0
11783852,1,1,3,0.9,0.9,name_postcode,2026-08-11,0
11786051,1,1,1,0.8,0.8,name_postcode_area,2026-08-11,0
11790244,1,1,1,0.9,0.9,name_postcode,2026-08-11,0
11791427,1,1,1,0.9,0.9,name_postcode,2026-08-11,0
11794088,1,1,1,0.9,0.9,name_postcode,2026-08-11,0
11795698,1,2,3,0.9,0.9,name_postcode,2026-08-11,0
11795716,1,1,1,0.9,0.9,name_postcode,2026-08-11,0
11795789,1,1,13,0.9,0.9,name_postcode,2026-08-11,0
11796473,1,1,1,0.9,0.9,name_postcode,2026-08-11,0
11796711,1,1,1,0.9,0.9,name_postcode,2026-08-11,0
11797601,1,1,2,0.9,0.9,name_postcode,2026-08-11,0
11797881,1,1,1,0.9,0.9,name_postcode,2026-08-11,0
11798829,1,1,2,0.9,0.9,name_postcode,2026-08-11,0
11798939,1,1,4,0.9,0.9,name_postcode,2026-08-11,0
11800929,1,1,0,0.8,0.8,name_postcode_area,2026-08-11,0
11804963,1,1,1,0.9,0.9,name_postcode,2026-08-11,0
11806513,1,2,3,0.9,0.9,name_postcode,2026-08-11,0
11810138,1,1,1,0.9,0.9,name_postcode,2026-08-11,0
11810533,1,1,1,0.8,0.8,name_postcode_area,2026-08-11,0
11810672,1,2,5,0.9,0.9,name_postcode,2026-08-11,0
11810723,1,1,2,0.9,0.9,name_postcode,2026-08-11,0
11811151,1,1,1,0.9,0.9,name_postcode,2026-08-11,0
11812385,1,1,3,0.9,0.9,name_postcode,2026-08-11,0
11813846,1,1,1,0.9,0.9,name_postcode,2026-08-11,0
11814146,1,1,1,0.9,0.9,name_postcode,2026-08-11,0
11814959,1,1,1,0.9,0.9,name_postcode,2026-08-11,0
11815299,1,1,1,0.9,0.9,name_postcode,2026-08-11,0
11817459,1,1,1,0.9,0.9,name_postcode,2026-08-11,0
11818690,1,1,1,0.9,0.9,name_postcode,2026-08-11,0
11820368,1,1,1,0.9,0.9,name_postcode,2026-08-11,0
11821878,1,1,1,0.9,0.9,name_postcode,2026-08-11,0
11824347,1,1,5,0.9,0.9,name_postcode,2026-08-11,0
11824381,1,1,1,0.9,0.9,name_postcode,2026-08-11,0
11824812,1,1,9,0.9,0.9,name_postcode,2026-08-11,0
11828831,1,1,1,0.9,0.9,name_postcode,2026-08-11,0
11830768,1,1,1,0.9,0.9,name_postcode,2026-08-11,0
11832565,1,1,2,0.9,0.9,name_postcode,2026-08-11,0
11833152,1,1,1,0.9,0.9,name_postcode,2026-08-11,0
11834573,1,1,1,0.9,0.9,name_postcode,2026-08-11,0
11835509,1,1,1,0.9,0.9,name_postcode,2026-08-11,0
11836467,1,1,1,0.9,0.9,name_postcode,2026-08-11,0
11837448,1,1,1,0.9,0.9,name_postcode,2026-08-11,0
11837978,1,2,83,0.9,0.9,name_postcode,2026-08-11,0
11839568,1,1,1,0.9,0.9,name_postcode,2026-08-11,0
11843755,1,1,3,0.9,0.9,name_postcode,2026-08-11,0
11844476,1,2,7,0.9,0.9,name_postcode,2026-08-11,0
11847679,1,1,1,0.9,0.9,name_postcode,2026-08-11,0
11851270,1,1,1,0.9,0.9,name_postcode,2026-08-11,0
11851559,1,1,1,0.9,0.9,name_postcode,2026-08-11,0
11852002,1,1,1,0.9,0.9,name_postcode,2026-08-11,0
11852231,1,1,1,0.9,0.9,name_postcode,2026-08-11,0
11852490,1,1,1,0.9,0.9,name_postcode,2026-08-11,0
11854847,1,1,1,0.9,0.9,name_postcode,2026-08-11,0
11856099,1,1,1,0.9,0.9,name_postcode,2026-08-11,0
11858643,1,1,1,0.9,0.9,name_postcode,2026-08-11,0
11858804,1,1,2,0.9,0.9,name_postcode,2026-08-11,0
11859034,1,1,0,0.8,0.8,name_postcode_area,2026-08-11,0
11860697,1,1,3,0.9,0.9,name_postcode,2026-08-11,0
11863045,1,1,12,0.9,0.9,name_postcode,2026-08-11,0
11864850,1,1,1,0.9,0.9,name_postcode,2026-08-11,0
11866081,1,1,1,0.9,0.9,name_postcode,2026-08-11,0
11866693,1,1,1,0.9,0.9,name_postcode,2026-08-11,0
11867541,1,1,1,0.9,0.9,name_postcode,2026-08-11,0
11867774,1,1,2,0.9,0.9,name_postcode,2026-08-11,0
11869832,1,1,1,0.9,0.9,name_postcode,2026-08-11,0
11870377,1,1,1,0.9,0.9,name_postcode,2026-08-11,0
11870899,1,1,1,0.9,0.9,name_postcode,2026-08-11,0
11873281,1,1,5,0.9,0.9,name_postcode,2026-08-11,0
11875721,1,1,2,0.9,0.9,name_postcode,2026-08-11,0
11875814,1,1,1,0.9,0.9,name_postcode,2026-08-11,0
11876884,1,1,1,0.8,0.8,name_postcode_area,2026-08-11,0
11877372,1,1,1,0.9,0.9,name_postcode,2026-08-11,0
11877539,1,1,1,0.9,0.9,name_postcode,2026-08-11,0
11878239,1,1,1,0.9,0.9,name_postcode,2026-08-11,0
11880329,1,1,1,0.8,0.8,name_postcode_area,2026-08-11,0
11881973,1,1,1,0.8,0.8,name_postcode_area,2026-08-11,0
11882586,1,1,1,0.9,0.9,name_postcode,2026-08-11,0
11885876,1,1,2,0.9,0.9,name_postcode,2026-08-11,0
11886436,1,1,3,0.9,0.9,name_postcode,2026-08-11,0
11886947,1,1,4,0.9,0.9,name_postcode,2026-08-11,0
11888174,1,1,4,0.9,0.9,name_postcode,2026-08-11,0
11888520,1,1,17,0.9,0.9,name_postcode,2026-08-11,0
11891197,1,1,0,0.9,0.9,name_postcode,2026-08-11,0
11892096,1,1,3,0.9,0.9,name_postcode,2026-08-11,0
11894357,1,1,1,0.9,0.9,name_postcode,2026-08-11,0
11895864,1,1,1,0.9,0.9,name_postcode,2026-08-11,0
11896322,1,1,1,0.9,0.9,name_postcode,2026-08-11,0
11896523,1,1,1,0.9,0.9,name_postcode,2026-08-11,0
11896710,1,1,1,0.9,0.9,name_postcode,2026-08-11,0
11896722,1,1,1,0.9,0.9,name_postcode,2026-08-11,0
11897184,1,2,9,0.9,0.8,name_postcode|name_postcode_area,2026-08-11,0
11897883,1,1,1,0.9,0.9,name_postcode,2026-08-11,0
11899617,1,1,1,0.9,0.9,name_postcode,2026-08-11,0
11909104,1,1,1,0.9,0.9,name_postcode,2026-08-11,0
11909417,1,1,3,0.9,0.9,name_postcode,2026-08-11,0
11911171,1,2,3,0.9,0.9,name_postcode,2026-08-11,0
11911847,1,1,1,0.9,0.9,name_postcode,2026-08-11,0
11913053,1,1,1,0.9,0.9,name_postcode,2026-08-11,0
11913233,1,1,4,0.9,0.9,name_postcode,2026-08-11,0
11914402,1,1,1,0.9,0.9,name_postcode,2026-08-11,0
11915494,1,1,2,0.9,0.9,name_postcode,2026-08-11,0
11916549,1,1,1,0.9,0.9,name_postcode,2026-08-11,0
11918098,1,1,1,0.9,0.9,name_postcode,2026-08-11,0
11918794,1,2,2,0.9,0.9,name_postcode,2026-08-11,0
11919384,1,1,1,0.9,0.9,name_postcode,2026-08-11,0
11921268,1,1,1,0.9,0.9,name_postcode,2026-08-11,0
11921680,1,1,1,0.9,0.9,name_postcode,2026-08-11,0
11923412,1,1,1,0.9,0.9,name_postcode,2026-08-11,0
11924514,1,1,0,0.9,0.9,name_postcode,2026-08-11,0
11926357,1,1,4,0.9,0.9,name_postcode,2026-08-11,0
11926776,1,1,1,0.9,0.9,name_postcode,2026-08-11,0
11927176,1,1,1,0.9,0.9,name_postcode,2026-08-11,0
11927250,1,1,7,0.9,0.9,name_postcode,2026-08-11,0
11929532,1,1,1,0.9,0.9,name_postcode,2026-08-11,0
11930684,1,1,4,0.9,0.9,name_postcode,2026-08-11,0
11933341,1,2,3,0.9,0.8,name_postcode|name_postcode_area,2026-08-11,0
11935577,1,1,2,0.9,0.9,name_postcode,2026-08-11,0
11936881,1,1,2,0.9,0.9,name_postcode,2026-08-11,0
11937232,1,1,1,0.9,0.9,name_postcode,2026-08-11,0
11941759,1,1,1,0.9,0.9,name_postcode,2026-08-11,0
11942119,1,2,5,0.9,0.9,name_postcode,2026-08-11,0
11942988,1,1,1,0.9,0.9,name_postcode,2026-08-11,0
11946116,1,1,3,0.9,0.9,name_postcode,2026-08-11,0
11946389,1,1,2,0.9,0.9,name_postcode,2026-08-11,0
11947445,1,1,1,0.9,0.9,name_postcode,2026-08-11,0
11947806,1,1,4,0.9,0.9,name_postcode,2026-08-11,0
11950190,1,1,1,0.9,0.9,name_postcode,2026-08-11,0
11951258,1,1,1,0.9,0.9,name_postcode,2026-08-11,0
11951375,1,1,1,0.9,0.9,name_postcode,2026-08-11,0
11953581,1,1,0,0.9,0.9,name_postcode,2026-08-11,0
11953953,1,1,4,0.8,0.8,name_postcode_area,2026-08-11,0
11954619,1,1,1,0.9,0.9,name_postcode,2026-08-11,0
11955142,1,1,1,0.9,0.9,name_postcode,2026-08-11,0
11957725,1,1,10,0.9,0.9,name_postcode,2026-08-11,0
11958674,1,1,1,0.9,0.9,name_postcode,2026-08-11,0
11965044,1,1,1,0.9,0.9,name_postcode,2026-08-11,0
11969443,1,1,1,0.9,0.9,name_postcode,2026-08-11,0
11970278,1,1,1,0.9,0.9,name_postcode,2026-08-11,0
11970625,1,1,10,0.9,0.9,name_postcode,2026-08-11,0
11972162,1,1,1,0.9,0.9,name_postcode,2026-08-11,0
11972860,1,1,1,0.9,0.9,name_postcode,2026-08-11,0
11973031,1,1,1,0.9,0.9,name_postcode,2026-08-11,0
11973991,1,1,1,0.9,0.9,name_postcode,2026-08-11,0
11976048,1,1,1,0.9,0.9,name_postcode,2026-08-11,0
11978056,1,1,1,0.8,0.8,name_postcode_area,2026-08-11,0
11978407,1,1,13,0.9,0.9,name_postcode,2026-08-11,0
11980135,1,1,6,0.9,0.9,name_postcode,2026-08-11,0
11981346,1,1,1,0.8,0.8,name_postcode_area,2026-08-11,0
11982658,1,1,2,0.9,0.9,name_postcode,2026-08-11,0
11987887,1,1,1,0.9,0.9,name_postcode,2026-08-11,0
11988556,1,1,2,0.9,0.9,name_postcode,2026-08-11,0
11988707,1,1,0,0.8,0.8,name_postcode_area,2026-08-11,0
11989732,1,1,2,0.9,0.9,name_postcode,2026-08-11,0
11989961,1,1,4,0.8,0.8,name_postcode_area,2026-08-11,0
11989962,1,1,0,0.9,0.9,name_postcode,2026-08-11,0
11990257,1,1,2,0.8,0.8,name_postcode_area,2026-08-11,0
11990653,1,1,1,0.9,0.9,name_postcode,2026-08-11,0
11993548,1,1,1,0.9,0.9,name_postcode,2026-08-11,0
11996847,1,1,1,0.9,0.9,name_postcode,2026-08-11,0
11997339,1,1,3,0.9,0.9,name_postcode,2026-08-11,0
11998059,1,1,3,0.9,0.9,name_postcode,2026-08-11,0
11998344,1,1,3,0.9,0.9,name_postcode,2026-08-11,0
11998625,1,1,1,0.9,0.9,name_postcode,2026-08-11,0
11999422,1,1,1,0.9,0.9,name_postcode,2026-08-11,0
12000248,1,1,1,0.9,0.9,name_postcode,2026-08-11,0
12000641,1,1,1,0.9,0.9,name_postcode,2026-08-11,0
12003235,1,1,3,0.9,0.9,name_postcode,2026-08-11,0
12004082,1,1,2,0.9,0.9,name_postcode,2026-08-11,0
12005391,1,1,1,0.9,0.9,name_postcode,2026-08-11,0
12012036,1,1,1,0.9,0.9,name_postcode,2026-08-11,0
12013279,1,1,1,0.9,0.9,name_postcode,2026-08-11,0
12013747,1,1,2,0.9,0.9,name_postcode,2026-08-11,0
12014798,1,1,1,0.9,0.9,name_postcode,2026-08-11,0
12016904,1,1,2,0.9,0.9,name_postcode,2026-08-11,0
12018215,1,1,1,0.9,0.9,name_postcode,2026-08-11,0
12018439,1,2,13,0.9,0.9,name_postcode,2026-08-11,0
12020774,1,1,1,0.9,0.9,name_postcode,2026-08-11,0
12021732,1,1,1,0.9,0.9,name_postcode,2026-08-11,0
12024304,1,2,6,0.9,0.9,name_postcode,2026-08-11,0
12025642,1,1,1,0.9,0.9,name_postcode,2026-08-11,0
12026868,1,1,2,0.9,0.9,name_postcode,2026-08-11,0
12027814,1,1,2,0.9,0.9,name_postcode,2026-08-11,0
12028019,1,1,2,0.9,0.9,name_postcode,2026-08-11,0
12028340,1,1,1,0.9,0.9,name_postcode,2026-08-11,0
12028617,1,1,1,0.9,0.9,name_postcode,2026-08-11,0
12028829,1,1,1,0.9,0.9,name_postcode,2026-08-11,0
12029204,1,1,1,0.8,0.8,name_postcode_area,2026-08-11,0
12033049,1,1,1,0.9,0.9,name_postcode,2026-08-11,0
12035444,1,1,3,0.9,0.9,name_postcode,2026-08-11,0
12037384,1,1,3,0.9,0.9,name_postcode,2026-08-11,0
12037632,1,1,1,0.9,0.9,name_postcode,2026-08-11,0
12039440,1,1,1,0.9,0.9,name_postcode,2026-08-11,0
12042507,1,1,1,0.9,0.9,name_postcode,2026-08-11,0
12043055,1,1,2,0.9,0.9,name_postcode,2026-08-11,0
12044127,1,1,3,0.9,0.9,name_postcode,2026-08-11,0
12044517,1,1,2,0.9,0.9,name_postcode,2026-08-11,0
12044770,1,1,0,0.9,0.9,name_postcode,2026-08-11,0
12046009,1,1,1,0.9,0.9,name_postcode,2026-08-11,0
12050791,1,1,3,0.9,0.9,name_postcode,2026-08-11,0
12051645,1,1,0,0.9,0.9,name_postcode,2026-08-11,0
12054461,1,1,5,0.9,0.9,name_postcode,2026-08-11,0
12055239,1,1,2,0.9,0.9,name_postcode,2026-08-11,0
12055549,1,1,1,0.8,0.8,name_postcode_area,2026-08-11,0
12055807,1,1,4,0.9,0.9,name_postcode,2026-08-11,0
12059686,1,1,1,0.9,0.9,name_postcode,2026-08-11,0
12059880,1,1,1,0.9,0.9,name_postcode,2026-08-11,0
12061303,1,1,1,0.9,0.9,name_postcode,2026-08-11,0
12062296,1,1,1,0.9,0.9,name_postcode,2026-08-11,0
12063780,1,1,4,0.9,0.9,name_postcode,2026-08-11,0
12066560,1,1,1,0.9,0.9,name_postcode,2026-08-11,0
12066785,1,1,1,0.9,0.9,name_postcode,2026-08-11,0
12067505,1,1,1,0.9,0.9,name_postcode,2026-08-11,0
12069348,1,1,0,0.9,0.9,name_postcode,2026-08-11,0
12069955,1,1,0,0.9,0.9,name_postcode,2026-08-11,0
12071225,1,1,1,0.9,0.9,name_postcode,2026-08-11,0
12072977,1,1,1,0.9,0.9,name_postcode,2026-08-11,0
12073913,1,1,2,0.9,0.9,name_postcode,2026-08-11,0
12074044,1,2,1,0.9,0.9,name_postcode,2026-08-11,0
12074975,1,1,3,0.9,0.9,name_postcode,2026-08-11,0
12076622,1,1,12,0.9,0.9,name_postcode,2026-08-11,0
12077779,1,1,1,0.9,0.9,name_postcode,2026-08-11,0
12078482,1,1,7,0.9,0.9,name_postcode,2026-08-11,0
12078497,1,1,1,0.9,0.9,name_postcode,2026-08-11,0
12079649,1,1,4,0.9,0.9,name_postcode,2026-08-11,0
12080654,1,1,3,0.8,0.8,name_postcode_area,2026-08-11,0
12083285,1,2,18,0.9,0.9,name_postcode,2026-08-11,0
12083960,1,1,0,0.9,0.9,name_postcode,2026-08-11,0
12085021,1,1,2,0.9,0.9,name_postcode,2026-08-11,0
12085226,1,2,4,0.9,0.9,name_postcode,2026-08-11,0
12087454,1,1,1,0.9,0.9,name_postcode,2026-08-11,0
12088232,1,1,2,0.9,0.9,name_postcode,2026-08-11,0
12088939,1,1,3,0.9,0.9,name_postcode,2026-08-11,0
12089180,1,1,1,0.9,0.9,name_postcode,2026-08-11,0
12089475,1,1,3,0.9,0.9,name_postcode,2026-08-11,0
12090026,1,1,1,0.9,0.9,name_postcode,2026-08-11,0
12090732,1,1,0,0.9,0.9,name_postcode,2026-08-11,0
12093313,1,1,2,0.9,0.9,name_postcode,2026-08-11,0
12094202,1,1,5,0.9,0.9,name_postcode,2026-08-11,0
12095592,1,1,1,0.9,0.9,name_postcode,2026-08-11,0
12100989,1,1,1,0.9,0.9,name_postcode,2026-08-11,0
12102414,1,1,2,0.9,0.9,name_postcode,2026-08-11,0
12102762,1,1,0,0.9,0.9,name_postcode,2026-08-11,0
12103189,1,1,2,0.9,0.9,name_postcode,2026-08-11,0
12104162,1,1,0,0.9,0.9,name_postcode,2026-08-11,0
12104800,1,1,3,0.9,0.9,name_postcode,2026-08-11,0
12105886,1,1,3,0.9,0.9,name_postcode,2026-08-11,0
12107610,1,1,4,0.9,0.9,name_postcode,2026-08-11,0
12108076,1,1,2,0.9,0.9,name_postcode,2026-08-11,0
12108768,1,1,1,0.9,0.9,name_postcode,2026-08-11,0
12110162,1,1,1,0.9,0.9,name_postcode,2026-08-11,0
12110979,1,1,1,0.9,0.9,name_postcode,2026-08-11,0
12111882,1,1,1,0.9,0.9,name_postcode,2026-08-11,0
12112046,1,1,1,0.9,0.9,name_postcode,2026-08-11,0
12112266,1,1,1,0.9,0.9,name_postcode,2026-08-11,0
12113210,1,1,0,0.9,0.9,name_postcode,2026-08-11,0
12113309,1,1,0,0.9,0.9,name_postcode,2026-08-11,0
12115143,1,1,2,0.9,0.9,name_postcode,2026-08-11,0
12115543,1,1,0,0.9,0.9,name_postcode,2026-08-11,0
12115843,1,1,1,0.9,0.9,name_postcode,2026-08-11,0
12116417,1,1,0,0.8,0.8,name_postcode_area,2026-08-11,0
12117711,1,1,1,0.9,0.9,name_postcode,2026-08-11,0
12117945,1,1,1,0.9,0.9,name_postcode,2026-08-11,0
12119015,1,1,0,0.9,0.9,name_postcode,2026-08-11,0
12120958,1,1,0,0.9,0.9,name_postcode,2026-08-11,0
12122407,1,1,1,0.9,0.9,name_postcode,2026-08-11,0
12122771,1,1,5,0.9,0.9,name_postcode,2026-08-11,0
12123506,1,1,2,0.9,0.9,name_postcode,2026-08-11,0
12123937,1,1,1,0.9,0.9,name_postcode,2026-08-11,0
12124803,1,1,1,0.9,0.9,name_postcode,2026-08-11,0
12125173,1,1,2,0.9,0.9,name_postcode,2026-08-11,0
12125539,1,1,1,0.9,0.9,name_postcode,2026-08-11,0
12131588,1,1,5,0.9,0.9,name_postcode,2026-08-11,0
12138335,1,1,2,0.9,0.9,name_postcode,2026-08-11,0
12138353,1,1,2,0.9,0.9,name_postcode,2026-08-11,0
12139464,1,1,1,0.9,0.9,name_postcode,2026-08-11,0
12139797,1,1,1,0.9,0.9,name_postcode,2026-08-11,0
12140706,1,1,2,0.9,0.9,name_postcode,2026-08-11,0
12141000,1,1,1,0.9,0.9,name_postcode,2026-08-11,0
12142513,1,1,1,0.9,0.9,name_postcode,2026-08-11,0
12143343,1,1,1,0.9,0.9,name_postcode,2026-08-11,0
12143823,1,1,1,0.9,0.9,name_postcode,2026-08-11,0
12145179,1,1,1,0.9,0.9,name_postcode,2026-08-11,0
12145853,1,1,4,0.9,0.9,name_postcode,2026-08-11,0
12146186,1,1,1,0.9,0.9,name_postcode,2026-08-11,0
12146414,1,1,5,0.9,0.9,name_postcode,2026-08-11,0
12147588,1,1,1,0.9,0.9,name_postcode,2026-08-11,0
12148578,1,1,4,0.9,0.9,name_postcode,2026-08-11,0
12148805,1,1,1,0.9,0.9,name_postcode,2026-08-11,0
12149068,1,1,2,0.9,0.9,name_postcode,2026-08-11,0
12150571,1,1,0,0.9,0.9,name_postcode,2026-08-11,0
12151270,1,1,4,0.9,0.9,name_postcode,2026-08-11,0
12153712,1,1,1,0.9,0.9,name_postcode,2026-08-11,0
12156788,1,1,7,0.9,0.9,name_postcode,2026-08-11,0
12156842,1,1,1,0.9,0.9,name_postcode,2026-08-11,0
12156844,1,1,2,0.9,0.9,name_postcode,2026-08-11,0
12159642,1,1,1,0.9,0.9,name_postcode,2026-08-11,0
12160774,1,1,1,0.9,0.9,name_postcode,2026-08-11,0
12161294,1,1,1,0.9,0.9,name_postcode,2026-08-11,0
12161692,1,1,1,0.9,0.9,name_postcode,2026-08-11,0
12162048,1,1,3,0.9,0.9,name_postcode,2026-08-11,0
12163029,1,1,0,0.9,0.9,name_postcode,2026-08-11,0
12163852,1,1,1,0.9,0.9,name_postcode,2026-08-11,0
12163912,1,1,4,0.9,0.9,name_postcode,2026-08-11,0
12164488,1,2,3,0.9,0.9,name_postcode,2026-08-11,0
12166239,1,2,9,0.9,0.8,name_postcode|name_postcode_area,2026-08-11,0
12167453,1,1,1,0.9,0.9,name_postcode,2026-08-11,0
12167825,1,1,1,0.9,0.9,name_postcode,2026-08-11,0
12168015,1,2,3,0.9,0.9,name_postcode,2026-08-11,0
12169122,1,1,5,0.9,0.9,name_postcode,2026-08-11,0
12171849,1,1,3,0.9,0.9,name_postcode,2026-08-11,0
12172720,1,1,1,0.9,0.9,name_postcode,2026-08-11,0
12179870,1,1,9,0.9,0.9,name_postcode,2026-08-11,0
12181230,1,1,1,0.9,0.9,name_postcode,2026-08-11,0
12181792,1,1,5,0.9,0.9,name_postcode,2026-08-11,0
12184429,1,1,1,0.9,0.9,name_postcode,2026-08-11,0
12185017,1,1,2,0.9,0.9,name_postcode,2026-08-11,0
12186871,1,1,1,0.9,0.9,name_postcode,2026-08-11,0
12187491,1,1,1,0.9,0.9,name_postcode,2026-08-11,0
12188499,1,1,1,0.9,0.9,name_postcode,2026-08-11,0
12189365,1,1,3,0.9,0.9,name_postcode,2026-08-11,0
12192577,1,1,1,0.9,0.9,name_postcode,2026-08-11,0
12192959,1,1,5,0.9,0.9,name_postcode,2026-08-11,0
12193272,1,1,1,0.9,0.9,name_postcode,2026-08-11,0
12193693,1,1,2,0.9,0.9,name_postcode,2026-08-11,0
12194411,1,1,1,0.9,0.9,name_postcode,2026-08-11,0
12194514,1,1,1,0.8,0.8,name_postcode_area,2026-08-11,0
12194715,1,1,4,0.9,0.9,name_postcode,2026-08-11,0
12195619,1,1,1,0.9,0.9,name_postcode,2026-08-11,0
12196401,1,1,2,0.9,0.9,name_postcode,2026-08-11,0
12197956,1,1,2,0.9,0.9,name_postcode,2026-08-11,0
12200775,1,1,1,0.9,0.9,name_postcode,2026-08-11,0
12200787,1,1,4,0.9,0.9,name_postcode,2026-08-11,0
12203919,1,1,1,0.9,0.9,name_postcode,2026-08-11,0
12203966,1,1,5,0.9,0.9,name_postcode,2026-08-11,0
12206242,1,1,1,0.9,0.9,name_postcode,2026-08-11,0
12207315,1,1,1,0.9,0.9,name_postcode,2026-08-11,0
12209025,1,1,1,0.9,0.9,name_postcode,2026-08-11,0
12211765,1,1,1,0.9,0.9,name_postcode,2026-08-11,0
12211788,1,1,1,0.9,0.9,name_postcode,2026-08-11,0
12212171,1,1,1,0.9,0.9,name_postcode,2026-08-11,0
12212664,1,1,2,0.9,0.9,name_postcode,2026-08-11,0
12212978,1,1,1,0.9,0.9,name_postcode,2026-08-11,0
12213210,1,1,1,0.9,0.9,name_postcode,2026-08-11,0
12213233,1,1,1,0.9,0.9,name_postcode,2026-08-11,0
12213319,1,2,5,0.9,0.9,name_postcode,2026-08-11,0
12214576,1,1,7,0.9,0.9,name_postcode,2026-08-11,0
12216429,1,1,1,0.9,0.9,name_postcode,2026-08-11,0
12217886,1,1,1,0.9,0.9,name_postcode,2026-08-11,0
12218299,1,1,1,0.9,0.9,name_postcode,2026-08-11,0
12219550,1,1,1,0.9,0.9,name_postcode,2026-08-11,0
12220468,1,1,1,0.9,0.9,name_postcode,2026-08-11,0
12227268,1,1,6,0.9,0.9,name_postcode,2026-08-11,0
12227915,1,2,4,0.9,0.9,name_postcode,2026-08-11,0
12228161,1,1,1,0.9,0.9,name_postcode,2026-08-11,0
12229006,1,1,2,0.9,0.9,name_postcode,2026-08-11,0
12230531,1,1,1,0.9,0.9,name_postcode,2026-08-11,0
12232813,1,1,1,0.9,0.9,name_postcode,2026-08-11,0
12234750,1,1,1,0.8,0.8,name_postcode_area,2026-08-11,0
12236613,1,1,1,0.9,0.9,name_postcode,2026-08-11,0
12236733,1,1,2,0.9,0.9,name_postcode,2026-08-11,0
12236772,1,1,3,0.9,0.9,name_postcode,2026-08-11,0
12241294,1,1,1,0.9,0.9,name_postcode,2026-08-11,0
12242163,1,1,5,0.9,0.9,name_postcode,2026-08-11,0
12242746,1,1,1,0.9,0.9,name_postcode,2026-08-11,0
12244473,1,1,1,0.9,0.9,name_postcode,2026-08-11,0
12244619,1,1,2,0.9,0.9,name_postcode,2026-08-11,0
12245258,1,1,1,0.9,0.9,name_postcode,2026-08-11,0
12247752,1,1,1,0.9,0.9,name_postcode,2026-08-11,0
12249105,1,1,2,0.9,0.9,name_postcode,2026-08-11,0
12249994,1,1,1,0.9,0.9,name_postcode,2026-08-11,0
12250251,1,1,1,0.9,0.9,name_postcode,2026-08-11,0
12250523,1,1,0,0.9,0.9,name_postcode,2026-08-11,0
12251415,1,1,5,0.9,0.9,name_postcode,2026-08-11,0
12251546,1,1,2,0.9,0.9,name_postcode,2026-08-11,0
12252546,1,1,0,0.9,0.9,name_postcode,2026-08-11,0
12254060,1,1,1,0.9,0.9,name_postcode,2026-08-11,0
12254829,1,1,0,0.9,0.9,name_postcode,2026-08-11,0
12255525,1,1,6,0.9,0.9,name_postcode,2026-08-11,0
12259467,1,1,1,0.9,0.9,name_postcode,2026-08-11,0
12260902,1,1,10,0.9,0.9,name_postcode,2026-08-11,0
12261816,1,1,0,0.9,0.9,name_postcode,2026-08-11,0
12262283,1,1,1,0.9,0.9,name_postcode,2026-08-11,0
12262606,1,1,0,0.9,0.9,name_postcode,2026-08-11,0
12268777,1,1,1,0.9,0.9,name_postcode,2026-08-11,0
12273695,1,1,3,0.9,0.9,name_postcode,2026-08-11,0
12274185,1,1,3,0.9,0.9,name_postcode,2026-08-11,0
12274348,1,1,1,0.9,0.9,name_postcode,2026-08-11,0
12277233,1,2,2,0.9,0.9,name_postcode,2026-08-11,0
12281171,1,1,1,0.9,0.9,name_postcode,2026-08-11,0
12281543,1,1,7,0.9,0.9,name_postcode,2026-08-11,0
12282680,1,1,1,0.9,0.9,name_postcode,2026-08-11,0
12284260,1,1,1,0.9,0.9,name_postcode,2026-08-11,0
12284325,1,1,4,0.9,0.9,name_postcode,2026-08-11,0
12284926,1,1,0,0.9,0.9,name_postcode,2026-08-11,0
12285629,1,1,19,0.9,0.9,name_postcode,2026-08-11,0
12285965,1,1,0,0.9,0.9,name_postcode,2026-08-11,0
12286842,1,1,1,0.9,0.9,name_postcode,2026-08-11,0
12289125,1,2,2,0.9,0.9,name_postcode,2026-08-11,0
12292232,1,1,1,0.9,0.9,name_postcode,2026-08-11,0
12293407,1,1,6,0.9,0.9,name_postcode,2026-08-11,0
12293576,1,1,1,0.9,0.9,name_postcode,2026-08-11,0
12293691,1,1,1,0.9,0.9,name_postcode,2026-08-11,0
12294533,1,1,2,0.9,0.9,name_postcode,2026-08-11,0
12294861,1,1,1,0.9,0.9,name_postcode,2026-08-11,0
12296980,1,2,5,0.9,0.9,name_postcode,2026-08-11,0
12298681,1,2,4,0.9,0.9,name_postcode,2026-08-11,0
12300870,1,1,7,0.9,0.9,name_postcode,2026-08-11,0
12301024,1,1,1,0.9,0.9,name_postcode,2026-08-11,0
12301340,1,1,3,0.9,0.9,name_postcode,2026-08-11,0
12303256,1,1,4,0.9,0.9,name_postcode,2026-08-11,0
12303903,1,1,1,0.9,0.9,name_postcode,2026-08-11,0
12303983,1,1,1,0.9,0.9,name_postcode,2026-08-11,0
12305186,1,1,1,0.9,0.9,name_postcode,2026-08-11,0
12309396,1,1,1,0.9,0.9,name_postcode,2026-08-11,0
12309409,1,1,11,0.9,0.9,name_postcode,2026-08-11,0
12310002,1,1,0,0.9,0.9,name_postcode,2026-08-11,0
12312326,1,1,1,0.9,0.9,name_postcode,2026-08-11,0
12312629,1,1,1,0.9,0.9,name_postcode,2026-08-11,0
12312844,1,1,0,0.9,0.9,name_postcode,2026-08-11,0
12313985,1,1,5,0.8,0.8,name_postcode_area,2026-08-11,0
12316174,1,1,0,0.9,0.9,name_postcode,2026-08-11,0
12317775,1,2,2,0.8,0.8,name_postcode_area,2026-08-11,0
12320674,1,1,7,0.9,0.9,name_postcode,2026-08-11,0
12320979,1,1,1,0.9,0.9,name_postcode,2026-08-11,0
12322471,1,1,0,0.8,0.8,name_postcode_area,2026-08-11,0
12323162,1,1,3,0.9,0.9,name_postcode,2026-08-11,0
12323687,1,1,4,0.9,0.9,name_postcode,2026-08-11,0
12324549,1,1,1,0.9,0.9,name_postcode,2026-08-11,0
12326288,1,1,1,0.9,0.9,name_postcode,2026-08-11,0
12327786,1,1,1,0.9,0.9,name_postcode,2026-08-11,0
12329264,1,2,3,0.9,0.9,name_postcode,2026-08-11,0
12329995,1,1,3,0.9,0.9,name_postcode,2026-08-11,0
12330377,1,1,1,0.9,0.9,name_postcode,2026-08-11,0
12330388,1,1,0,0.8,0.8,name_postcode_area,2026-08-11,0
12331128,1,1,1,0.9,0.9,name_postcode,2026-08-11,0
12331689,1,1,5,0.9,0.9,name_postcode,2026-08-11,0
12334155,1,1,5,0.9,0.9,name_postcode,2026-08-11,0
12335214,1,1,1,0.9,0.9,name_postcode,2026-08-11,0
12335303,1,1,1,0.9,0.9,name_postcode,2026-08-11,0
12337390,1,1,3,0.9,0.9,name_postcode,2026-08-11,0
12340976,1,1,1,0.9,0.9,name_postcode,2026-08-11,0
12341017,1,1,1,0.9,0.9,name_postcode,2026-08-11,0
12341150,1,1,1,0.9,0.9,name_postcode,2026-08-11,0
12341882,1,1,1,0.9,0.9,name_postcode,2026-08-11,0
12343939,1,1,1,0.9,0.9,name_postcode,2026-08-11,0
12344956,1,1,0,0.9,0.9,name_postcode,2026-08-11,0
12344958,1,1,1,0.9,0.9,name_postcode,2026-08-11,0
12349221,1,1,1,0.9,0.9,name_postcode,2026-08-11,0
12351326,1,2,1,0.9,0.9,name_postcode,2026-08-11,0
12352025,1,2,1,0.8,0.8,name_postcode_area,2026-08-11,0
12353488,1,1,1,0.9,0.9,name_postcode,2026-08-11,0
12354133,1,1,1,0.9,0.9,name_postcode,2026-08-11,0
12354343,1,1,1,0.9,0.9,name_postcode,2026-08-11,0
12355349,1,1,1,0.9,0.9,name_postcode,2026-08-11,0
12355879,1,1,1,0.9,0.9,name_postcode,2026-08-11,0
12356054,1,1,1,0.9,0.9,name_postcode,2026-08-11,0
12357139,1,1,1,0.9,0.9,name_postcode,2026-08-11,0
12357364,1,1,1,0.9,0.9,name_postcode,2026-08-11,0
12358608,1,1,0,0.9,0.9,name_postcode,2026-08-11,0
12358776,1,1,4,0.9,0.9,name_postcode,2026-08-11,0
12359289,1,1,1,0.9,0.9,name_postcode,2026-08-11,0
12359793,1,1,2,0.9,0.9,name_postcode,2026-08-11,0
12359822,1,1,9,0.9,0.9,name_postcode,2026-08-11,0
12360732,1,1,0,0.9,0.9,name_postcode,2026-08-11,0
12360918,1,1,1,0.9,0.9,name_postcode,2026-08-11,0
12363661,1,1,1,0.9,0.9,name_postcode,2026-08-11,0
12364593,1,1,2,0.9,0.9,name_postcode,2026-08-11,0
12364754,1,1,1,0.9,0.9,name_postcode,2026-08-11,0
12365096,1,1,3,0.9,0.9,name_postcode,2026-08-11,0
12365322,1,1,1,0.9,0.9,name_postcode,2026-08-11,0
12365350,1,1,3,0.9,0.9,name_postcode,2026-08-11,0
12365658,1,1,1,0.9,0.9,name_postcode,2026-08-11,0
12366811,1,1,2,0.9,0.9,name_postcode,2026-08-11,0
12368798,1,1,1,0.9,0.9,name_postcode,2026-08-11,0
12369867,1,1,2,0.9,0.9,name_postcode,2026-08-11,0
12370902,1,1,2,0.9,0.9,name_postcode,2026-08-11,0
12370950,1,1,1,0.9,0.9,name_postcode,2026-08-11,0
12371825,1,1,1,0.9,0.9,name_postcode,2026-08-11,0
12373096,1,1,1,0.9,0.9,name_postcode,2026-08-11,0
12374431,1,1,1,0.9,0.9,name_postcode,2026-08-11,0
12374569,1,1,0,0.9,0.9,name_postcode,2026-08-11,0
12376411,1,1,4,0.9,0.9,name_postcode,2026-08-11,0
12377538,1,1,3,0.9,0.9,name_postcode,2026-08-11,0
12379592,1,1,1,0.9,0.9,name_postcode,2026-08-11,0
12380900,1,1,1,0.9,0.9,name_postcode,2026-08-11,0
12381349,1,1,1,0.9,0.9,name_postcode,2026-08-11,0
12382318,1,1,5,0.9,0.9,name_postcode,2026-08-11,0
12384414,1,2,1,0.9,0.9,name_postcode,2026-08-11,0
12384496,1,1,4,0.9,0.9,name_postcode,2026-08-11,0
12386212,1,1,2,0.9,0.9,name_postcode,2026-08-11,0
12387076,1,1,0,0.8,0.8,name_postcode_area,2026-08-11,0
12387473,1,1,1,0.9,0.9,name_postcode,2026-08-11,0
12387785,1,1,6,0.9,0.9,name_postcode,2026-08-11,0
12388072,1,1,1,0.9,0.9,name_postcode,2026-08-11,0
12388384,1,1,0,0.9,0.9,name_postcode,2026-08-11,0
12389859,1,1,7,0.9,0.9,name_postcode,2026-08-11,0
12390975,1,2,3,0.9,0.9,name_postcode,2026-08-11,0
12391792,1,1,4,0.9,0.9,name_postcode,2026-08-11,0
12393734,1,2,4,0.9,0.9,name_postcode,2026-08-11,0
12394277,1,1,1,0.9,0.9,name_postcode,2026-08-11,0
12394430,1,1,4,0.9,0.9,name_postcode,2026-08-11,0
12395762,1,1,1,0.9,0.9,name_postcode,2026-08-11,0
12398178,1,1,1,0.9,0.9,name_postcode,2026-08-11,0
12398275,1,1,1,0.9,0.9,name_postcode,2026-08-11,0
12398587,1,1,1,0.9,0.9,name_postcode,2026-08-11,0
12399848,1,1,1,0.9,0.9,name_postcode,2026-08-11,0
12400348,1,1,3,0.9,0.9,name_postcode,2026-08-11,0
12403454,1,1,1,0.9,0.9,name_postcode,2026-08-11,0
12405211,1,1,0,0.9,0.9,name_postcode,2026-08-11,0
12406518,1,1,1,0.9,0.9,name_postcode,2026-08-11,0
12407155,1,1,5,0.9,0.9,name_postcode,2026-08-11,0
12409221,1,1,2,0.9,0.9,name_postcode,2026-08-11,0
12411449,1,1,1,0.8,0.8,name_postcode_area,2026-08-11,0
12413481,1,1,1,0.9,0.9,name_postcode,2026-08-11,0
12415201,1,1,2,0.9,0.9,name_postcode,2026-08-11,0
12415491,1,1,2,0.9,0.9,name_postcode,2026-08-11,0
12415503,1,1,1,0.9,0.9,name_postcode,2026-08-11,0
12416667,1,1,1,0.9,0.9,name_postcode,2026-08-11,0
12416831,1,1,3,0.9,0.9,name_postcode,2026-08-11,0
12417699,1,2,2,0.9,0.9,name_postcode,2026-08-11,0
12418248,1,1,1,0.9,0.9,name_postcode,2026-08-11,0
12419218,1,1,1,0.9,0.9,name_postcode,2026-08-11,0
12420619,1,1,1,0.8,0.8,name_postcode_area,2026-08-11,0
12422016,1,3,1,0.9,0.9,name_postcode,2026-08-11,0
12422808,1,1,1,0.9,0.9,name_postcode,2026-08-11,0
12424239,1,1,1,0.9,0.9,name_postcode,2026-08-11,0
12424649,1,1,1,0.9,0.9,name_postcode,2026-08-11,0
12427215,1,1,14,0.9,0.9,name_postcode,2026-08-11,0
12428993,1,2,1,0.9,0.9,name_postcode,2026-08-11,0
12429774,1,1,1,0.9,0.9,name_postcode,2026-08-11,0
12430684,1,1,2,0.9,0.9,name_postcode,2026-08-11,0
12431004,1,1,3,0.9,0.9,name_postcode,2026-08-11,0
12431870,1,1,6,0.9,0.9,name_postcode,2026-08-11,0
12432636,1,1,1,0.9,0.9,name_postcode,2026-08-11,0
12433466,1,1,1,0.9,0.9,name_postcode,2026-08-11,0
12434594,1,1,6,0.9,0.9,name_postcode,2026-08-11,0
12434645,1,1,2,0.9,0.9,name_postcode,2026-08-11,0
12435566,1,1,1,0.9,0.9,name_postcode,2026-08-11,0
12435884,1,1,2,0.9,0.9,name_postcode,2026-08-11,0
12436511,1,1,1,0.9,0.9,name_postcode,2026-08-11,0
12438879,1,1,1,0.9,0.9,name_postcode,2026-08-11,0
12440514,1,1,1,0.9,0.9,name_postcode,2026-08-11,0
12445510,1,1,2,0.9,0.9,name_postcode,2026-08-11,0
12446757,1,1,1,0.8,0.8,name_postcode_area,2026-08-11,0
12447525,1,1,6,0.9,0.9,name_postcode,2026-08-11,0
12449466,1,1,1,0.9,0.9,name_postcode,2026-08-11,0
12450990,1,1,0,0.9,0.9,name_postcode,2026-08-11,0
12451841,1,1,1,0.9,0.9,name_postcode,2026-08-11,0
12452317,1,1,0,0.9,0.9,name_postcode,2026-08-11,0
12456499,1,1,1,0.9,0.9,name_postcode,2026-08-11,0
12456594,1,2,4,0.9,0.9,name_postcode,2026-08-11,0
12456980,1,1,2,0.9,0.9,name_postcode,2026-08-11,0
12457690,1,1,3,0.9,0.9,name_postcode,2026-08-11,0
12457899,1,1,4,0.9,0.9,name_postcode,2026-08-11,0
12461073,1,1,1,0.9,0.9,name_postcode,2026-08-11,0
12462008,1,1,1,0.9,0.9,name_postcode,2026-08-11,0
12462310,1,1,0,0.9,0.9,name_postcode,2026-08-11,0
12463458,1,2,2,0.9,0.9,name_postcode,2026-08-11,0
12465209,1,1,1,0.9,0.9,name_postcode,2026-08-11,0
12465653,1,1,1,0.8,0.8,name_postcode_area,2026-08-11,0
12466104,1,1,4,0.9,0.9,name_postcode,2026-08-11,0
12466144,1,1,1,0.9,0.9,name_postcode,2026-08-11,0
12466186,1,2,7,0.9,0.9,name_postcode,2026-08-11,0
12466328,1,1,1,0.9,0.9,name_postcode,2026-08-11,0
12467598,1,1,0,0.9,0.9,name_postcode,2026-08-11,0
12473467,1,1,2,0.9,0.9,name_postcode,2026-08-11,0
12475558,1,1,7,0.9,0.9,name_postcode,2026-08-11,0
12476332,1,1,1,0.9,0.9,name_postcode,2026-08-11,0
12477564,1,1,4,0.9,0.9,name_postcode,2026-08-11,0
12478203,1,1,1,0.8,0.8,name_postcode_area,2026-08-11,0
12479455,1,1,1,0.9,0.9,name_postcode,2026-08-11,0
12480178,1,2,4,0.9,0.9,name_postcode,2026-08-11,0
12481168,1,1,2,0.9,0.9,name_postcode,2026-08-11,0
12483231,1,1,6,0.9,0.9,name_postcode,2026-08-11,0
12483281,1,1,1,0.9,0.9,name_postcode,2026-08-11,0
12484970,1,1,4,0.9,0.9,name_postcode,2026-08-11,0
12485267,1,1,4,0.9,0.9,name_postcode,2026-08-11,0
12485452,1,1,1,0.9,0.9,name_postcode,2026-08-11,0
12485878,1,1,0,0.8,0.8,name_postcode_area,2026-08-11,0
12489549,1,1,1,0.9,0.9,name_postcode,2026-08-11,0
12494525,1,1,4,0.9,0.9,name_postcode,2026-08-11,0
12494709,1,2,1,0.9,0.9,name_postcode,2026-08-11,0
12497340,1,1,1,0.9,0.9,name_postcode,2026-08-11,0
12497549,1,1,0,0.9,0.9,name_postcode,2026-08-11,0
12502180,1,1,1,0.9,0.9,name_postcode,2026-08-11,0
12503025,1,1,2,0.9,0.9,name_postcode,2026-08-11,0
12503109,1,1,2,0.9,0.9,name_postcode,2026-08-11,0
12504298,1,1,1,0.9,0.9,name_postcode,2026-08-11,0
12504507,1,1,11,0.9,0.9,name_postcode,2026-08-11,0
12506454,1,1,4,0.9,0.9,name_postcode,2026-08-11,0
12507450,1,1,4,0.9,0.9,name_postcode,2026-08-11,0
12507713,1,1,0,0.9,0.9,name_postcode,2026-08-11,0
12508008,1,1,1,0.9,0.9,name_postcode,2026-08-11,0
12508625,1,1,3,0.9,0.9,name_postcode,2026-08-11,0
12510491,1,1,1,0.9,0.9,name_postcode,2026-08-11,0
12510853,1,1,3,0.9,0.9,name_postcode,2026-08-11,0
12513010,1,1,1,0.9,0.9,name_postcode,2026-08-11,0
12513017,1,1,2,0.9,0.9,name_postcode,2026-08-11,0
12514073,1,1,1,0.9,0.9,name_postcode,2026-08-11,0
12515463,1,1,2,0.9,0.9,name_postcode,2026-08-11,0
12515794,1,1,3,0.9,0.9,name_postcode,2026-08-11,0
12515998,1,1,3,0.9,0.9,name_postcode,2026-08-11,0
12516316,1,1,3,0.9,0.9,name_postcode,2026-08-11,0
12516906,1,1,4,0.9,0.9,name_postcode,2026-08-11,0
12518465,1,1,1,0.9,0.9,name_postcode,2026-08-11,0
12518684,1,1,4,0.9,0.9,name_postcode,2026-08-11,0
12518916,1,1,1,0.9,0.9,name_postcode,2026-08-11,0
12521929,1,1,1,0.9,0.9,name_postcode,2026-08-11,0
12522090,1,1,1,0.9,0.9,name_postcode,2026-08-11,0
12522851,1,1,1,0.9,0.9,name_postcode,2026-08-11,0
12522978,1,2,3,0.9,0.9,name_postcode,2026-08-11,0
12524032,1,1,3,0.9,0.9,name_postcode,2026-08-11,0
12524204,1,1,1,0.9,0.9,name_postcode,2026-08-11,0
12524476,1,1,2,0.9,0.9,name_postcode,2026-08-11,0
12524885,1,2,12,0.9,0.9,name_postcode,2026-08-11,0
12525628,1,1,4,0.9,0.9,name_postcode,2026-08-11,0
12527555,1,1,1,0.9,0.9,name_postcode,2026-08-11,0
12528015,1,1,3,0.9,0.9,name_postcode,2026-08-11,0
12528331,1,1,0,0.9,0.9,name_postcode,2026-08-11,0
12529369,1,1,2,0.9,0.9,name_postcode,2026-08-11,0
12530581,1,1,2,0.9,0.9,name_postcode,2026-08-11,0
12531717,1,1,1,0.9,0.9,name_postcode,2026-08-11,0
12533472,1,1,2,0.9,0.9,name_postcode,2026-08-11,0
12534364,1,1,2,0.9,0.9,name_postcode,2026-08-11,0
12535062,1,1,1,0.9,0.9,name_postcode,2026-08-11,0
12535319,1,1,1,0.9,0.9,name_postcode,2026-08-11,0
12535970,1,1,1,0.9,0.9,name_postcode,2026-08-11,0
12536048,1,1,2,0.9,0.9,name_postcode,2026-08-11,0
12537172,1,1,6,0.9,0.9,name_postcode,2026-08-11,0
12537588,1,1,3,0.9,0.9,name_postcode,2026-08-11,0
12538773,1,1,1,0.9,0.9,name_postcode,2026-08-11,0
12538870,1,1,3,0.9,0.9,name_postcode,2026-08-11,0
12539163,1,1,1,0.9,0.9,name_postcode,2026-08-11,0
12539481,1,1,2,0.9,0.9,name_postcode,2026-08-11,0
12540025,1,1,1,0.9,0.9,name_postcode,2026-08-11,0
12540088,1,1,1,0.9,0.9,name_postcode,2026-08-11,0
12540124,1,2,1,0.9,0.9,name_postcode,2026-08-11,0
12540650,1,1,1,0.9,0.9,name_postcode,2026-08-11,0
12540964,1,1,1,0.9,0.9,name_postcode,2026-08-11,0
12541824,1,1,2,0.9,0.9,name_postcode,2026-08-11,0
12542209,1,1,3,0.9,0.9,name_postcode,2026-08-11,0
12542435,1,1,1,0.9,0.9,name_postcode,2026-08-11,0
12542558,1,1,2,0.9,0.9,name_postcode,2026-08-11,0
12542632,1,1,1,0.9,0.9,name_postcode,2026-08-11,0
12543799,1,1,1,0.9,0.9,name_postcode,2026-08-11,0
12544617,1,1,2,0.9,0.9,name_postcode,2026-08-11,0
12545380,1,1,1,0.9,0.9,name_postcode,2026-08-11,0
12546067,1,1,1,0.9,0.9,name_postcode,2026-08-11,0
12546136,1,1,2,0.9,0.9,name_postcode,2026-08-11,0
12547483,1,1,2,0.9,0.9,name_postcode,2026-08-11,0
12548140,1,1,1,0.9,0.9,name_postcode,2026-08-11,0
12548462,1,1,7,0.9,0.9,name_postcode,2026-08-11,0
12549345,1,1,5,0.9,0.9,name_postcode,2026-08-11,0
12549427,1,1,1,0.9,0.9,name_postcode,2026-08-11,0
12549512,1,2,1,0.9,0.9,name_postcode,2026-08-11,0
12549777,1,1,1,0.8,0.8,name_postcode_area,2026-08-11,0
12549905,1,1,1,0.9,0.9,name_postcode,2026-08-11,0
12550869,1,1,3,0.9,0.9,name_postcode,2026-08-11,0
12551349,1,1,1,0.9,0.9,name_postcode,2026-08-11,0
12551709,1,1,10,0.9,0.9,name_postcode,2026-08-11,0
12551800,1,1,4,0.9,0.9,name_postcode,2026-08-11,0
12552695,1,1,16,0.9,0.9,name_postcode,2026-08-11,0
12552857,1,1,2,0.9,0.9,name_postcode,2026-08-11,0
12553321,1,1,1,0.9,0.9,name_postcode,2026-08-11,0
12554909,1,1,1,0.9,0.9,name_postcode,2026-08-11,0
12555427,1,1,0,0.9,0.9,name_postcode,2026-08-11,0
12557059,1,1,16,0.9,0.9,name_postcode,2026-08-11,0
12557180,1,1,2,0.9,0.9,name_postcode,2026-08-11,0
12557903,1,1,5,0.9,0.9,name_postcode,2026-08-11,0
12558203,1,1,1,0.9,0.9,name_postcode,2026-08-11,0
12558267,1,1,2,0.8,0.8,name_postcode_area,2026-08-11,0
12558619,1,1,1,0.9,0.9,name_postcode,2026-08-11,0
12558660,1,3,5,0.9,0.9,name_postcode,2026-08-11,0
12559260,1,1,1,0.9,0.9,name_postcode,2026-08-11,0
12559406,1,1,1,0.9,0.9,name_postcode,2026-08-11,0
12559613,1,1,2,0.9,0.9,name_postcode,2026-08-11,0
12560737,1,1,4,0.9,0.9,name_postcode,2026-08-11,0
12561123,1,1,1,0.9,0.9,name_postcode,2026-08-11,0
12562595,1,1,1,0.8,0.8,name_postcode_area,2026-08-11,0
12563355,1,1,4,0.9,0.9,name_postcode,2026-08-11,0
12564838,1,1,2,0.9,0.9,name_postcode,2026-08-11,0
12566247,1,1,1,0.9,0.9,name_postcode,2026-08-11,0
12567214,1,1,0,0.9,0.9,name_postcode,2026-08-11,0
12571155,1,1,2,0.9,0.9,name_postcode,2026-08-11,0
12572147,1,1,4,0.9,0.9,name_postcode,2026-08-11,0
12572532,1,1,0,0.9,0.9,name_postcode,2026-08-11,0
12572860,1,1,3,0.9,0.9,name_postcode,2026-08-11,0
12573130,1,1,1,0.9,0.9,name_postcode,2026-08-11,0
12574095,1,1,1,0.8,0.8,name_postcode_area,2026-08-11,0
12576438,1,1,1,0.9,0.9,name_postcode,2026-08-11,0
12576682,1,1,2,0.9,0.9,name_postcode,2026-08-11,0
12577007,1,1,1,0.9,0.9,name_postcode,2026-08-11,0
12577064,1,1,1,0.9,0.9,name_postcode,2026-08-11,0
12577574,1,1,1,0.9,0.9,name_postcode,2026-08-11,0
12578120,1,1,1,0.9,0.9,name_postcode,2026-08-11,0
12578376,1,1,2,0.9,0.9,name_postcode,2026-08-11,0
12579108,1,1,1,0.9,0.9,name_postcode,2026-08-11,0
12579596,1,1,7,0.9,0.9,name_postcode,2026-08-11,0
12586186,1,1,8,0.9,0.9,name_postcode,2026-08-11,0
12587645,1,1,1,0.9,0.9,name_postcode,2026-08-11,0
12589955,1,1,1,0.9,0.9,name_postcode,2026-08-11,0
12590933,1,1,1,0.9,0.9,name_postcode,2026-08-11,0
12590994,1,1,9,0.9,0.9,name_postcode,2026-08-11,0
12591655,1,1,0,0.8,0.8,name_postcode_area,2026-08-11,0
12593575,1,1,2,0.9,0.9,name_postcode,2026-08-11,0
12593624,1,1,1,0.9,0.9,name_postcode,2026-08-11,0
12594429,1,1,1,0.9,0.9,name_postcode,2026-08-11,0
12594499,1,1,3,0.9,0.9,name_postcode,2026-08-11,0
12594727,1,1,1,0.9,0.9,name_postcode,2026-08-11,0
12598032,1,1,0,0.9,0.9,name_postcode,2026-08-11,0
12600626,1,1,1,0.9,0.9,name_postcode,2026-08-11,0
12602104,1,1,2,0.9,0.9,name_postcode,2026-08-11,0
12602405,1,1,1,0.9,0.9,name_postcode,2026-08-11,0
12603161,1,1,3,0.9,0.9,name_postcode,2026-08-11,0
12605416,1,1,2,0.9,0.9,name_postcode,2026-08-11,0
12608053,1,1,2,0.9,0.9,name_postcode,2026-08-11,0
12608913,1,1,1,0.9,0.9,name_postcode,2026-08-11,0
12613763,1,1,1,0.9,0.9,name_postcode,2026-08-11,0
12614308,1,1,12,0.9,0.9,name_postcode,2026-08-11,0
12614766,1,1,2,0.9,0.9,name_postcode,2026-08-11,0
12614828,1,1,3,0.9,0.9,name_postcode,2026-08-11,0
12616537,1,1,1,0.9,0.9,name_postcode,2026-08-11,0
12617290,1,1,2,0.9,0.9,name_postcode,2026-08-11,0
12617559,1,1,2,0.9,0.9,name_postcode,2026-08-11,0
12621355,1,1,3,0.9,0.9,name_postcode,2026-08-11,0
12627479,1,1,4,0.9,0.9,name_postcode,2026-08-11,0
12629276,1,1,3,0.9,0.9,name_postcode,2026-08-11,0
12631146,1,1,1,0.9,0.9,name_postcode,2026-08-11,0
12633222,1,1,2,0.9,0.9,name_postcode,2026-08-11,0
12633636,1,1,1,0.9,0.9,name_postcode,2026-08-11,0
12633712,1,1,1,0.9,0.9,name_postcode,2026-08-11,0
12635477,1,1,5,0.9,0.9,name_postcode,2026-08-11,0
12635755,1,1,1,0.9,0.9,name_postcode,2026-08-11,0
12637086,1,1,1,0.9,0.9,name_postcode,2026-08-11,0
12637750,1,1,2,0.9,0.9,name_postcode,2026-08-11,0
12638502,1,2,2,0.9,0.9,name_postcode,2026-08-11,0
12639853,1,1,1,0.9,0.9,name_postcode,2026-08-11,0
12643578,1,1,0,0.9,0.9,name_postcode,2026-08-11,0
12644100,1,1,2,0.9,0.9,name_postcode,2026-08-11,0
12648579,1,1,3,0.9,0.9,name_postcode,2026-08-11,0
12650604,1,1,1,0.9,0.9,name_postcode,2026-08-11,0
12651742,1,1,2,0.9,0.9,name_postcode,2026-08-11,0
12651793,1,2,3,0.9,0.8,name_postcode|name_postcode_area,2026-08-11,0
12653154,1,1,2,0.9,0.9,name_postcode,2026-08-11,0
12653591,1,1,1,0.9,0.9,name_postcode,2026-08-11,0
12653736,1,1,2,0.9,0.9,name_postcode,2026-08-11,0
12656151,1,1,1,0.9,0.9,name_postcode,2026-08-11,0
12657345,1,1,2,0.9,0.9,name_postcode,2026-08-11,0
12657570,1,1,5,0.9,0.9,name_postcode,2026-08-11,0
12658132,1,1,1,0.9,0.9,name_postcode,2026-08-11,0
12660176,1,1,3,0.9,0.9,name_postcode,2026-08-11,0
12661538,1,1,1,0.9,0.9,name_postcode,2026-08-11,0
12662440,1,1,1,0.9,0.9,name_postcode,2026-08-11,0
12662590,1,1,1,0.9,0.9,name_postcode,2026-08-11,0
12663151,1,1,4,0.9,0.9,name_postcode,2026-08-11,0
12663544,1,1,1,0.9,0.9,name_postcode,2026-08-11,0
12666082,1,1,3,0.9,0.9,name_postcode,2026-08-11,0
12666219,1,1,5,0.9,0.9,name_postcode,2026-08-11,0
12666342,1,1,1,0.9,0.9,name_postcode,2026-08-11,0
12669089,1,1,1,0.9,0.9,name_postcode,2026-08-11,0
12670000,1,1,1,0.9,0.9,name_postcode,2026-08-11,0
12670110,1,1,0,0.9,0.9,name_postcode,2026-08-11,0
12670507,1,1,1,0.8,0.8,name_postcode_area,2026-08-11,0
12672584,1,1,3,0.9,0.9,name_postcode,2026-08-11,0
12673643,1,1,2,0.9,0.9,name_postcode,2026-08-11,0
12674927,1,1,1,0.9,0.9,name_postcode,2026-08-11,0
12675386,1,1,2,0.9,0.9,name_postcode,2026-08-11,0
12677957,1,1,3,0.9,0.9,name_postcode,2026-08-11,0
12682838,1,1,1,0.9,0.9,name_postcode,2026-08-11,0
12683019,1,1,0,0.9,0.9,name_postcode,2026-08-11,0
12683643,1,1,3,0.9,0.9,name_postcode,2026-08-11,0
12684031,1,1,2,0.9,0.9,name_postcode,2026-08-11,0
12687410,1,1,1,0.9,0.9,name_postcode,2026-08-11,0
12699830,1,1,1,0.9,0.9,name_postcode,2026-08-11,0
12702965,1,1,4,0.9,0.9,name_postcode,2026-08-11,0
12702979,1,1,2,0.9,0.9,name_postcode,2026-08-11,0
12703951,1,1,1,0.9,0.9,name_postcode,2026-08-11,0
12704209,1,1,1,0.9,0.9,name_postcode,2026-08-11,0
12706787,1,1,2,0.9,0.9,name_postcode,2026-08-11,0
12708816,1,1,3,0.9,0.9,name_postcode,2026-08-11,0
12711042,1,1,1,0.9,0.9,name_postcode,2026-08-11,0
12712159,1,1,1,0.9,0.9,name_postcode,2026-08-11,0
12712163,1,1,2,0.9,0.9,name_postcode,2026-08-11,0
12712930,1,1,1,0.9,0.9,name_postcode,2026-08-11,0
12713254,1,1,2,0.9,0.9,name_postcode,2026-08-11,0
12713434,1,1,1,0.9,0.9,name_postcode,2026-08-11,0
12713498,1,1,1,0.9,0.9,name_postcode,2026-08-11,0
12715368,1,1,1,0.9,0.9,name_postcode,2026-08-11,0
12716425,1,1,1,0.9,0.9,name_postcode,2026-08-11,0
12717164,1,1,1,0.9,0.9,name_postcode,2026-08-11,0
12719643,1,1,1,0.9,0.9,name_postcode,2026-08-11,0
12720152,1,1,1,0.9,0.9,name_postcode,2026-08-11,0
12723723,1,1,1,0.9,0.9,name_postcode,2026-08-11,0
12725073,1,1,3,0.9,0.9,name_postcode,2026-08-11,0
12726158,1,1,2,0.9,0.9,name_postcode,2026-08-11,0
12726508,1,2,4,0.9,0.9,name_postcode,2026-08-11,0
12728293,1,1,1,0.9,0.9,name_postcode,2026-08-11,0
12728447,1,1,2,0.9,0.9,name_postcode,2026-08-11,0
12731297,1,1,3,0.9,0.9,name_postcode,2026-08-11,0
12731324,1,1,3,0.9,0.9,name_postcode,2026-08-11,0
12732357,1,1,1,0.9,0.9,name_postcode,2026-08-11,0
12738157,1,1,4,0.9,0.9,name_postcode,2026-08-11,0
12738348,1,1,7,0.9,0.9,name_postcode,2026-08-11,0
12744983,1,1,2,0.9,0.9,name_postcode,2026-08-11,0
12745113,1,1,1,0.9,0.9,name_postcode,2026-08-11,0
12746697,1,1,1,0.9,0.9,name_postcode,2026-08-11,0
12747523,1,1,1,0.9,0.9,name_postcode,2026-08-11,0
12748494,1,1,1,0.9,0.9,name_postcode,2026-08-11,0
12749468,1,1,0,0.9,0.9,name_postcode,2026-08-11,0
12749725,1,1,0,0.9,0.9,name_postcode,2026-08-11,0
12749859,1,1,2,0.9,0.9,name_postcode,2026-08-11,0
12749976,1,1,1,0.9,0.9,name_postcode,2026-08-11,0
12754062,1,1,1,0.9,0.9,name_postcode,2026-08-11,0
12754276,1,1,0,0.8,0.8,name_postcode_area,2026-08-11,0
12754902,1,1,1,0.9,0.9,name_postcode,2026-08-11,0
12755177,1,1,1,0.9,0.9,name_postcode,2026-08-11,0
12756664,1,1,1,0.9,0.9,name_postcode,2026-08-11,0
12757606,1,1,1,0.9,0.9,name_postcode,2026-08-11,0
12759212,1,1,2,0.9,0.9,name_postcode,2026-08-11,0
12760284,1,1,1,0.9,0.9,name_postcode,2026-08-11,0
12760405,1,1,2,0.8,0.8,name_postcode_area,2026-08-11,0
12761395,1,1,5,0.9,0.9,name_postcode,2026-08-11,0
12763156,1,1,1,0.9,0.9,name_postcode,2026-08-11,0
12764345,1,1,1,0.9,0.9,name_postcode,2026-08-11,0
12766132,1,1,4,0.9,0.9,name_postcode,2026-08-11,0
12770927,1,1,3,0.9,0.9,name_postcode,2026-08-11,0
12773367,1,1,1,0.9,0.9,name_postcode,2026-08-11,0
12776769,1,1,1,0.9,0.9,name_postcode,2026-08-11,0
12781067,1,1,2,0.9,0.9,name_postcode,2026-08-11,0
12782360,1,1,1,0.9,0.9,name_postcode,2026-08-11,0
12782697,1,1,1,0.9,0.9,name_postcode,2026-08-11,0
12783669,1,2,3,0.9,0.9,name_postcode,2026-08-11,0
12784436,1,1,1,0.9,0.9,name_postcode,2026-08-11,0
12784530,1,1,2,0.9,0.9,name_postcode,2026-08-11,0
12792045,1,1,1,0.9,0.9,name_postcode,2026-08-11,0
12794178,1,1,5,0.9,0.9,name_postcode,2026-08-11,0
12795484,1,1,0,0.9,0.9,name_postcode,2026-08-11,0
12796558,1,1,10,0.9,0.9,name_postcode,2026-08-11,0
12799495,1,1,1,0.9,0.9,name_postcode,2026-08-11,0
12802384,1,1,1,0.9,0.9,name_postcode,2026-08-11,0
12802932,1,1,1,0.9,0.9,name_postcode,2026-08-11,0
12805606,1,1,1,0.9,0.9,name_postcode,2026-08-11,0
12806435,1,1,3,0.9,0.9,name_postcode,2026-08-11,0
12807708,1,1,1,0.9,0.9,name_postcode,2026-08-11,0
12807762,1,1,2,0.9,0.9,name_postcode,2026-08-11,0
12808720,1,1,1,0.9,0.9,name_postcode,2026-08-11,0
12808941,1,1,2,0.9,0.9,name_postcode,2026-08-11,0
12809151,1,1,0,0.9,0.9,name_postcode,2026-08-11,0
12812011,1,1,2,0.9,0.9,name_postcode,2026-08-11,0
12813477,1,1,1,0.9,0.9,name_postcode,2026-08-11,0
12814309,1,1,2,0.9,0.9,name_postcode,2026-08-11,0
12814542,1,1,4,0.9,0.9,name_postcode,2026-08-11,0
12814748,1,1,1,0.9,0.9,name_postcode,2026-08-11,0
12816118,1,1,1,0.9,0.9,name_postcode,2026-08-11,0
12820120,1,1,1,0.9,0.9,name_postcode,2026-08-11,0
12823124,1,1,2,0.9,0.9,name_postcode,2026-08-11,0
12823998,1,1,1,0.9,0.9,name_postcode,2026-08-11,0
12825204,1,1,1,0.9,0.9,name_postcode,2026-08-11,0
12825831,1,1,0,0.9,0.9,name_postcode,2026-08-11,0
12826144,1,1,2,0.9,0.9,name_postcode,2026-08-11,0
12826557,1,1,1,0.9,0.9,name_postcode,2026-08-11,0
12826571,1,1,0,0.9,0.9,name_postcode,2026-08-11,0
12828514,1,1,2,0.9,0.9,name_postcode,2026-08-11,0
12830871,1,1,1,0.9,0.9,name_postcode,2026-08-11,0
12832544,1,1,2,0.9,0.9,name_postcode,2026-08-11,0
12836498,1,1,1,0.9,0.9,name_postcode,2026-08-11,0
12836974,1,1,1,0.9,0.9,name_postcode,2026-08-11,0
12844377,1,1,1,0.9,0.9,name_postcode,2026-08-11,0
12846410,1,1,1,0.9,0.9,name_postcode,2026-08-11,0
12848745,1,1,2,0.9,0.9,name_postcode,2026-08-11,0
12850554,1,1,5,0.9,0.9,name_postcode,2026-08-11,0
12852015,1,1,9,0.9,0.9,name_postcode,2026-08-11,0
12853585,1,1,1,0.9,0.9,name_postcode,2026-08-11,0
12856060,1,1,1,0.9,0.9,name_postcode,2026-08-11,0
12856905,1,1,1,0.9,0.9,name_postcode,2026-08-11,0
12857697,1,1,1,0.9,0.9,name_postcode,2026-08-11,0
12858395,1,1,3,0.9,0.9,name_postcode,2026-08-11,0
12860059,1,1,2,0.9,0.9,name_postcode,2026-08-11,0
12860207,1,1,1,0.9,0.9,name_postcode,2026-08-11,0
12860553,1,1,0,0.9,0.9,name_postcode,2026-08-11,0
12862217,1,1,2,0.9,0.9,name_postcode,2026-08-11,0
12863419,1,1,15,0.9,0.9,name_postcode,2026-08-11,0
12864591,1,1,0,0.9,0.9,name_postcode,2026-08-11,0
12870376,1,1,1,0.9,0.9,name_postcode,2026-08-11,0
12872508,1,1,1,0.9,0.9,name_postcode,2026-08-11,0
12872963,1,1,1,0.9,0.9,name_postcode,2026-08-11,0
12873076,1,1,1,0.9,0.9,name_postcode,2026-08-11,0
12888146,1,1,1,0.9,0.9,name_postcode,2026-08-11,0
12889188,1,1,2,0.9,0.9,name_postcode,2026-08-11,0
12895826,1,1,3,0.9,0.9,name_postcode,2026-08-11,0
12897424,1,1,1,0.9,0.9,name_postcode,2026-08-11,0
12904972,1,1,0,0.9,0.9,name_postcode,2026-08-11,0
12906921,1,1,3,0.9,0.9,name_postcode,2026-08-11,0
12908262,1,1,1,0.9,0.9,name_postcode,2026-08-11,0
12908681,1,1,4,0.9,0.9,name_postcode,2026-08-11,0
12908876,1,2,10,0.9,0.8,name_postcode|name_postcode_area,2026-08-11,0
12913869,1,1,1,0.9,0.9,name_postcode,2026-08-11,0
12914284,1,1,1,0.9,0.9,name_postcode,2026-08-11,0
12917008,1,1,1,0.9,0.9,name_postcode,2026-08-11,0
12917811,1,1,1,0.9,0.9,name_postcode,2026-08-11,0
12922666,1,1,1,0.9,0.9,name_postcode,2026-08-11,0
12927090,1,1,1,0.9,0.9,name_postcode,2026-08-11,0
12929432,1,1,9,0.9,0.9,name_postcode,2026-08-11,0
12930250,1,1,2,0.9,0.9,name_postcode,2026-08-11,0
12934084,1,1,1,0.9,0.9,name_postcode,2026-08-11,0
12937552,1,1,1,0.9,0.9,name_postcode,2026-08-11,0
12943122,1,1,1,0.9,0.9,name_postcode,2026-08-11,0
12944590,1,1,1,0.9,0.9,name_postcode,2026-08-11,0
12947887,1,1,1,0.9,0.9,name_postcode,2026-08-11,0
12948837,1,1,3,0.9,0.9,name_postcode,2026-08-11,0
12951166,1,1,1,0.9,0.9,name_postcode,2026-08-11,0
12951709,1,1,1,0.9,0.9,name_postcode,2026-08-11,0
12952101,1,1,1,0.9,0.9,name_postcode,2026-08-11,0
12952657,1,1,2,0.9,0.9,name_postcode,2026-08-11,0
12955180,1,1,2,0.9,0.9,name_postcode,2026-08-11,0
12962520,1,1,2,0.9,0.9,name_postcode,2026-08-11,0
12967851,1,1,1,0.9,0.9,name_postcode,2026-08-11,0
12970218,1,1,1,0.9,0.9,name_postcode,2026-08-11,0
12970437,1,1,1,0.9,0.9,name_postcode,2026-08-11,0
12970510,1,1,1,0.9,0.9,name_postcode,2026-08-11,0
12971585,1,1,1,0.9,0.9,name_postcode,2026-08-11,0
12972395,1,1,1,0.9,0.9,name_postcode,2026-08-11,0
12973457,1,1,1,0.9,0.9,name_postcode,2026-08-11,0
12974348,1,1,0,0.9,0.9,name_postcode,2026-08-11,0
12974695,1,1,1,0.9,0.9,name_postcode,2026-08-11,0
12977802,1,1,0,0.9,0.9,name_postcode,2026-08-11,0
12984954,1,1,2,0.8,0.8,name_postcode_area,2026-08-11,0
12984957,1,1,0,0.9,0.9,name_postcode,2026-08-11,0
12985499,1,1,1,0.9,0.9,name_postcode,2026-08-11,0
12986914,1,1,1,0.9,0.9,name_postcode,2026-08-11,0
12987835,1,1,0,0.9,0.9,name_postcode,2026-08-11,0
12990308,1,1,2,0.9,0.9,name_postcode,2026-08-11,0
12994988,1,1,1,0.9,0.9,name_postcode,2026-08-11,0
12998296,1,1,1,0.9,0.9,name_postcode,2026-08-11,0
12998390,1,1,3,0.9,0.9,name_postcode,2026-08-11,0
12999841,1,1,1,0.9,0.9,name_postcode,2026-08-11,0
13002879,1,1,0,0.8,0.8,name_postcode_area,2026-08-11,0
13003511,1,1,1,0.8,0.8,name_postcode_area,2026-08-11,0
13003743,1,1,2,0.9,0.9,name_postcode,2026-08-11,0
13004083,1,1,1,0.9,0.9,name_postcode,2026-08-11,0
13005440,1,1,1,0.9,0.9,name_postcode,2026-08-11,0
13006034,1,1,1,0.9,0.9,name_postcode,2026-08-11,0
13006808,1,1,1,0.9,0.9,name_postcode,2026-08-11,0
13009639,1,1,2,0.9,0.9,name_postcode,2026-08-11,0
13009740,1,1,2,0.9,0.9,name_postcode,2026-08-11,0
13010341,1,1,1,0.9,0.9,name_postcode,2026-08-11,0
13011420,1,1,2,0.9,0.9,name_postcode,2026-08-11,0
13011787,1,1,8,0.9,0.9,name_postcode,2026-08-11,0
13014241,1,1,1,0.8,0.8,name_postcode_area,2026-08-11,0
13014846,1,1,1,0.9,0.9,name_postcode,2026-08-11,0
13015033,1,1,0,0.9,0.9,name_postcode,2026-08-11,0
13021977,1,1,17,0.9,0.9,name_postcode,2026-08-11,0
13022222,1,1,3,0.9,0.9,name_postcode,2026-08-11,0
13026896,1,1,1,0.9,0.9,name_postcode,2026-08-11,0
13028157,1,1,3,0.9,0.9,name_postcode,2026-08-11,0
13028918,1,1,6,0.9,0.9,name_postcode,2026-08-11,0
13030482,1,1,1,0.9,0.9,name_postcode,2026-08-11,0
13030695,1,1,0,0.9,0.9,name_postcode,2026-08-11,0
13031353,1,1,1,0.9,0.9,name_postcode,2026-08-11,0
13033810,1,1,1,0.9,0.9,name_postcode,2026-08-11,0
13034188,1,1,1,0.9,0.9,name_postcode,2026-08-11,0
13040147,1,1,2,0.9,0.9,name_postcode,2026-08-11,0
13041839,1,1,3,0.9,0.9,name_postcode,2026-08-11,0
13042746,1,1,1,0.9,0.9,name_postcode,2026-08-11,0
13043546,1,1,2,0.9,0.9,name_postcode,2026-08-11,0
13045358,1,1,5,0.9,0.9,name_postcode,2026-08-11,0
13046085,1,1,1,0.9,0.9,name_postcode,2026-08-11,0
13048417,1,1,3,0.9,0.9,name_postcode,2026-08-11,0
13048748,1,1,4,0.9,0.9,name_postcode,2026-08-11,0
13050381,1,1,1,0.9,0.9,name_postcode,2026-08-11,0
13053366,1,1,1,0.9,0.9,name_postcode,2026-08-11,0
13053573,1,2,2,0.9,0.9,name_postcode,2026-08-11,0
13054461,1,1,1,0.9,0.9,name_postcode,2026-08-11,0
13057449,1,2,4,0.9,0.8,name_postcode|name_postcode_area,2026-08-11,0
13057597,1,2,1,0.9,0.9,name_postcode,2026-08-11,0
13058786,1,1,0,0.9,0.9,name_postcode,2026-08-11,0
13059070,1,1,5,0.9,0.9,name_postcode,2026-08-11,0
13059118,1,1,1,0.9,0.9,name_postcode,2026-08-11,0
13059639,1,1,2,0.9,0.9,name_postcode,2026-08-11,0
13061008,1,1,2,0.9,0.9,name_postcode,2026-08-11,0
13061639,1,1,1,0.9,0.9,name_postcode,2026-08-11,0
13065770,1,1,1,0.9,0.9,name_postcode,2026-08-11,0
13065922,1,1,1,0.9,0.9,name_postcode,2026-08-11,0
13068282,1,2,2,0.9,0.9,name_postcode,2026-08-11,0
13068940,1,1,1,0.9,0.9,name_postcode,2026-08-11,0
13071140,1,1,5,0.9,0.9,name_postcode,2026-08-11,0
13072493,1,1,5,0.9,0.9,name_postcode,2026-08-11,0
13073324,1,1,1,0.9,0.9,name_postcode,2026-08-11,0
13073485,1,1,1,0.9,0.9,name_postcode,2026-08-11,0
13073936,1,1,5,0.9,0.9,name_postcode,2026-08-11,0
13074730,1,1,2,0.9,0.9,name_postcode,2026-08-11,0
13075834,1,1,3,0.9,0.9,name_postcode,2026-08-11,0
13077801,1,1,1,0.9,0.9,name_postcode,2026-08-11,0
13078380,1,1,3,0.9,0.9,name_postcode,2026-08-11,0
13079097,1,2,6,0.9,0.9,name_postcode,2026-08-11,0
13079698,1,1,0,0.8,0.8,name_postcode_area,2026-08-11,0
13079976,1,1,1,0.9,0.9,name_postcode,2026-08-11,0
13083515,1,1,1,0.9,0.9,name_postcode,2026-08-11,0
13087844,1,1,1,0.9,0.9,name_postcode,2026-08-11,0
13088495,1,1,1,0.9,0.9,name_postcode,2026-08-11,0
13091987,1,1,1,0.9,0.9,name_postcode,2026-08-11,0
13094554,1,1,1,0.9,0.9,name_postcode,2026-08-11,0
13098224,1,1,1,0.9,0.9,name_postcode,2026-08-11,0
13098781,1,1,2,0.9,0.9,name_postcode,2026-08-11,0
13099135,1,1,1,0.9,0.9,name_postcode,2026-08-11,0
13099988,1,1,2,0.9,0.9,name_postcode,2026-08-11,0
13100640,1,1,2,0.9,0.9,name_postcode,2026-08-11,0
13103602,1,1,1,0.9,0.9,name_postcode,2026-08-11,0
13105954,1,1,2,0.9,0.9,name_postcode,2026-08-11,0
13108573,1,1,1,0.9,0.9,name_postcode,2026-08-11,0
13111896,1,1,1,0.9,0.9,name_postcode,2026-08-11,0
13115958,1,1,3,0.9,0.9,name_postcode,2026-08-11,0
13119313,1,1,2,0.9,0.9,name_postcode,2026-08-11,0
13121182,1,1,2,0.9,0.9,name_postcode,2026-08-11,0
13121451,1,1,1,0.9,0.9,name_postcode,2026-08-11,0
13121473,1,1,2,0.9,0.9,name_postcode,2026-08-11,0
13122782,1,1,1,0.9,0.9,name_postcode,2026-08-11,0
13125498,1,1,1,0.9,0.9,name_postcode,2026-08-11,0
13126170,1,1,1,0.9,0.9,name_postcode,2026-08-11,0
13127426,1,1,1,0.9,0.9,name_postcode,2026-08-11,0
13130615,1,1,1,0.9,0.9,name_postcode,2026-08-11,0
13131231,1,1,1,0.9,0.9,name_postcode,2026-08-11,0
13131276,1,1,2,0.9,0.9,name_postcode,2026-08-11,0
13133250,1,1,2,0.9,0.9,name_postcode,2026-08-11,0
13135667,1,1,0,0.9,0.9,name_postcode,2026-08-11,0
13137770,1,1,5,0.9,0.9,name_postcode,2026-08-11,0
13138394,1,1,1,0.9,0.9,name_postcode,2026-08-11,0
13140072,1,1,3,0.9,0.9,name_postcode,2026-08-11,0
13142393,1,1,0,0.9,0.9,name_postcode,2026-08-11,0
13142426,1,1,0,0.9,0.9,name_postcode,2026-08-11,0
13143302,1,1,1,0.9,0.9,name_postcode,2026-08-11,0
13144901,1,1,5,0.9,0.9,name_postcode,2026-08-11,0
13145388,1,1,3,0.9,0.9,name_postcode,2026-08-11,0
13145454,1,1,1,0.9,0.9,name_postcode,2026-08-11,0
13146056,1,1,3,0.9,0.9,name_postcode,2026-08-11,0
13146719,1,1,2,0.9,0.9,name_postcode,2026-08-11,0
13147495,1,1,1,0.9,0.9,name_postcode,2026-08-11,0
13150231,1,1,1,0.9,0.9,name_postcode,2026-08-11,0
13150559,1,1,2,0.9,0.9,name_postcode,2026-08-11,0
13151758,1,1,0,0.9,0.9,name_postcode,2026-08-11,0
13152291,1,2,2,0.9,0.9,name_postcode,2026-08-11,0
13152649,1,1,4,0.9,0.9,name_postcode,2026-08-11,0
13157033,1,1,2,0.9,0.9,name_postcode,2026-08-11,0
13157601,1,1,7,0.9,0.9,name_postcode,2026-08-11,0
13157735,1,1,2,0.9,0.9,name_postcode,2026-08-11,0
13158127,1,1,0,0.9,0.9,name_postcode,2026-08-11,0
13162882,1,1,1,0.9,0.9,name_postcode,2026-08-11,0
13163027,1,1,0,0.9,0.9,name_postcode,2026-08-11,0
13163086,1,1,2,0.9,0.9,name_postcode,2026-08-11,0
13163110,1,1,1,0.9,0.9,name_postcode,2026-08-11,0
13163389,1,1,1,0.9,0.9,name_postcode,2026-08-11,0
13163626,1,1,4,0.9,0.9,name_postcode,2026-08-11,0
13164633,1,1,1,0.9,0.9,name_postcode,2026-08-11,0
13166630,1,1,3,0.9,0.9,name_postcode,2026-08-11,0
13167679,1,1,1,0.9,0.9,name_postcode,2026-08-11,0
13171951,1,1,1,0.9,0.9,name_postcode,2026-08-11,0
13176980,1,1,2,0.9,0.9,name_postcode,2026-08-11,0
13177191,1,1,1,0.9,0.9,name_postcode,2026-08-11,0
13182313,1,1,1,0.9,0.9,name_postcode,2026-08-11,0
13182798,1,2,2,0.9,0.9,name_postcode,2026-08-11,0
13183398,1,1,0,0.9,0.9,name_postcode,2026-08-11,0
13184878,1,1,2,0.9,0.9,name_postcode,2026-08-11,0
13185141,1,1,1,0.9,0.9,name_postcode,2026-08-11,0
13189024,1,1,1,0.9,0.9,name_postcode,2026-08-11,0
13189044,1,1,1,0.9,0.9,name_postcode,2026-08-11,0
13191281,1,1,1,0.9,0.9,name_postcode,2026-08-11,0
13192159,1,1,1,0.9,0.9,name_postcode,2026-08-11,0
13192758,1,1,1,0.9,0.9,name_postcode,2026-08-11,0
13194221,1,1,0,0.9,0.9,name_postcode,2026-08-11,0
13198315,1,1,1,0.9,0.9,name_postcode,2026-08-11,0
13201459,1,1,2,0.9,0.9,name_postcode,2026-08-11,0
13202461,1,1,2,0.9,0.9,name_postcode,2026-08-11,0
13204002,1,1,2,0.9,0.9,name_postcode,2026-08-11,0
13204541,1,1,1,0.9,0.9,name_postcode,2026-08-11,0
13210863,1,1,1,0.9,0.9,name_postcode,2026-08-11,0
13212008,1,1,1,0.9,0.9,name_postcode,2026-08-11,0
13212629,1,1,1,0.9,0.9,name_postcode,2026-08-11,0
13213086,1,1,1,0.9,0.9,name_postcode,2026-08-11,0
13216670,1,1,6,0.9,0.9,name_postcode,2026-08-11,0
13217359,1,1,1,0.9,0.9,name_postcode,2026-08-11,0
13220665,1,1,0,0.9,0.9,name_postcode,2026-08-11,0
13222588,1,1,0,0.9,0.9,name_postcode,2026-08-11,0
13223592,1,1,0,0.9,0.9,name_postcode,2026-08-11,0
13225348,1,1,1,0.9,0.9,name_postcode,2026-08-11,0
13225517,1,1,3,0.9,0.9,name_postcode,2026-08-11,0
13225773,1,1,2,0.9,0.9,name_postcode,2026-08-11,0
13227710,1,1,1,0.9,0.9,name_postcode,2026-08-11,0
13230733,1,1,1,0.9,0.9,name_postcode,2026-08-11,0
13232722,1,1,4,0.9,0.9,name_postcode,2026-08-11,0
13235481,1,1,1,0.9,0.9,name_postcode,2026-08-11,0
13238083,1,1,2,0.9,0.9,name_postcode,2026-08-11,0
13239190,1,1,1,0.9,0.9,name_postcode,2026-08-11,0
13239413,1,1,1,0.9,0.9,name_postcode,2026-08-11,0
13243738,1,1,2,0.9,0.9,name_postcode,2026-08-11,0
13244451,1,1,1,0.9,0.9,name_postcode,2026-08-11,0
13246608,1,1,1,0.9,0.9,name_postcode,2026-08-11,0
13246726,1,1,1,0.9,0.9,name_postcode,2026-08-11,0
13253430,1,1,1,0.9,0.9,name_postcode,2026-08-11,0
13253620,1,1,1,0.9,0.9,name_postcode,2026-08-11,0
13253794,1,1,2,0.9,0.9,name_postcode,2026-08-11,0
13254601,1,1,1,0.9,0.9,name_postcode,2026-08-11,0
13255317,1,1,5,0.8,0.8,name_postcode_area,2026-08-11,0
13256453,1,1,1,0.8,0.8,name_postcode_area,2026-08-11,0
13257195,1,1,1,0.9,0.9,name_postcode,2026-08-11,0
13257371,1,1,4,0.9,0.9,name_postcode,2026-08-11,0
13258454,1,1,1,0.9,0.9,name_postcode,2026-08-11,0
13259272,1,1,1,0.9,0.9,name_postcode,2026-08-11,0
13261049,1,1,1,0.9,0.9,name_postcode,2026-08-11,0
13262308,1,1,1,0.9,0.9,name_postcode,2026-08-11,0
13262797,1,1,1,0.9,0.9,name_postcode,2026-08-11,0
13264075,1,1,0,0.9,0.9,name_postcode,2026-08-11,0
13266666,1,1,2,0.9,0.9,name_postcode,2026-08-11,0
13267396,1,1,5,0.9,0.9,name_postcode,2026-08-11,0
13267841,1,1,0,0.9,0.9,name_postcode,2026-08-11,0
13271180,1,1,5,0.9,0.9,name_postcode,2026-08-11,0
13272246,1,1,1,0.9,0.9,name_postcode,2026-08-11,0
13272466,1,1,1,0.9,0.9,name_postcode,2026-08-11,0
13274114,1,1,0,0.9,0.9,name_postcode,2026-08-11,0
13274475,1,1,7,0.9,0.9,name_postcode,2026-08-11,0
13274591,1,1,1,0.9,0.9,name_postcode,2026-08-11,0
13275655,1,1,1,0.9,0.9,name_postcode,2026-08-11,0
13278517,1,1,2,0.9,0.9,name_postcode,2026-08-11,0
13285197,1,1,3,0.9,0.9,name_postcode,2026-08-11,0
13285951,1,1,2,0.9,0.9,name_postcode,2026-08-11,0
13287231,1,1,1,0.9,0.9,name_postcode,2026-08-11,0
13287534,1,1,1,0.9,0.9,name_postcode,2026-08-11,0
13291464,1,1,3,0.9,0.9,name_postcode,2026-08-11,0
13292372,1,2,7,0.9,0.9,name_postcode,2026-08-11,0
13293775,1,1,1,0.9,0.9,name_postcode,2026-08-11,0
13294211,1,1,9,0.9,0.9,name_postcode,2026-08-11,0
13295116,1,1,5,0.9,0.9,name_postcode,2026-08-11,0
13296468,1,1,3,0.9,0.9,name_postcode,2026-08-11,0
13298185,1,1,1,0.8,0.8,name_postcode_area,2026-08-11,0
13305481,1,1,1,0.9,0.9,name_postcode,2026-08-11,0
13306078,1,1,0,0.9,0.9,name_postcode,2026-08-11,0
13307428,1,1,3,0.9,0.9,name_postcode,2026-08-11,0
13309882,1,1,2,0.9,0.9,name_postcode,2026-08-11,0
13309971,1,1,3,0.9,0.9,name_postcode,2026-08-11,0
13311775,1,1,1,0.9,0.9,name_postcode,2026-08-11,0
13312153,1,1,5,0.9,0.9,name_postcode,2026-08-11,0
13312290,1,1,1,0.9,0.9,name_postcode,2026-08-11,0
13312560,1,1,0,0.9,0.9,name_postcode,2026-08-11,0
13315046,1,1,1,0.9,0.9,name_postcode,2026-08-11,0
13318389,1,1,2,0.9,0.9,name_postcode,2026-08-11,0
13319616,1,1,1,0.9,0.9,name_postcode,2026-08-11,0
13320968,1,1,1,0.9,0.9,name_postcode,2026-08-11,0
13322881,1,1,1,0.9,0.9,name_postcode,2026-08-11,0
13324897,1,1,1,0.9,0.9,name_postcode,2026-08-11,0
13325262,1,1,1,0.9,0.9,name_postcode,2026-08-11,0
13325564,1,1,2,0.9,0.9,name_postcode,2026-08-11,0
13333949,1,1,1,0.9,0.9,name_postcode,2026-08-11,0
13334150,1,1,1,0.9,0.9,name_postcode,2026-08-11,0
13334936,1,1,2,0.9,0.9,name_postcode,2026-08-11,0
13340769,1,1,1,0.9,0.9,name_postcode,2026-08-11,0
13344316,1,1,6,0.9,0.9,name_postcode,2026-08-11,0
13345277,1,1,1,0.9,0.9,name_postcode,2026-08-11,0
13346875,1,1,1,0.9,0.9,name_postcode,2026-08-11,0
13347459,1,1,1,0.9,0.9,name_postcode,2026-08-11,0
13347739,1,1,1,0.9,0.9,name_postcode,2026-08-11,0
13348557,1,1,1,0.9,0.9,name_postcode,2026-08-11,0
13350667,1,1,3,0.9,0.9,name_postcode,2026-08-11,0
13353215,1,1,1,0.9,0.9,name_postcode,2026-08-11,0
13354556,1,1,1,0.9,0.9,name_postcode,2026-08-11,0
13354764,1,1,2,0.9,0.9,name_postcode,2026-08-11,0
13355208,1,1,3,0.9,0.9,name_postcode,2026-08-11,0
13358119,1,1,1,0.9,0.9,name_postcode,2026-08-11,0
13358525,1,1,2,0.9,0.9,name_postcode,2026-08-11,0
13361850,1,1,7,0.9,0.9,name_postcode,2026-08-11,0
13364420,1,1,3,0.9,0.9,name_postcode,2026-08-11,0
13366126,1,1,2,0.9,0.9,name_postcode,2026-08-11,0
13367376,1,2,1,0.9,0.9,name_postcode,2026-08-11,0
13370800,1,1,1,0.9,0.9,name_postcode,2026-08-11,0
13373257,1,1,2,0.9,0.9,name_postcode,2026-08-11,0
13376771,1,1,2,0.9,0.9,name_postcode,2026-08-11,0
13376789,1,1,0,0.9,0.9,name_postcode,2026-08-11,0
13378191,1,1,5,0.9,0.9,name_postcode,2026-08-11,0
13378524,1,1,0,0.9,0.9,name_postcode,2026-08-11,0
13378832,1,1,1,0.8,0.8,name_postcode_area,2026-08-11,0
13381059,1,1,1,0.9,0.9,name_postcode,2026-08-11,0
13382825,1,1,3,0.9,0.9,name_postcode,2026-08-11,0
13383925,1,1,5,0.9,0.9,name_postcode,2026-08-11,0
13384036,1,1,0,0.9,0.9,name_postcode,2026-08-11,0
13389118,1,1,1,0.9,0.9,name_postcode,2026-08-11,0
13389403,1,1,3,0.9,0.9,name_postcode,2026-08-11,0
13390533,1,1,1,0.9,0.9,name_postcode,2026-08-11,0
13392387,1,1,1,0.9,0.9,name_postcode,2026-08-11,0
13394196,1,1,1,0.9,0.9,name_postcode,2026-08-11,0
13394612,1,1,1,0.9,0.9,name_postcode,2026-08-11,0
13395395,1,1,2,0.8,0.8,name_postcode_area,2026-08-11,0
13397219,1,1,0,0.9,0.9,name_postcode,2026-08-11,0
13399455,1,1,1,0.9,0.9,name_postcode,2026-08-11,0
13399669,1,1,1,0.9,0.9,name_postcode,2026-08-11,0
13400181,1,1,1,0.9,0.9,name_postcode,2026-08-11,0
13401772,1,1,3,0.9,0.9,name_postcode,2026-08-11,0
13405148,1,1,1,0.9,0.9,name_postcode,2026-08-11,0
13405365,1,1,1,0.8,0.8,name_postcode_area,2026-08-11,0
13405430,1,1,0,0.9,0.9,name_postcode,2026-08-11,0
13405624,1,1,1,0.9,0.9,name_postcode,2026-08-11,0
13405991,1,1,1,0.9,0.9,name_postcode,2026-08-11,0
13408099,1,1,3,0.9,0.9,name_postcode,2026-08-11,0
13409895,1,1,1,0.9,0.9,name_postcode,2026-08-11,0
13411507,1,1,4,0.9,0.9,name_postcode,2026-08-11,0
13413886,1,1,1,0.9,0.9,name_postcode,2026-08-11,0
13414736,1,1,1,0.9,0.9,name_postcode,2026-08-11,0
13415161,1,1,1,0.9,0.9,name_postcode,2026-08-11,0
13415224,1,1,2,0.9,0.9,name_postcode,2026-08-11,0
13415367,1,1,1,0.9,0.9,name_postcode,2026-08-11,0
13415904,1,1,1,0.9,0.9,name_postcode,2026-08-11,0
13417303,1,1,2,0.9,0.9,name_postcode,2026-08-11,0
13417472,1,1,2,0.9,0.9,name_postcode,2026-08-11,0
13418386,1,1,1,0.9,0.9,name_postcode,2026-08-11,0
13419815,1,1,3,0.9,0.9,name_postcode,2026-08-11,0
13420475,1,1,1,0.9,0.9,name_postcode,2026-08-11,0
13421535,1,2,14,0.9,0.9,name_postcode,2026-08-11,0
13422677,1,1,1,0.9,0.9,name_postcode,2026-08-11,0
13423215,1,2,2,0.9,0.8,name_postcode|name_postcode_area,2026-08-11,0
13424702,1,1,1,0.9,0.9,name_postcode,2026-08-11,0
13424837,1,1,1,0.9,0.9,name_postcode,2026-08-11,0
13425633,1,1,1,0.9,0.9,name_postcode,2026-08-11,0
13426827,1,1,1,0.9,0.9,name_postcode,2026-08-11,0
13429166,1,1,3,0.9,0.9,name_postcode,2026-08-11,0
13429241,1,1,1,0.9,0.9,name_postcode,2026-08-11,0
13433538,1,1,1,0.9,0.9,name_postcode,2026-08-11,0
13434841,1,1,1,0.9,0.9,name_postcode,2026-08-11,0
13436066,1,1,1,0.9,0.9,name_postcode,2026-08-11,0
13437553,1,1,3,0.9,0.9,name_postcode,2026-08-11,0
13437687,1,1,4,0.9,0.9,name_postcode,2026-08-11,0
13437700,1,1,1,0.9,0.9,name_postcode,2026-08-11,0
13437995,1,1,2,0.9,0.9,name_postcode,2026-08-11,0
13438751,1,1,1,0.9,0.9,name_postcode,2026-08-11,0
13439245,1,1,2,0.9,0.9,name_postcode,2026-08-11,0
13439703,1,1,1,0.8,0.8,name_postcode_area,2026-08-11,0
13440981,1,1,1,0.9,0.9,name_postcode,2026-08-11,0
13441054,1,1,1,0.9,0.9,name_postcode,2026-08-11,0
13441162,1,1,1,0.9,0.9,name_postcode,2026-08-11,0
13445933,1,1,1,0.9,0.9,name_postcode,2026-08-11,0
13446861,1,1,1,0.9,0.9,name_postcode,2026-08-11,0
13450010,1,1,2,0.9,0.9,name_postcode,2026-08-11,0
13452862,1,1,4,0.9,0.9,name_postcode,2026-08-11,0
13453896,1,1,3,0.9,0.9,name_postcode,2026-08-11,0
13454072,1,1,1,0.8,0.8,name_postcode_area,2026-08-11,0
13456191,1,1,1,0.9,0.9,name_postcode,2026-08-11,0
13456358,1,1,2,0.9,0.9,name_postcode,2026-08-11,0
13458301,1,1,1,0.9,0.9,name_postcode,2026-08-11,0
13461231,1,1,2,0.9,0.9,name_postcode,2026-08-11,0
13462567,1,1,4,0.9,0.9,name_postcode,2026-08-11,0
13465751,1,1,1,0.9,0.9,name_postcode,2026-08-11,0
13465917,1,1,1,0.9,0.9,name_postcode,2026-08-11,0
13467045,1,1,0,0.9,0.9,name_postcode,2026-08-11,0
13470690,1,2,1,0.9,0.9,name_postcode,2026-08-11,0
13470732,1,1,1,0.9,0.9,name_postcode,2026-08-11,0
13470837,1,1,1,0.9,0.9,name_postcode,2026-08-11,0
13472131,1,1,2,0.9,0.9,name_postcode,2026-08-11,0
13473922,1,1,3,0.9,0.9,name_postcode,2026-08-11,0
13474140,1,1,3,0.9,0.9,name_postcode,2026-08-11,0
13475898,1,1,1,0.9,0.9,name_postcode,2026-08-11,0
13477197,1,1,1,0.8,0.8,name_postcode_area,2026-08-11,0
13477448,1,1,2,0.9,0.9,name_postcode,2026-08-11,0
13483667,1,1,2,0.9,0.9,name_postcode,2026-08-11,0
13483830,1,1,1,0.9,0.9,name_postcode,2026-08-11,0
13485118,1,1,1,0.9,0.9,name_postcode,2026-08-11,0
13486499,1,1,2,0.9,0.9,name_postcode,2026-08-11,0
13487661,1,1,1,0.9,0.9,name_postcode,2026-08-11,0
13488800,1,1,1,0.9,0.9,name_postcode,2026-08-11,0
13489372,1,1,1,0.9,0.9,name_postcode,2026-08-11,0
13491075,1,1,1,0.9,0.9,name_postcode,2026-08-11,0
13492127,1,1,0,0.9,0.9,name_postcode,2026-08-11,0
13497673,1,1,1,0.9,0.9,name_postcode,2026-08-11,0
13498567,1,1,4,0.8,0.8,name_postcode_area,2026-08-11,0
13500441,1,1,1,0.9,0.9,name_postcode,2026-08-11,0
13500695,1,2,4,0.9,0.8,name_postcode|name_postcode_area,2026-08-11,0
13500987,1,1,1,0.9,0.9,name_postcode,2026-08-11,0
13504926,1,1,1,0.9,0.9,name_postcode,2026-08-11,0
13508159,1,1,3,0.9,0.9,name_postcode,2026-08-11,0
13511605,1,1,3,0.9,0.9,name_postcode,2026-08-11,0
13512108,1,1,1,0.9,0.9,name_postcode,2026-08-11,0
13514853,1,1,1,0.9,0.9,name_postcode,2026-08-11,0
13515438,1,1,1,0.9,0.9,name_postcode,2026-08-11,0
13519271,1,2,4,0.9,0.8,name_postcode|name_postcode_area,2026-08-11,0
13524548,1,1,1,0.9,0.9,name_postcode,2026-08-11,0
13524762,1,1,1,0.9,0.9,name_postcode,2026-08-11,0
13525962,1,1,1,0.9,0.9,name_postcode,2026-08-11,0
13526395,1,1,4,0.9,0.9,name_postcode,2026-08-11,0
13526508,1,1,1,0.9,0.9,name_postcode,2026-08-11,0
13528799,1,1,1,0.9,0.9,name_postcode,2026-08-11,0
13529871,1,1,1,0.9,0.9,name_postcode,2026-08-11,0
13529974,1,1,2,0.9,0.9,name_postcode,2026-08-11,0
13530142,1,1,17,0.9,0.9,name_postcode,2026-08-11,0
13532868,1,1,1,0.8,0.8,name_postcode_area,2026-08-11,0
13534759,1,1,1,0.9,0.9,name_postcode,2026-08-11,0
13535368,1,1,1,0.9,0.9,name_postcode,2026-08-11,0
13536278,1,2,2,0.9,0.9,name_postcode,2026-08-11,0
13536737,1,2,1,0.9,0.9,name_postcode,2026-08-11,0
13537400,1,1,3,0.9,0.9,name_postcode,2026-08-11,0
13538559,1,1,1,0.9,0.9,name_postcode,2026-08-11,0
13538866,1,1,1,0.9,0.9,name_postcode,2026-08-11,0
13539725,1,1,1,0.8,0.8,name_postcode_area,2026-08-11,0
13544556,1,1,1,0.9,0.9,name_postcode,2026-08-11,0
13545055,1,1,1,0.9,0.9,name_postcode,2026-08-11,0
13546667,1,1,1,0.9,0.9,name_postcode,2026-08-11,0
13550753,1,1,1,0.9,0.9,name_postcode,2026-08-11,0
13551238,1,1,2,0.9,0.9,name_postcode,2026-08-11,0
13552560,1,1,0,0.9,0.9,name_postcode,2026-08-11,0
13552567,1,1,1,0.9,0.9,name_postcode,2026-08-11,0
13552595,1,1,2,0.9,0.9,name_postcode,2026-08-11,0
13555165,1,1,5,0.9,0.9,name_postcode,2026-08-11,0
13555208,1,2,2,0.9,0.9,name_postcode,2026-08-11,0
13555572,1,1,1,0.9,0.9,name_postcode,2026-08-11,0
13558797,1,1,2,0.9,0.9,name_postcode,2026-08-11,0
13559517,1,1,0,0.9,0.9,name_postcode,2026-08-11,0
13560193,1,1,1,0.9,0.9,name_postcode,2026-08-11,0
13560394,1,1,4,0.9,0.9,name_postcode,2026-08-11,0
13560910,1,1,1,0.9,0.9,name_postcode,2026-08-11,0
13561870,1,1,1,0.9,0.9,name_postcode,2026-08-11,0
13561943,1,1,2,0.9,0.9,name_postcode,2026-08-11,0
13563108,1,2,4,0.9,0.9,name_postcode,2026-08-11,0
13564111,1,1,3,0.9,0.9,name_postcode,2026-08-11,0
13565001,1,1,2,0.9,0.9,name_postcode,2026-08-11,0
13565008,1,1,1,0.9,0.9,name_postcode,2026-08-11,0
13565181,1,1,1,0.9,0.9,name_postcode,2026-08-11,0
13565910,1,1,1,0.8,0.8,name_postcode_area,2026-08-11,0
13566076,1,1,1,0.9,0.9,name_postcode,2026-08-11,0
13566819,1,1,1,0.9,0.9,name_postcode,2026-08-11,0
13568883,1,1,4,0.9,0.9,name_postcode,2026-08-11,0
13569133,1,1,1,0.9,0.9,name_postcode,2026-08-11,0
13571617,1,1,1,0.9,0.9,name_postcode,2026-08-11,0
13572546,1,1,2,0.9,0.9,name_postcode,2026-08-11,0
13572825,1,1,1,0.9,0.9,name_postcode,2026-08-11,0
13573133,1,1,2,0.9,0.9,name_postcode,2026-08-11,0
13575876,1,1,1,0.9,0.9,name_postcode,2026-08-11,0
13576323,1,1,2,0.9,0.9,name_postcode,2026-08-11,0
13576684,1,1,3,0.9,0.9,name_postcode,2026-08-11,0
13578325,1,1,1,0.9,0.9,name_postcode,2026-08-11,0
13579094,1,1,3,0.9,0.9,name_postcode,2026-08-11,0
13580024,1,1,3,0.9,0.9,name_postcode,2026-08-11,0
13583725,1,1,2,0.9,0.9,name_postcode,2026-08-11,0
13584021,1,1,0,0.9,0.9,name_postcode,2026-08-11,0
13584666,1,1,1,0.9,0.9,name_postcode,2026-08-11,0
13585400,1,1,0,0.9,0.9,name_postcode,2026-08-11,0
13585848,1,1,6,0.9,0.9,name_postcode,2026-08-11,0
13587031,1,1,1,0.9,0.9,name_postcode,2026-08-11,0
13589482,1,1,2,0.9,0.9,name_postcode,2026-08-11,0
13590768,1,1,1,0.9,0.9,name_postcode,2026-08-11,0
13591677,1,1,1,0.9,0.9,name_postcode,2026-08-11,0
13592044,1,1,1,0.9,0.9,name_postcode,2026-08-11,0
13593704,1,1,3,0.9,0.9,name_postcode,2026-08-11,0
13594199,1,1,2,0.9,0.9,name_postcode,2026-08-11,0
13594986,1,1,1,0.9,0.9,name_postcode,2026-08-11,0
13596046,1,1,2,0.9,0.9,name_postcode,2026-08-11,0
13596860,1,1,1,0.9,0.9,name_postcode,2026-08-11,0
13596991,1,1,1,0.9,0.9,name_postcode,2026-08-11,0
13597514,1,1,1,0.9,0.9,name_postcode,2026-08-11,0
13597633,1,1,2,0.9,0.9,name_postcode,2026-08-11,0
13598139,1,1,2,0.9,0.9,name_postcode,2026-08-11,0
13600022,1,1,3,0.8,0.8,name_postcode_area,2026-08-11,0
13603058,1,2,1,0.9,0.8,name_postcode|name_postcode_area,2026-08-11,0
13604659,1,1,5,0.9,0.9,name_postcode,2026-08-11,0
13605297,1,1,1,0.9,0.9,name_postcode,2026-08-11,0
13606487,1,1,3,0.9,0.9,name_postcode,2026-08-11,0
13607960,1,1,4,0.9,0.9,name_postcode,2026-08-11,0
13610202,1,1,1,0.9,0.9,name_postcode,2026-08-11,0
13610537,1,1,1,0.9,0.9,name_postcode,2026-08-11,0
13614057,1,1,1,0.9,0.9,name_postcode,2026-08-11,0
13617951,1,1,2,0.9,0.9,name_postcode,2026-08-11,0
13619802,1,1,6,0.9,0.9,name_postcode,2026-08-11,0
13620935,1,1,1,0.9,0.9,name_postcode,2026-08-11,0
13623222,1,1,6,0.9,0.9,name_postcode,2026-08-11,0
13626201,1,1,1,0.9,0.9,name_postcode,2026-08-11,0
13630509,1,1,1,0.9,0.9,name_postcode,2026-08-11,0
13632308,1,1,2,0.9,0.9,name_postcode,2026-08-11,0
13634184,1,1,1,0.9,0.9,name_postcode,2026-08-11,0
13634302,1,1,0,0.9,0.9,name_postcode,2026-08-11,0
13634827,1,1,4,0.9,0.9,name_postcode,2026-08-11,0
13638617,1,1,1,0.9,0.9,name_postcode,2026-08-11,0
13638972,1,1,1,0.9,0.9,name_postcode,2026-08-11,0
13642685,1,1,2,0.9,0.9,name_postcode,2026-08-11,0
13642693,1,1,1,0.9,0.9,name_postcode,2026-08-11,0
13644974,1,1,1,0.9,0.9,name_postcode,2026-08-11,0
13645489,1,1,0,0.9,0.9,name_postcode,2026-08-11,0
13648891,1,1,1,0.9,0.9,name_postcode,2026-08-11,0
13649444,1,1,0,0.9,0.9,name_postcode,2026-08-11,0
13651686,1,1,2,0.9,0.9,name_postcode,2026-08-11,0
13652983,1,1,1,0.9,0.9,name_postcode,2026-08-11,0
13655980,1,1,1,0.9,0.9,name_postcode,2026-08-11,0
13658381,1,1,1,0.9,0.9,name_postcode,2026-08-11,0
13658797,1,1,1,0.9,0.9,name_postcode,2026-08-11,0
13659107,1,1,1,0.9,0.9,name_postcode,2026-08-11,0
13666656,1,1,0,0.9,0.9,name_postcode,2026-08-11,0
13668232,1,1,2,0.9,0.9,name_postcode,2026-08-11,0
13670384,1,1,0,0.9,0.9,name_postcode,2026-08-11,0
13670597,1,1,1,0.9,0.9,name_postcode,2026-08-11,0
13672363,1,1,1,0.9,0.9,name_postcode,2026-08-11,0
13673097,1,1,0,0.9,0.9,name_postcode,2026-08-11,0
13673946,1,1,1,0.8,0.8,name_postcode_area,2026-08-11,0
13675595,1,1,1,0.9,0.9,name_postcode,2026-08-11,0
13677271,1,1,2,0.9,0.9,name_postcode,2026-08-11,0
13677794,1,1,1,0.9,0.9,name_postcode,2026-08-11,0
13678972,1,1,2,0.9,0.9,name_postcode,2026-08-11,0
13681410,1,1,1,0.9,0.9,name_postcode,2026-08-11,0
13683949,1,1,2,0.9,0.9,name_postcode,2026-08-11,0
13684068,1,1,1,0.9,0.9,name_postcode,2026-08-11,0
13686077,1,1,1,0.9,0.9,name_postcode,2026-08-11,0
13687196,1,1,1,0.9,0.9,name_postcode,2026-08-11,0
13687353,1,1,2,0.9,0.9,name_postcode,2026-08-11,0
13688831,1,1,3,0.9,0.9,name_postcode,2026-08-11,0
13689603,1,1,1,0.9,0.9,name_postcode,2026-08-11,0
13690870,1,1,1,0.9,0.9,name_postcode,2026-08-11,0
13691065,1,1,1,0.9,0.9,name_postcode,2026-08-11,0
13691224,1,2,4,0.9,0.9,name_postcode,2026-08-11,0
13691257,1,2,3,0.9,0.9,name_postcode,2026-08-11,0
13692559,1,1,2,0.9,0.9,name_postcode,2026-08-11,0
13692957,1,1,5,0.9,0.9,name_postcode,2026-08-11,0
13698246,1,1,0,0.8,0.8,name_postcode_area,2026-08-11,0
13699710,1,1,1,0.9,0.9,name_postcode,2026-08-11,0
13700402,1,1,1,0.9,0.9,name_postcode,2026-08-11,0
13700592,1,1,3,0.9,0.9,name_postcode,2026-08-11,0
13703518,1,1,1,0.9,0.9,name_postcode,2026-08-11,0
13703732,1,1,6,0.9,0.9,name_postcode,2026-08-11,0
13705157,1,1,5,0.9,0.9,name_postcode,2026-08-11,0
13706785,1,1,1,0.9,0.9,name_postcode,2026-08-11,0
13713532,1,1,1,0.9,0.9,name_postcode,2026-08-11,0
13715000,1,1,1,0.9,0.9,name_postcode,2026-08-11,0
13716790,1,1,1,0.9,0.9,name_postcode,2026-08-11,0
13717303,1,1,1,0.9,0.9,name_postcode,2026-08-11,0
13717544,1,1,1,0.9,0.9,name_postcode,2026-08-11,0
13717639,1,1,3,0.9,0.9,name_postcode,2026-08-11,0
13718635,1,1,2,0.9,0.9,name_postcode,2026-08-11,0
13720937,1,1,1,0.9,0.9,name_postcode,2026-08-11,0
13721870,1,1,1,0.9,0.9,name_postcode,2026-08-11,0
13732208,1,1,1,0.9,0.9,name_postcode,2026-08-11,0
13734557,1,1,1,0.9,0.9,name_postcode,2026-08-11,0
13734605,1,2,3,0.9,0.9,name_postcode,2026-08-11,0
13736011,1,1,0,0.9,0.9,name_postcode,2026-08-11,0
13738185,1,1,1,0.9,0.9,name_postcode,2026-08-11,0
13739920,1,1,1,0.9,0.9,name_postcode,2026-08-11,0
13741202,1,1,2,0.9,0.9,name_postcode,2026-08-11,0
13741676,1,1,1,0.9,0.9,name_postcode,2026-08-11,0
13746290,1,1,1,0.9,0.9,name_postcode,2026-08-11,0
13746663,1,1,3,0.9,0.9,name_postcode,2026-08-11,0
13746816,1,1,1,0.9,0.9,name_postcode,2026-08-11,0
13751643,1,1,1,0.9,0.9,name_postcode,2026-08-11,0
13754243,1,1,1,0.9,0.9,name_postcode,2026-08-11,0
13756977,1,1,3,0.9,0.9,name_postcode,2026-08-11,0
13758641,1,1,3,0.9,0.9,name_postcode,2026-08-11,0
13759841,1,1,2,0.9,0.9,name_postcode,2026-08-11,0
13759900,1,1,1,0.9,0.9,name_postcode,2026-08-11,0
13761050,1,2,3,0.9,0.9,name_postcode,2026-08-11,0
13762988,1,1,1,0.9,0.9,name_postcode,2026-08-11,0
13764605,1,1,1,0.9,0.9,name_postcode,2026-08-11,0
13767587,1,1,1,0.9,0.9,name_postcode,2026-08-11,0
13767770,1,1,1,0.9,0.9,name_postcode,2026-08-11,0
13768271,1,1,1,0.9,0.9,name_postcode,2026-08-11,0
13770982,1,1,0,0.9,0.9,name_postcode,2026-08-11,0
13772184,1,1,1,0.9,0.9,name_postcode,2026-08-11,0
13772989,1,2,2,0.9,0.9,name_postcode,2026-08-11,0
13776589,1,1,1,0.9,0.9,name_postcode,2026-08-11,0
13777738,1,1,2,0.9,0.9,name_postcode,2026-08-11,0
13779822,1,1,4,0.9,0.9,name_postcode,2026-08-11,0
13782707,1,1,1,0.9,0.9,name_postcode,2026-08-11,0
13783719,1,2,2,0.9,0.9,name_postcode,2026-08-11,0
13785262,1,1,1,0.9,0.9,name_postcode,2026-08-11,0
13786329,1,1,3,0.9,0.9,name_postcode,2026-08-11,0
13786605,1,1,1,0.9,0.9,name_postcode,2026-08-11,0
13786991,1,1,3,0.9,0.9,name_postcode,2026-08-11,0
13789717,1,1,3,0.9,0.9,name_postcode,2026-08-11,0
13790047,1,1,1,0.9,0.9,name_postcode,2026-08-11,0
13790864,1,1,1,0.8,0.8,name_postcode_area,2026-08-11,0
13793351,1,1,6,0.9,0.9,name_postcode,2026-08-11,0
13793676,1,1,1,0.9,0.9,name_postcode,2026-08-11,0
13795281,1,1,1,0.9,0.9,name_postcode,2026-08-11,0
13795409,1,1,1,0.9,0.9,name_postcode,2026-08-11,0
13795952,1,1,0,0.9,0.9,name_postcode,2026-08-11,0
13799004,1,1,1,0.9,0.9,name_postcode,2026-08-11,0
13799654,1,1,1,0.9,0.9,name_postcode,2026-08-11,0
13800348,1,1,2,0.9,0.9,name_postcode,2026-08-11,0
13800806,1,1,1,0.8,0.8,name_postcode_area,2026-08-11,0
13801109,1,1,2,0.9,0.9,name_postcode,2026-08-11,0
13801345,1,1,1,0.9,0.9,name_postcode,2026-08-11,0
13801399,1,1,1,0.9,0.9,name_postcode,2026-08-11,0
13802527,1,1,3,0.9,0.9,name_postcode,2026-08-11,0
13810202,1,1,1,0.9,0.9,name_postcode,2026-08-11,0
13811760,1,1,1,0.9,0.9,name_postcode,2026-08-11,0
13812136,1,1,1,0.9,0.9,name_postcode,2026-08-11,0
13812760,1,1,2,0.9,0.9,name_postcode,2026-08-11,0
13813408,1,1,2,0.9,0.9,name_postcode,2026-08-11,0
13815635,1,1,2,0.9,0.9,name_postcode,2026-08-11,0
13815647,1,1,1,0.9,0.9,name_postcode,2026-08-11,0
13818251,1,1,1,0.9,0.9,name_postcode,2026-08-11,0
13819517,1,1,1,0.9,0.9,name_postcode,2026-08-11,0
13819542,1,1,3,0.9,0.9,name_postcode,2026-08-11,0
13823342,1,1,0,0.9,0.9,name_postcode,2026-08-11,0
13823438,1,1,0,0.9,0.9,name_postcode,2026-08-11,0
13824615,1,1,1,0.9,0.9,name_postcode,2026-08-11,0
13825470,1,1,3,0.9,0.9,name_postcode,2026-08-11,0
13826151,1,1,3,0.9,0.9,name_postcode,2026-08-11,0
13829001,1,1,1,0.9,0.9,name_postcode,2026-08-11,0
13829613,1,1,1,0.9,0.9,name_postcode,2026-08-11,0
13832495,1,1,1,0.9,0.9,name_postcode,2026-08-11,0
13833775,1,1,2,0.9,0.9,name_postcode,2026-08-11,0
13834702,1,1,1,0.9,0.9,name_postcode,2026-08-11,0
13835452,1,1,5,0.9,0.9,name_postcode,2026-08-11,0
13836717,1,1,1,0.9,0.9,name_postcode,2026-08-11,0
13840221,1,1,1,0.9,0.9,name_postcode,2026-08-11,0
13840885,1,1,4,0.8,0.8,name_postcode_area,2026-08-11,0
13841074,1,1,1,0.9,0.9,name_postcode,2026-08-11,0
13843491,1,1,1,0.9,0.9,name_postcode,2026-08-11,0
13843493,1,1,2,0.9,0.9,name_postcode,2026-08-11,0
13843623,1,1,3,0.9,0.9,name_postcode,2026-08-11,0
13843821,1,1,1,0.9,0.9,name_postcode,2026-08-11,0
13847379,1,1,1,0.9,0.9,name_postcode,2026-08-11,0
13847810,1,1,2,0.9,0.9,name_postcode,2026-08-11,0
13850195,1,1,1,0.9,0.9,name_postcode,2026-08-11,0
13852304,1,1,1,0.9,0.9,name_postcode,2026-08-11,0
13856372,1,1,1,0.9,0.9,name_postcode,2026-08-11,0
13858199,1,1,1,0.9,0.9,name_postcode,2026-08-11,0
13859215,1,1,1,0.9,0.9,name_postcode,2026-08-11,0
13863314,1,1,3,0.9,0.9,name_postcode,2026-08-11,0
13863731,1,1,1,0.9,0.9,name_postcode,2026-08-11,0
13866538,1,1,1,0.9,0.9,name_postcode,2026-08-11,0
13867720,1,1,1,0.9,0.9,name_postcode,2026-08-11,0
13868343,1,1,1,0.9,0.9,name_postcode,2026-08-11,0
13870907,1,1,1,0.9,0.9,name_postcode,2026-08-11,0
13871317,1,1,1,0.9,0.9,name_postcode,2026-08-11,0
13876395,1,2,3,0.9,0.8,name_postcode|name_postcode_area,2026-08-11,0
13878831,1,1,4,0.9,0.9,name_postcode,2026-08-11,0
13882550,1,1,2,0.9,0.9,name_postcode,2026-08-11,0
13882589,1,3,8,0.9,0.8,name_postcode|name_postcode_area,2026-08-11,0
13883809,1,1,1,0.9,0.9,name_postcode,2026-08-11,0
13884325,1,1,1,0.8,0.8,name_postcode_area,2026-08-11,0
13884385,1,1,1,0.9,0.9,name_postcode,2026-08-11,0
13886983,1,1,1,0.9,0.9,name_postcode,2026-08-11,0
13888126,1,1,4,0.9,0.9,name_postcode,2026-08-11,0
13891248,1,1,3,0.9,0.9,name_postcode,2026-08-11,0
13893336,1,1,2,0.9,0.9,name_postcode,2026-08-11,0
13893391,1,1,1,0.9,0.9,name_postcode,2026-08-11,0
13893522,1,1,1,0.9,0.9,name_postcode,2026-08-11,0
13894056,1,1,1,0.9,0.9,name_postcode,2026-08-11,0
13894212,1,1,1,0.9,0.9,name_postcode,2026-08-11,0
13897761,1,1,3,0.9,0.9,name_postcode,2026-08-11,0
13897778,1,1,1,0.9,0.9,name_postcode,2026-08-11,0
13898753,1,1,4,0.9,0.9,name_postcode,2026-08-11,0
13902978,1,1,2,0.9,0.9,name_postcode,2026-08-11,0
13903771,1,1,1,0.9,0.9,name_postcode,2026-08-11,0
13903842,1,1,1,0.8,0.8,name_postcode_area,2026-08-11,0
13904894,1,1,0,0.9,0.9,name_postcode,2026-08-11,0
13910732,1,1,1,0.9,0.9,name_postcode,2026-08-11,0
13913169,1,1,1,0.9,0.9,name_postcode,2026-08-11,0
13913886,1,1,1,0.9,0.9,name_postcode,2026-08-11,0
13914625,1,1,7,0.9,0.9,name_postcode,2026-08-11,0
13915321,1,1,5,0.9,0.9,name_postcode,2026-08-11,0
13919322,1,1,0,0.9,0.9,name_postcode,2026-08-11,0
13925044,1,1,1,0.9,0.9,name_postcode,2026-08-11,0
13925592,1,1,3,0.9,0.9,name_postcode,2026-08-11,0
13926295,1,1,2,0.9,0.9,name_postcode,2026-08-11,0
13927566,1,1,1,0.9,0.9,name_postcode,2026-08-11,0
13929580,1,1,3,0.9,0.9,name_postcode,2026-08-11,0
13929912,1,1,1,0.9,0.9,name_postcode,2026-08-11,0
13930309,1,2,2,0.9,0.9,name_postcode,2026-08-11,0
13933405,1,1,1,0.9,0.9,name_postcode,2026-08-11,0
13934449,1,1,4,0.9,0.9,name_postcode,2026-08-11,0
13935436,1,1,1,0.9,0.9,name_postcode,2026-08-11,0
13935705,1,1,0,0.8,0.8,name_postcode_area,2026-08-11,0
13938493,1,1,1,0.9,0.9,name_postcode,2026-08-11,0
13940230,1,1,1,0.9,0.9,name_postcode,2026-08-11,0
13943032,1,1,1,0.9,0.9,name_postcode,2026-08-11,0
13945345,1,2,5,0.9,0.9,name_postcode,2026-08-11,0
13949000,1,1,3,0.9,0.9,name_postcode,2026-08-11,0
13949418,1,1,1,0.9,0.9,name_postcode,2026-08-11,0
13949988,1,1,1,0.9,0.9,name_postcode,2026-08-11,0
13952845,1,1,1,0.9,0.9,name_postcode,2026-08-11,0
13952962,1,1,1,0.9,0.9,name_postcode,2026-08-11,0
13953189,1,1,0,0.9,0.9,name_postcode,2026-08-11,0
13954193,1,1,0,0.8,0.8,name_postcode_area,2026-08-11,0
13955541,1,1,1,0.9,0.9,name_postcode,2026-08-11,0
13956397,1,1,2,0.9,0.9,name_postcode,2026-08-11,0
13957693,1,1,0,0.9,0.9,name_postcode,2026-08-11,0
13961081,1,1,1,0.9,0.9,name_postcode,2026-08-11,0
13964936,1,1,1,0.9,0.9,name_postcode,2026-08-11,0
13964988,1,2,6,0.9,0.9,name_postcode,2026-08-11,0
13966298,1,1,1,0.9,0.9,name_postcode,2026-08-11,0
13967922,1,1,2,0.9,0.9,name_postcode,2026-08-11,0
13968365,1,1,1,0.9,0.9,name_postcode,2026-08-11,0
13969253,1,1,2,0.9,0.9,name_postcode,2026-08-11,0
13969276,1,1,1,0.9,0.9,name_postcode,2026-08-11,0
13969324,1,1,3,0.9,0.9,name_postcode,2026-08-11,0
13971892,1,1,0,0.9,0.9,name_postcode,2026-08-11,0
13977071,1,1,1,0.9,0.9,name_postcode,2026-08-11,0
13980434,1,1,0,0.9,0.9,name_postcode,2026-08-11,0
13981853,1,1,1,0.9,0.9,name_postcode,2026-08-11,0
13985423,1,1,3,0.9,0.9,name_postcode,2026-08-11,0
13986142,1,1,1,0.9,0.9,name_postcode,2026-08-11,0
13988970,1,1,1,0.9,0.9,name_postcode,2026-08-11,0
13991575,1,1,1,0.9,0.9,name_postcode,2026-08-11,0
13992241,1,1,1,0.9,0.9,name_postcode,2026-08-11,0
13994085,1,1,1,0.9,0.9,name_postcode,2026-08-11,0
13998437,1,1,1,0.9,0.9,name_postcode,2026-08-11,0
13998973,1,1,0,0.9,0.9,name_postcode,2026-08-11,0
14000781,1,1,1,0.9,0.9,name_postcode,2026-08-11,0
14001374,1,1,1,0.9,0.9,name_postcode,2026-08-11,0
14003168,1,1,1,0.9,0.9,name_postcode,2026-08-11,0
14005794,1,1,1,0.9,0.9,name_postcode,2026-08-11,0
14007550,1,1,1,0.9,0.9,name_postcode,2026-08-11,0
14009406,1,1,1,0.9,0.9,name_postcode,2026-08-11,0
14011486,1,1,1,0.9,0.9,name_postcode,2026-08-11,0
14013390,1,1,1,0.9,0.9,name_postcode,2026-08-11,0
14016378,1,1,1,0.9,0.9,name_postcode,2026-08-11,0
14016757,1,1,1,0.9,0.9,name_postcode,2026-08-11,0
14016940,1,1,1,0.9,0.9,name_postcode,2026-08-11,0
14020238,1,1,0,0.9,0.9,name_postcode,2026-08-11,0
14020442,1,1,1,0.9,0.9,name_postcode,2026-08-11,0
14023744,1,1,0,0.9,0.9,name_postcode,2026-08-11,0
14027191,1,1,2,0.9,0.9,name_postcode,2026-08-11,0
14027651,1,1,1,0.9,0.9,name_postcode,2026-08-11,0
14028479,1,1,3,0.9,0.9,name_postcode,2026-08-11,0
14029807,1,1,5,0.9,0.9,name_postcode,2026-08-11,0
14032169,1,1,3,0.8,0.8,name_postcode_area,2026-08-11,0
14035808,1,1,1,0.8,0.8,name_postcode_area,2026-08-11,0
14036141,1,1,1,0.9,0.9,name_postcode,2026-08-11,0
14036321,1,1,1,0.9,0.9,name_postcode,2026-08-11,0
14036504,1,1,1,0.9,0.9,name_postcode,2026-08-11,0
14036525,1,1,2,0.9,0.9,name_postcode,2026-08-11,0
14036557,1,1,5,0.9,0.9,name_postcode,2026-08-11,0
14037511,1,1,2,0.9,0.9,name_postcode,2026-08-11,0
14037534,1,1,1,0.9,0.9,name_postcode,2026-08-11,0
14037742,1,1,2,0.9,0.9,name_postcode,2026-08-11,0
14037836,1,1,0,0.9,0.9,name_postcode,2026-08-11,0
14039641,1,1,0,0.9,0.9,name_postcode,2026-08-11,0
14039810,1,1,3,0.9,0.9,name_postcode,2026-08-11,0
14041239,1,2,1,0.9,0.9,name_postcode,2026-08-11,0
14041502,1,1,2,0.9,0.9,name_postcode,2026-08-11,0
14041579,1,1,2,0.9,0.9,name_postcode,2026-08-11,0
14042076,1,1,2,0.9,0.9,name_postcode,2026-08-11,0
14042733,1,1,1,0.9,0.9,name_postcode,2026-08-11,0
14047962,1,1,1,0.9,0.9,name_postcode,2026-08-11,0
14049040,1,1,3,0.9,0.9,name_postcode,2026-08-11,0
14052604,1,1,2,0.9,0.9,name_postcode,2026-08-11,0
14054710,1,1,3,0.9,0.9,name_postcode,2026-08-11,0
14055935,1,1,1,0.9,0.9,name_postcode,2026-08-11,0
14057125,1,1,1,0.8,0.8,name_postcode_area,2026-08-11,0
14062362,1,1,1,0.9,0.9,name_postcode,2026-08-11,0
14062679,1,1,1,0.9,0.9,name_postcode,2026-08-11,0
14065346,1,1,1,0.9,0.9,name_postcode,2026-08-11,0
14070426,1,1,1,0.9,0.9,name_postcode,2026-08-11,0
14071371,1,1,1,0.9,0.9,name_postcode,2026-08-11,0
14071792,1,1,1,0.9,0.9,name_postcode,2026-08-11,0
14073226,1,1,1,0.9,0.9,name_postcode,2026-08-11,0
14074425,1,1,2,0.9,0.9,name_postcode,2026-08-11,0
14077087,1,1,2,0.9,0.9,name_postcode,2026-08-11,0
14078092,1,1,0,0.9,0.9,name_postcode,2026-08-11,0
14079035,1,1,1,0.9,0.9,name_postcode,2026-08-11,0
14084389,1,1,0,0.9,0.9,name_postcode,2026-08-11,0
14084437,1,1,1,0.9,0.9,name_postcode,2026-08-11,0
14084479,1,1,1,0.9,0.9,name_postcode,2026-08-11,0
14084841,1,1,2,0.9,0.9,name_postcode,2026-08-11,0
14085111,1,1,2,0.9,0.9,name_postcode,2026-08-11,0
14085512,1,1,1,0.9,0.9,name_postcode,2026-08-11,0
14086427,1,1,0,0.9,0.9,name_postcode,2026-08-11,0
14090776,1,1,1,0.9,0.9,name_postcode,2026-08-11,0
14091137,1,1,1,0.8,0.8,name_postcode_area,2026-08-11,0
14096441,1,1,1,0.9,0.9,name_postcode,2026-08-11,0
14100097,1,1,1,0.9,0.9,name_postcode,2026-08-11,0
14106014,1,1,1,0.9,0.9,name_postcode,2026-08-11,0
14106705,1,1,1,0.9,0.9,name_postcode,2026-08-11,0
14108795,1,1,1,0.9,0.9,name_postcode,2026-08-11,0
14110252,1,1,1,0.9,0.9,name_postcode,2026-08-11,0
14111140,1,1,3,0.9,0.9,name_postcode,2026-08-11,0
14114625,1,1,0,0.9,0.9,name_postcode,2026-08-11,0
14115095,1,2,5,0.9,0.9,name_postcode,2026-08-11,0
14116272,1,1,1,0.9,0.9,name_postcode,2026-08-11,0
14118122,1,1,1,0.9,0.9,name_postcode,2026-08-11,0
14118343,1,1,1,0.9,0.9,name_postcode,2026-08-11,0
14119982,1,1,1,0.9,0.9,name_postcode,2026-08-11,0
14120836,1,1,1,0.9,0.9,name_postcode,2026-08-11,0
14121226,1,1,1,0.9,0.9,name_postcode,2026-08-11,0
14122229,1,1,2,0.9,0.9,name_postcode,2026-08-11,0
14128957,1,1,1,0.9,0.9,name_postcode,2026-08-11,0
14129121,1,1,1,0.9,0.9,name_postcode,2026-08-11,0
14132730,1,1,1,0.9,0.9,name_postcode,2026-08-11,0
14133203,1,1,1,0.9,0.9,name_postcode,2026-08-11,0
14134200,1,1,1,0.9,0.9,name_postcode,2026-08-11,0
14136615,1,1,2,0.9,0.9,name_postcode,2026-08-11,0
14137736,1,1,1,0.9,0.9,name_postcode,2026-08-11,0
14143776,1,1,0,0.9,0.9,name_postcode,2026-08-11,0
14149322,1,1,3,0.9,0.9,name_postcode,2026-08-11,0
14150518,1,1,2,0.9,0.9,name_postcode,2026-08-11,0
14150840,1,1,1,0.9,0.9,name_postcode,2026-08-11,0
14152833,1,1,1,0.9,0.9,name_postcode,2026-08-11,0
14153205,1,1,1,0.9,0.9,name_postcode,2026-08-11,0
14153525,1,1,1,0.9,0.9,name_postcode,2026-08-11,0
14154914,1,1,5,0.9,0.9,name_postcode,2026-08-11,0
14155723,1,1,5,0.9,0.9,name_postcode,2026-08-11,0
14156938,1,1,1,0.9,0.9,name_postcode,2026-08-11,0
14157904,1,1,1,0.9,0.9,name_postcode,2026-08-11,0
14162293,1,1,0,0.9,0.9,name_postcode,2026-08-11,0
14167267,1,1,7,0.9,0.9,name_postcode,2026-08-11,0
14170323,1,1,2,0.9,0.9,name_postcode,2026-08-11,0
14171122,1,1,3,0.9,0.9,name_postcode,2026-08-11,0
14176309,1,1,1,0.8,0.8,name_postcode_area,2026-08-11,0
14177454,1,1,1,0.9,0.9,name_postcode,2026-08-11,0
14179964,1,1,1,0.9,0.9,name_postcode,2026-08-11,0
14182892,1,1,1,0.9,0.9,name_postcode,2026-08-11,0
14183419,1,1,2,0.9,0.9,name_postcode,2026-08-11,0
14184252,1,1,1,0.9,0.9,name_postcode,2026-08-11,0
14184338,1,1,1,0.9,0.9,name_postcode,2026-08-11,0
14185134,1,1,3,0.9,0.9,name_postcode,2026-08-11,0
14185421,1,1,1,0.9,0.9,name_postcode,2026-08-11,0
14188580,1,1,0,0.9,0.9,name_postcode,2026-08-11,0
14190222,1,2,4,0.9,0.9,name_postcode,2026-08-11,0
14190803,1,1,3,0.8,0.8,name_postcode_area,2026-08-11,0
14191478,1,1,2,0.9,0.9,name_postcode,2026-08-11,0
14195515,1,1,1,0.9,0.9,name_postcode,2026-08-11,0
14195921,1,1,1,0.9,0.9,name_postcode,2026-08-11,0
14196358,1,1,1,0.9,0.9,name_postcode,2026-08-11,0
14197889,1,1,1,0.9,0.9,name_postcode,2026-08-11,0
14200910,1,1,1,0.9,0.9,name_postcode,2026-08-11,0
14201908,1,1,1,0.9,0.9,name_postcode,2026-08-11,0
14203032,1,1,1,0.9,0.9,name_postcode,2026-08-11,0
14206317,1,1,1,0.9,0.9,name_postcode,2026-08-11,0
14206561,1,1,1,0.9,0.9,name_postcode,2026-08-11,0
14207491,1,1,1,0.9,0.9,name_postcode,2026-08-11,0
14208983,1,1,1,0.9,0.9,name_postcode,2026-08-11,0
14209572,1,1,1,0.9,0.9,name_postcode,2026-08-11,0
14209776,1,1,1,0.9,0.9,name_postcode,2026-08-11,0
14209923,1,1,2,0.9,0.9,name_postcode,2026-08-11,0
14211926,1,1,2,0.9,0.9,name_postcode,2026-08-11,0
14211929,1,1,5,0.9,0.9,name_postcode,2026-08-11,0
14214272,1,1,4,0.9,0.9,name_postcode,2026-08-11,0
14215709,1,1,1,0.9,0.9,name_postcode,2026-08-11,0
14215756,1,1,4,0.9,0.9,name_postcode,2026-08-11,0
14216120,1,1,1,0.9,0.9,name_postcode,2026-08-11,0
14216779,1,1,0,0.9,0.9,name_postcode,2026-08-11,0
14216838,1,1,0,0.9,0.9,name_postcode,2026-08-11,0
14219698,1,1,1,0.9,0.9,name_postcode,2026-08-11,0
14221009,1,1,1,0.9,0.9,name_postcode,2026-08-11,0
14222180,1,1,2,0.9,0.9,name_postcode,2026-08-11,0
14223635,1,1,0,0.9,0.9,name_postcode,2026-08-11,0
14227274,1,1,2,0.9,0.9,name_postcode,2026-08-11,0
14227883,1,1,1,0.9,0.9,name_postcode,2026-08-11,0
14228331,1,1,3,0.9,0.9,name_postcode,2026-08-11,0
14231045,1,1,1,0.9,0.9,name_postcode,2026-08-11,0
14231510,1,1,1,0.9,0.9,name_postcode,2026-08-11,0
14231822,1,1,2,0.9,0.9,name_postcode,2026-08-11,0
14232164,1,1,3,0.9,0.9,name_postcode,2026-08-11,0
14232421,1,1,3,0.9,0.9,name_postcode,2026-08-11,0
14235216,1,1,4,0.9,0.9,name_postcode,2026-08-11,0
14236436,1,1,0,0.9,0.9,name_postcode,2026-08-11,0
14236573,1,1,1,0.9,0.9,name_postcode,2026-08-11,0
14237170,1,1,1,0.9,0.9,name_postcode,2026-08-11,0
14238375,1,1,0,0.9,0.9,name_postcode,2026-08-11,0
14238859,1,1,1,0.9,0.9,name_postcode,2026-08-11,0
14240177,1,1,1,0.9,0.9,name_postcode,2026-08-11,0
14241231,1,1,1,0.9,0.9,name_postcode,2026-08-11,0
14246386,1,1,2,0.9,0.9,name_postcode,2026-08-11,0
14246626,1,1,1,0.9,0.9,name_postcode,2026-08-11,0
14247156,1,1,4,0.9,0.9,name_postcode,2026-08-11,0
14248472,1,1,2,0.9,0.9,name_postcode,2026-08-11,0
14249016,1,1,1,0.9,0.9,name_postcode,2026-08-11,0
14249628,1,1,2,0.9,0.9,name_postcode,2026-08-11,0
14250321,1,1,2,0.9,0.9,name_postcode,2026-08-11,0
14251369,1,1,1,0.9,0.9,name_postcode,2026-08-11,0
14251500,1,1,1,0.9,0.9,name_postcode,2026-08-11,0
14251750,1,1,2,0.9,0.9,name_postcode,2026-08-11,0
14251802,1,1,1,0.9,0.9,name_postcode,2026-08-11,0
14252235,1,1,0,0.9,0.9,name_postcode,2026-08-11,0
14253077,1,1,1,0.9,0.9,name_postcode,2026-08-11,0
14253407,1,1,2,0.9,0.9,name_postcode,2026-08-11,0
14253529,1,1,2,0.9,0.9,name_postcode,2026-08-11,0
14253724,1,1,1,0.9,0.9,name_postcode,2026-08-11,0
14254477,1,1,1,0.9,0.9,name_postcode,2026-08-11,0
14257063,1,1,1,0.9,0.9,name_postcode,2026-08-11,0
14257071,1,1,1,0.9,0.9,name_postcode,2026-08-11,0
14258554,1,1,1,0.9,0.9,name_postcode,2026-08-11,0
14259696,1,1,3,0.9,0.9,name_postcode,2026-08-11,0
14260334,1,1,0,0.9,0.9,name_postcode,2026-08-11,0
14263453,1,1,2,0.9,0.9,name_postcode,2026-08-11,0
14263992,1,1,1,0.9,0.9,name_postcode,2026-08-11,0
14267273,1,1,2,0.9,0.9,name_postcode,2026-08-11,0
14270030,1,1,1,0.9,0.9,name_postcode,2026-08-11,0
14270461,1,1,1,0.9,0.9,name_postcode,2026-08-11,0
14273675,1,1,0,0.9,0.9,name_postcode,2026-08-11,0
14274174,1,1,1,0.9,0.9,name_postcode,2026-08-11,0
14274305,1,1,1,0.9,0.9,name_postcode,2026-08-11,0
14276064,1,1,6,0.9,0.9,name_postcode,2026-08-11,0
14277353,1,1,2,0.9,0.9,name_postcode,2026-08-11,0
14285565,1,2,2,0.9,0.9,name_postcode,2026-08-11,0
14289165,1,1,4,0.9,0.9,name_postcode,2026-08-11,0
14298401,1,1,1,0.9,0.9,name_postcode,2026-08-11,0
14298641,1,1,2,0.9,0.9,name_postcode,2026-08-11,0
14299393,1,1,1,0.9,0.9,name_postcode,2026-08-11,0
14301037,1,1,1,0.9,0.9,name_postcode,2026-08-11,0
14303573,1,1,1,0.8,0.8,name_postcode_area,2026-08-11,0
14309689,1,1,0,0.8,0.8,name_postcode_area,2026-08-11,0
14311624,1,1,0,0.9,0.9,name_postcode,2026-08-11,0
14314031,1,1,1,0.9,0.9,name_postcode,2026-08-11,0
14314474,1,1,1,0.9,0.9,name_postcode,2026-08-11,0
14316489,1,1,2,0.8,0.8,name_postcode_area,2026-08-11,0
14316882,1,1,1,0.9,0.9,name_postcode,2026-08-11,0
14318055,1,1,1,0.9,0.9,name_postcode,2026-08-11,0
14319756,1,1,0,0.9,0.9,name_postcode,2026-08-11,0
14320192,1,1,2,0.9,0.9,name_postcode,2026-08-11,0
14320756,1,1,1,0.9,0.9,name_postcode,2026-08-11,0
14322695,1,1,1,0.9,0.9,name_postcode,2026-08-11,0
14323597,1,1,1,0.9,0.9,name_postcode,2026-08-11,0
14323767,1,1,1,0.9,0.9,name_postcode,2026-08-11,0
14325662,1,1,1,0.9,0.9,name_postcode,2026-08-11,0
14325873,1,1,1,0.9,0.9,name_postcode,2026-08-11,0
14326106,1,1,1,0.9,0.9,name_postcode,2026-08-11,0
14326323,1,1,3,0.9,0.9,name_postcode,2026-08-11,0
14329684,1,1,1,0.9,0.9,name_postcode,2026-08-11,0
14332533,1,2,5,0.9,0.9,name_postcode,2026-08-11,0
14336996,1,1,2,0.9,0.9,name_postcode,2026-08-11,0
14338940,1,1,1,0.9,0.9,name_postcode,2026-08-11,0
14342157,1,1,1,0.9,0.9,name_postcode,2026-08-11,0
14344385,1,1,1,0.8,0.8,name_postcode_area,2026-08-11,0
14348062,1,1,1,0.9,0.9,name_postcode,2026-08-11,0
14348766,1,1,2,0.9,0.9,name_postcode,2026-08-11,0
14353280,1,1,1,0.9,0.9,name_postcode,2026-08-11,0
14353896,1,1,4,0.9,0.9,name_postcode,2026-08-11,0
14356290,1,1,0,0.9,0.9,name_postcode,2026-08-11,0
14357455,1,1,2,0.9,0.9,name_postcode,2026-08-11,0
14358833,1,1,1,0.9,0.9,name_postcode,2026-08-11,0
14361453,1,1,1,0.9,0.9,name_postcode,2026-08-11,0
14364746,1,1,1,0.9,0.9,name_postcode,2026-08-11,0
14368524,1,1,1,0.9,0.9,name_postcode,2026-08-11,0
14370214,1,1,1,0.9,0.9,name_postcode,2026-08-11,0
14370221,1,1,6,0.9,0.9,name_postcode,2026-08-11,0
14373684,1,1,1,0.9,0.9,name_postcode,2026-08-11,0
14374801,1,1,1,0.9,0.9,name_postcode,2026-08-11,0
14376116,1,1,0,0.9,0.9,name_postcode,2026-08-11,0
14377339,1,1,5,0.9,0.9,name_postcode,2026-08-11,0
14380703,1,1,1,0.9,0.9,name_postcode,2026-08-11,0
14383943,1,1,4,0.9,0.9,name_postcode,2026-08-11,0
14384357,1,1,1,0.9,0.9,name_postcode,2026-08-11,0
14384586,1,1,1,0.9,0.9,name_postcode,2026-08-11,0
14384659,1,1,1,0.9,0.9,name_postcode,2026-08-11,0
14384819,1,1,1,0.9,0.9,name_postcode,2026-08-11,0
14388644,1,1,4,0.9,0.9,name_postcode,2026-08-11,0
14388773,1,1,2,0.9,0.9,name_postcode,2026-08-11,0
14390309,1,1,1,0.9,0.9,name_postcode,2026-08-11,0
14391920,1,1,2,0.9,0.9,name_postcode,2026-08-11,0
14395823,1,1,1,0.9,0.9,name_postcode,2026-08-11,0
14405209,1,1,3,0.9,0.9,name_postcode,2026-08-11,0
14405265,1,1,3,0.9,0.9,name_postcode,2026-08-11,0
14406166,1,1,4,0.9,0.9,name_postcode,2026-08-11,0
14406511,1,1,1,0.9,0.9,name_postcode,2026-08-11,0
14406810,1,2,2,0.9,0.9,name_postcode,2026-08-11,0
14406974,1,1,1,0.9,0.9,name_postcode,2026-08-11,0
14407200,1,1,3,0.9,0.9,name_postcode,2026-08-11,0
14407421,1,1,2,0.9,0.9,name_postcode,2026-08-11,0
14407933,1,1,1,0.9,0.9,name_postcode,2026-08-11,0
14408612,1,1,1,0.9,0.9,name_postcode,2026-08-11,0
14410716,1,1,3,0.9,0.9,name_postcode,2026-08-11,0
14410849,1,1,1,0.9,0.9,name_postcode,2026-08-11,0
14413005,1,1,2,0.9,0.9,name_postcode,2026-08-11,0
14416796,1,1,1,0.9,0.9,name_postcode,2026-08-11,0
14417303,1,1,1,0.9,0.9,name_postcode,2026-08-11,0
14420680,1,1,0,0.9,0.9,name_postcode,2026-08-11,0
14421224,1,1,1,0.9,0.9,name_postcode,2026-08-11,0
14423020,1,1,1,0.9,0.9,name_postcode,2026-08-11,0
14425695,1,1,1,0.9,0.9,name_postcode,2026-08-11,0
14426335,1,1,1,0.9,0.9,name_postcode,2026-08-11,0
14427776,1,1,3,0.9,0.9,name_postcode,2026-08-11,0
14429681,1,1,1,0.9,0.9,name_postcode,2026-08-11,0
14432405,1,1,1,0.9,0.9,name_postcode,2026-08-11,0
14434660,1,1,1,0.9,0.9,name_postcode,2026-08-11,0
14435823,1,1,1,0.9,0.9,name_postcode,2026-08-11,0
14436900,1,1,1,0.9,0.9,name_postcode,2026-08-11,0
14436935,1,1,1,0.9,0.9,name_postcode,2026-08-11,0
14437409,1,1,1,0.9,0.9,name_postcode,2026-08-11,0
14437525,1,1,1,0.9,0.9,name_postcode,2026-08-11,0
14438750,1,1,1,0.9,0.9,name_postcode,2026-08-11,0
14444850,1,1,1,0.9,0.9,name_postcode,2026-08-11,0
14446944,1,1,1,0.9,0.9,name_postcode,2026-08-11,0
14447549,1,1,3,0.9,0.9,name_postcode,2026-08-11,0
14449315,1,1,1,0.9,0.9,name_postcode,2026-08-11,0
14449916,1,1,1,0.9,0.9,name_postcode,2026-08-11,0
14455963,1,1,1,0.9,0.9,name_postcode,2026-08-11,0
14456004,1,1,1,0.9,0.9,name_postcode,2026-08-11,0
14458277,1,1,1,0.9,0.9,name_postcode,2026-08-11,0
14458748,1,1,2,0.9,0.9,name_postcode,2026-08-11,0
14460013,1,1,1,0.9,0.9,name_postcode,2026-08-11,0
14462700,1,1,1,0.9,0.9,name_postcode,2026-08-11,0
14466482,1,1,1,0.9,0.9,name_postcode,2026-08-11,0
14467335,1,1,1,0.9,0.9,name_postcode,2026-08-11,0
14470952,1,1,1,0.9,0.9,name_postcode,2026-08-11,0
14473615,1,1,1,0.9,0.9,name_postcode,2026-08-11,0
14474902,1,1,1,0.9,0.9,name_postcode,2026-08-11,0
14483760,1,1,1,0.9,0.9,name_postcode,2026-08-11,0
14483824,1,1,1,0.9,0.9,name_postcode,2026-08-11,0
14485439,1,1,1,0.8,0.8,name_postcode_area,2026-08-11,0
14486263,1,1,1,0.9,0.9,name_postcode,2026-08-11,0
14493157,1,1,1,0.9,0.9,name_postcode,2026-08-11,0
14494940,1,1,1,0.9,0.9,name_postcode,2026-08-11,0
14495301,1,1,1,0.9,0.9,name_postcode,2026-08-11,0
14499960,1,1,1,0.9,0.9,name_postcode,2026-08-11,0
14503907,1,1,1,0.9,0.9,name_postcode,2026-08-11,0
14504916,1,1,3,0.9,0.9,name_postcode,2026-08-11,0
14507390,1,1,2,0.9,0.9,name_postcode,2026-08-11,0
14513490,1,1,7,0.9,0.9,name_postcode,2026-08-11,0
14513672,1,1,0,0.9,0.9,name_postcode,2026-08-11,0
14515954,1,1,1,0.9,0.9,name_postcode,2026-08-11,0
14516327,1,1,3,0.9,0.9,name_postcode,2026-08-11,0
14516343,1,1,1,0.9,0.9,name_postcode,2026-08-11,0
14518312,1,1,1,0.9,0.9,name_postcode,2026-08-11,0
14518832,1,1,0,0.9,0.9,name_postcode,2026-08-11,0
14518989,1,1,2,0.9,0.9,name_postcode,2026-08-11,0
14520185,1,1,1,0.9,0.9,name_postcode,2026-08-11,0
14520291,1,1,1,0.9,0.9,name_postcode,2026-08-11,0
14520867,1,1,1,0.9,0.9,name_postcode,2026-08-11,0
14524088,1,1,3,0.9,0.9,name_postcode,2026-08-11,0
14527342,1,1,0,0.9,0.9,name_postcode,2026-08-11,0
14527962,1,1,1,0.9,0.9,name_postcode,2026-08-11,0
14529141,1,1,1,0.9,0.9,name_postcode,2026-08-11,0
14531389,1,1,2,0.9,0.9,name_postcode,2026-08-11,0
14534649,1,1,1,0.9,0.9,name_postcode,2026-08-11,0
14536420,1,1,2,0.9,0.9,name_postcode,2026-08-11,0
14539656,1,1,4,0.9,0.9,name_postcode,2026-08-11,0
14540124,1,1,0,0.9,0.9,name_postcode,2026-08-11,0
14541299,1,1,2,0.9,0.9,name_postcode,2026-08-11,0
14545185,1,1,2,0.9,0.9,name_postcode,2026-08-11,0
14545614,1,1,1,0.9,0.9,name_postcode,2026-08-11,0
14546076,1,1,6,0.9,0.9,name_postcode,2026-08-11,0
14550281,1,1,1,0.9,0.9,name_postcode,2026-08-11,0
14551793,1,1,1,0.9,0.9,name_postcode,2026-08-11,0
14552565,1,1,7,0.9,0.9,name_postcode,2026-08-11,0
14553907,1,1,1,0.9,0.9,name_postcode,2026-08-11,0
14554579,1,1,2,0.9,0.9,name_postcode,2026-08-11,0
14555913,1,1,3,0.9,0.9,name_postcode,2026-08-11,0
14565091,1,1,2,0.9,0.9,name_postcode,2026-08-11,0
14568297,1,1,2,0.9,0.9,name_postcode,2026-08-11,0
14569963,1,1,0,0.9,0.9,name_postcode,2026-08-11,0
14570128,1,1,3,0.9,0.9,name_postcode,2026-08-11,0
14574182,1,1,1,0.8,0.8,name_postcode_area,2026-08-11,0
14574842,1,1,1,0.9,0.9,name_postcode,2026-08-11,0
14577546,1,1,5,0.9,0.9,name_postcode,2026-08-11,0
14578617,1,1,3,0.9,0.9,name_postcode,2026-08-11,0
14579576,1,1,1,0.9,0.9,name_postcode,2026-08-11,0
14579911,1,1,2,0.9,0.9,name_postcode,2026-08-11,0
14580042,1,1,1,0.9,0.9,name_postcode,2026-08-11,0
14582453,1,1,1,0.9,0.9,name_postcode,2026-08-11,0
14582726,1,1,1,0.9,0.9,name_postcode,2026-08-11,0
14584977,1,1,1,0.9,0.9,name_postcode,2026-08-11,0
14585018,1,1,1,0.9,0.9,name_postcode,2026-08-11,0
14586327,1,1,2,0.9,0.9,name_postcode,2026-08-11,0
14588523,1,1,1,0.9,0.9,name_postcode,2026-08-11,0
14590061,1,1,1,0.9,0.9,name_postcode,2026-08-11,0
14590483,1,1,1,0.9,0.9,name_postcode,2026-08-11,0
14591466,1,1,2,0.9,0.9,name_postcode,2026-08-11,0
14591813,1,1,1,0.9,0.9,name_postcode,2026-08-11,0
14592122,1,1,1,0.9,0.9,name_postcode,2026-08-11,0
14592320,1,1,2,0.9,0.9,name_postcode,2026-08-11,0
14592802,1,1,2,0.9,0.9,name_postcode,2026-08-11,0
14596387,1,1,2,0.9,0.9,name_postcode,2026-08-11,0
14598022,1,1,1,0.9,0.9,name_postcode,2026-08-11,0
14599143,1,2,1,0.9,0.9,name_postcode,2026-08-11,0
14603937,1,1,1,0.9,0.9,name_postcode,2026-08-11,0
14604755,1,1,1,0.9,0.9,name_postcode,2026-08-11,0
14606274,1,1,0,0.9,0.9,name_postcode,2026-08-11,0
14606667,1,1,0,0.8,0.8,name_postcode_area,2026-08-11,0
14611364,1,1,1,0.9,0.9,name_postcode,2026-08-11,0
14613539,1,1,1,0.9,0.9,name_postcode,2026-08-11,0
14614205,1,1,2,0.9,0.9,name_postcode,2026-08-11,0
14615253,1,1,1,0.9,0.9,name_postcode,2026-08-11,0
14618546,1,1,1,0.9,0.9,name_postcode,2026-08-11,0
14618894,1,1,1,0.9,0.9,name_postcode,2026-08-11,0
14621980,1,1,1,0.9,0.9,name_postcode,2026-08-11,0
14622474,1,1,1,0.9,0.9,name_postcode,2026-08-11,0
14625264,1,1,1,0.9,0.9,name_postcode,2026-08-11,0
14626782,1,1,1,0.8,0.8,name_postcode_area,2026-08-11,0
14628519,1,1,1,0.9,0.9,name_postcode,2026-08-11,0
14631897,1,1,5,0.9,0.9,name_postcode,2026-08-11,0
14634026,1,1,1,0.9,0.9,name_postcode,2026-08-11,0
14635288,1,1,1,0.9,0.9,name_postcode,2026-08-11,0
14636302,1,1,2,0.9,0.9,name_postcode,2026-08-11,0
14636589,1,1,2,0.9,0.9,name_postcode,2026-08-11,0
14637784,1,1,1,0.9,0.9,name_postcode,2026-08-11,0
14638275,1,1,2,0.9,0.9,name_postcode,2026-08-11,0
14639482,1,1,1,0.9,0.9,name_postcode,2026-08-11,0
14642718,1,1,2,0.9,0.9,name_postcode,2026-08-11,0
14647177,1,1,2,0.9,0.9,name_postcode,2026-08-11,0
14647869,1,1,1,0.9,0.9,name_postcode,2026-08-11,0
14650171,1,1,1,0.9,0.9,name_postcode,2026-08-11,0
14650584,1,1,1,0.9,0.9,name_postcode,2026-08-11,0
14651012,1,1,1,0.9,0.9,name_postcode,2026-08-11,0
14651433,1,1,2,0.8,0.8,name_postcode_area,2026-08-11,0
14652770,1,1,1,0.9,0.9,name_postcode,2026-08-11,0
14654053,1,1,1,0.9,0.9,name_postcode,2026-08-11,0
14656908,1,1,1,0.9,0.9,name_postcode,2026-08-11,0
14657025,1,1,1,0.9,0.9,name_postcode,2026-08-11,0
14661116,1,1,2,0.9,0.9,name_postcode,2026-08-11,0
14661904,1,1,1,0.9,0.9,name_postcode,2026-08-11,0
14662092,1,1,1,0.9,0.9,name_postcode,2026-08-11,0
14663975,1,1,1,0.8,0.8,name_postcode_area,2026-08-11,0
14666689,1,1,1,0.9,0.9,name_postcode,2026-08-11,0
14668797,1,1,0,0.9,0.9,name_postcode,2026-08-11,0
14668890,1,1,1,0.9,0.9,name_postcode,2026-08-11,0
14671174,1,1,2,0.9,0.9,name_postcode,2026-08-11,0
14671387,1,1,1,0.9,0.9,name_postcode,2026-08-11,0
14672028,1,1,2,0.9,0.9,name_postcode,2026-08-11,0
14672340,1,1,2,0.9,0.9,name_postcode,2026-08-11,0
14673840,1,1,2,0.9,0.9,name_postcode,2026-08-11,0
14675076,1,1,1,0.9,0.9,name_postcode,2026-08-11,0
14676296,1,1,1,0.9,0.9,name_postcode,2026-08-11,0
14676855,1,1,1,0.9,0.9,name_postcode,2026-08-11,0
14681277,1,1,1,0.9,0.9,name_postcode,2026-08-11,0
14683390,1,1,1,0.9,0.9,name_postcode,2026-08-11,0
14684538,1,1,1,0.9,0.9,name_postcode,2026-08-11,0
14684702,1,1,2,0.9,0.9,name_postcode,2026-08-11,0
14687676,1,1,1,0.9,0.9,name_postcode,2026-08-11,0
14690170,1,1,5,0.9,0.9,name_postcode,2026-08-11,0
14690230,1,2,2,0.9,0.9,name_postcode,2026-08-11,0
14691586,1,2,2,0.9,0.9,name_postcode,2026-08-11,0
14695861,1,1,1,0.9,0.9,name_postcode,2026-08-11,0
14696582,1,1,2,0.9,0.9,name_postcode,2026-08-11,0
14696590,1,1,0,0.9,0.9,name_postcode,2026-08-11,0
14697967,1,1,1,0.9,0.9,name_postcode,2026-08-11,0
14698260,1,1,2,0.9,0.9,name_postcode,2026-08-11,0
14700382,1,1,4,0.9,0.9,name_postcode,2026-08-11,0
14702741,1,1,1,0.9,0.9,name_postcode,2026-08-11,0
14703913,1,1,1,0.9,0.9,name_postcode,2026-08-11,0
14705556,1,1,1,0.9,0.9,name_postcode,2026-08-11,0
14705965,1,1,1,0.9,0.9,name_postcode,2026-08-11,0
14709455,1,1,1,0.9,0.9,name_postcode,2026-08-11,0
14709866,1,1,1,0.9,0.9,name_postcode,2026-08-11,0
14710534,1,1,1,0.9,0.9,name_postcode,2026-08-11,0
14716296,1,1,1,0.9,0.9,name_postcode,2026-08-11,0
14716874,1,1,1,0.9,0.9,name_postcode,2026-08-11,0
14716945,1,1,1,0.9,0.9,name_postcode,2026-08-11,0
14722798,1,1,1,0.9,0.9,name_postcode,2026-08-11,0
14724628,1,1,1,0.9,0.9,name_postcode,2026-08-11,0
14732203,1,1,1,0.9,0.9,name_postcode,2026-08-11,0
14735689,1,1,1,0.9,0.9,name_postcode,2026-08-11,0
14735704,1,1,1,0.9,0.9,name_postcode,2026-08-11,0
14739888,1,1,2,0.9,0.9,name_postcode,2026-08-11,0
14742719,1,1,1,0.9,0.9,name_postcode,2026-08-11,0
14744212,1,1,0,0.9,0.9,name_postcode,2026-08-11,0
14745078,1,1,1,0.9,0.9,name_postcode,2026-08-11,0
14745089,1,1,0,0.9,0.9,name_postcode,2026-08-11,0
14747938,1,1,3,0.9,0.9,name_postcode,2026-08-11,0
14749115,1,1,1,0.9,0.9,name_postcode,2026-08-11,0
14749356,1,1,5,0.9,0.9,name_postcode,2026-08-11,0
14751187,1,1,3,0.9,0.9,name_postcode,2026-08-11,0
14751653,1,1,1,0.9,0.9,name_postcode,2026-08-11,0
14752685,1,1,1,0.9,0.9,name_postcode,2026-08-11,0
14753008,1,1,3,0.9,0.9,name_postcode,2026-08-11,0
14753582,1,1,1,0.9,0.9,name_postcode,2026-08-11,0
14754361,1,1,1,0.9,0.9,name_postcode,2026-08-11,0
14756139,1,1,1,0.9,0.9,name_postcode,2026-08-11,0
14756748,1,1,1,0.9,0.9,name_postcode,2026-08-11,0
14757535,1,1,0,0.9,0.9,name_postcode,2026-08-11,0
14758282,1,1,1,0.9,0.9,name_postcode,2026-08-11,0
14758765,1,1,3,0.9,0.9,name_postcode,2026-08-11,0
14759203,1,1,2,0.9,0.9,name_postcode,2026-08-11,0
14759359,1,1,2,0.9,0.9,name_postcode,2026-08-11,0
14759748,1,1,7,0.9,0.9,name_postcode,2026-08-11,0
14760586,1,1,2,0.9,0.9,name_postcode,2026-08-11,0
14761622,1,1,1,0.9,0.9,name_postcode,2026-08-11,0
14762048,1,1,1,0.9,0.9,name_postcode,2026-08-11,0
14763282,1,1,1,0.9,0.9,name_postcode,2026-08-11,0
14763442,1,1,3,0.9,0.9,name_postcode,2026-08-11,0
14763833,1,1,1,0.9,0.9,name_postcode,2026-08-11,0
14764314,1,1,1,0.9,0.9,name_postcode,2026-08-11,0
14765930,1,1,1,0.9,0.9,name_postcode,2026-08-11,0
14769014,1,1,3,0.9,0.9,name_postcode,2026-08-11,0
14770191,1,1,1,0.9,0.9,name_postcode,2026-08-11,0
14771849,1,1,6,0.9,0.9,name_postcode,2026-08-11,0
14772861,1,1,0,0.9,0.9,name_postcode,2026-08-11,0
14773959,1,1,1,0.9,0.9,name_postcode,2026-08-11,0
14774052,1,1,1,0.9,0.9,name_postcode,2026-08-11,0
14781254,1,1,1,0.9,0.9,name_postcode,2026-08-11,0
14781832,1,1,1,0.9,0.9,name_postcode,2026-08-11,0
14781969,1,1,1,0.9,0.9,name_postcode,2026-08-11,0
14783478,1,1,1,0.9,0.9,name_postcode,2026-08-11,0
14785888,1,1,1,0.9,0.9,name_postcode,2026-08-11,0
14788564,1,1,1,0.9,0.9,name_postcode,2026-08-11,0
14788711,1,1,1,0.9,0.9,name_postcode,2026-08-11,0
14789804,1,1,1,0.9,0.9,name_postcode,2026-08-11,0
14801790,1,1,2,0.9,0.9,name_postcode,2026-08-11,0
14802813,1,1,1,0.9,0.9,name_postcode,2026-08-11,0
14813976,1,1,1,0.8,0.8,name_postcode_area,2026-08-11,0
14814901,1,1,1,0.9,0.9,name_postcode,2026-08-11,0
14815207,1,1,1,0.9,0.9,name_postcode,2026-08-11,0
14821833,1,1,1,0.9,0.9,name_postcode,2026-08-11,0
14822991,1,1,1,0.9,0.9,name_postcode,2026-08-11,0
14823479,1,1,1,0.9,0.9,name_postcode,2026-08-11,0
14827285,1,1,0,0.9,0.9,name_postcode,2026-08-11,0
14829242,1,1,1,0.9,0.9,name_postcode,2026-08-11,0
14829669,1,1,3,0.9,0.9,name_postcode,2026-08-11,0
14830471,1,1,0,0.9,0.9,name_postcode,2026-08-11,0
14830766,1,1,1,0.9,0.9,name_postcode,2026-08-11,0
14831646,1,1,0,0.9,0.9,name_postcode,2026-08-11,0
14833502,1,1,1,0.9,0.9,name_postcode,2026-08-11,0
14834249,1,1,1,0.9,0.9,name_postcode,2026-08-11,0
14845000,1,1,1,0.9,0.9,name_postcode,2026-08-11,0
14845204,1,1,1,0.9,0.9,name_postcode,2026-08-11,0
14845426,1,1,2,0.9,0.9,name_postcode,2026-08-11,0
14849527,1,1,2,0.9,0.9,name_postcode,2026-08-11,0
14850185,1,1,3,0.9,0.9,name_postcode,2026-08-11,0
14851697,1,1,2,0.9,0.9,name_postcode,2026-08-11,0
14851994,1,1,2,0.9,0.9,name_postcode,2026-08-11,0
14854205,1,1,3,0.9,0.9,name_postcode,2026-08-11,0
14858711,1,1,1,0.9,0.9,name_postcode,2026-08-11,0
14858924,1,1,1,0.9,0.9,name_postcode,2026-08-11,0
14860867,1,1,1,0.9,0.9,name_postcode,2026-08-11,0
14862405,1,1,1,0.9,0.9,name_postcode,2026-08-11,0
14865157,1,1,1,0.9,0.9,name_postcode,2026-08-11,0
14865839,1,1,1,0.9,0.9,name_postcode,2026-08-11,0
14865982,1,1,1,0.9,0.9,name_postcode,2026-08-11,0
14866029,1,1,1,0.9,0.9,name_postcode,2026-08-11,0
14869957,1,1,0,0.9,0.9,name_postcode,2026-08-11,0
14872197,1,1,1,0.9,0.9,name_postcode,2026-08-11,0
14872986,1,1,1,0.9,0.9,name_postcode,2026-08-11,0
14877388,1,1,1,0.9,0.9,name_postcode,2026-08-11,0
14879496,1,1,1,0.9,0.9,name_postcode,2026-08-11,0
14880635,1,1,3,0.9,0.9,name_postcode,2026-08-11,0
14885101,1,1,0,0.9,0.9,name_postcode,2026-08-11,0
14890588,1,1,1,0.9,0.9,name_postcode,2026-08-11,0
14890974,1,1,2,0.9,0.9,name_postcode,2026-08-11,0
14891840,1,1,1,0.9,0.9,name_postcode,2026-08-11,0
14897256,1,1,1,0.9,0.9,name_postcode,2026-08-11,0
14898467,1,1,1,0.9,0.9,name_postcode,2026-08-11,0
14898683,1,1,1,0.9,0.9,name_postcode,2026-08-11,0
14900894,1,1,1,0.9,0.9,name_postcode,2026-08-11,0
14900922,1,1,1,0.9,0.9,name_postcode,2026-08-11,0
14901563,1,1,1,0.9,0.9,name_postcode,2026-08-11,0
14904245,1,1,1,0.9,0.9,name_postcode,2026-08-11,0
14904820,1,1,2,0.9,0.9,name_postcode,2026-08-11,0
14905931,1,1,1,0.9,0.9,name_postcode,2026-08-11,0
14906690,1,1,1,0.9,0.9,name_postcode,2026-08-11,0
14908505,1,1,1,0.9,0.9,name_postcode,2026-08-11,0
14910721,1,1,0,0.9,0.9,name_postcode,2026-08-11,0
14919214,1,1,1,0.9,0.9,name_postcode,2026-08-11,0
14919674,1,1,1,0.9,0.9,name_postcode,2026-08-11,0
14920567,1,1,2,0.9,0.9,name_postcode,2026-08-11,0
14922423,1,1,2,0.9,0.9,name_postcode,2026-08-11,0
14922882,1,1,1,0.9,0.9,name_postcode,2026-08-11,0
14926244,1,1,1,0.9,0.9,name_postcode,2026-08-11,0
14929524,1,1,1,0.9,0.9,name_postcode,2026-08-11,0
14930767,1,1,1,0.9,0.9,name_postcode,2026-08-11,0
14933095,1,1,1,0.9,0.9,name_postcode,2026-08-11,0
14934291,1,1,0,0.9,0.9,name_postcode,2026-08-11,0
14935324,1,1,1,0.9,0.9,name_postcode,2026-08-11,0
14939338,1,1,1,0.9,0.9,name_postcode,2026-08-11,0
14944239,1,1,1,0.9,0.9,name_postcode,2026-08-11,0
14948205,1,1,1,0.9,0.9,name_postcode,2026-08-11,0
14956281,1,2,3,0.9,0.9,name_postcode,2026-08-11,0
14957723,1,1,1,0.9,0.9,name_postcode,2026-08-11,0
14958127,1,1,1,0.9,0.9,name_postcode,2026-08-11,0
14959164,1,1,4,0.9,0.9,name_postcode,2026-08-11,0
14961531,1,1,0,0.9,0.9,name_postcode,2026-08-11,0
14969789,1,1,2,0.9,0.9,name_postcode,2026-08-11,0
14970738,1,1,1,0.9,0.9,name_postcode,2026-08-11,0
14971626,1,1,5,0.9,0.9,name_postcode,2026-08-11,0
14972259,1,1,1,0.9,0.9,name_postcode,2026-08-11,0
14974231,1,1,1,0.9,0.9,name_postcode,2026-08-11,0
14974739,1,1,0,0.8,0.8,name_postcode_area,2026-08-11,0
14977241,1,1,1,0.9,0.9,name_postcode,2026-08-11,0
14981370,1,1,1,0.9,0.9,name_postcode,2026-08-11,0
14987896,1,1,1,0.8,0.8,name_postcode_area,2026-08-11,0
14988432,1,1,0,0.9,0.9,name_postcode,2026-08-11,0
14992820,1,1,2,0.9,0.9,name_postcode,2026-08-11,0
14995377,1,1,1,0.9,0.9,name_postcode,2026-08-11,0
14996883,1,1,1,0.9,0.9,name_postcode,2026-08-11,0
14999885,1,1,1,0.9,0.9,name_postcode,2026-08-11,0
15000233,1,1,1,0.9,0.9,name_postcode,2026-08-11,0
15001795,1,1,1,0.9,0.9,name_postcode,2026-08-11,0
15007084,1,1,1,0.9,0.9,name_postcode,2026-08-11,0
15008118,1,1,2,0.9,0.9,name_postcode,2026-08-11,0
15009228,1,1,1,0.9,0.9,name_postcode,2026-08-11,0
15009795,1,1,1,0.9,0.9,name_postcode,2026-08-11,0
15009838,1,1,1,0.9,0.9,name_postcode,2026-08-11,0
15010967,1,1,1,0.9,0.9,name_postcode,2026-08-11,0
15011377,1,1,1,0.9,0.9,name_postcode,2026-08-11,0
15013400,1,1,0,0.9,0.9,name_postcode,2026-08-11,0
15022605,1,1,1,0.9,0.9,name_postcode,2026-08-11,0
15022907,1,1,1,0.9,0.9,name_postcode,2026-08-11,0
15026250,1,1,1,0.9,0.9,name_postcode,2026-08-11,0
15027765,1,1,1,0.8,0.8,name_postcode_area,2026-08-11,0
15028083,1,1,1,0.9,0.9,name_postcode,2026-08-11,0
15029360,1,1,0,0.9,0.9,name_postcode,2026-08-11,0
15030770,1,1,1,0.9,0.9,name_postcode,2026-08-11,0
15031113,1,1,1,0.9,0.9,name_postcode,2026-08-11,0
15032046,1,1,0,0.9,0.9,name_postcode,2026-08-11,0
15034224,1,1,1,0.9,0.9,name_postcode,2026-08-11,0
15034506,1,1,1,0.9,0.9,name_postcode,2026-08-11,0
15034833,1,1,0,0.9,0.9,name_postcode,2026-08-11,0
15039737,1,1,1,0.9,0.9,name_postcode,2026-08-11,0
15041079,1,1,1,0.9,0.9,name_postcode,2026-08-11,0
15043184,1,1,1,0.9,0.9,name_postcode,2026-08-11,0
15043561,1,1,1,0.9,0.9,name_postcode,2026-08-11,0
15046292,1,1,1,0.9,0.9,name_postcode,2026-08-11,0
15050791,1,1,1,0.9,0.9,name_postcode,2026-08-11,0
15052968,1,1,1,0.9,0.9,name_postcode,2026-08-11,0
15053829,1,1,1,0.9,0.9,name_postcode,2026-08-11,0
15065377,1,1,1,0.9,0.9,name_postcode,2026-08-11,0
15071205,1,1,0,0.9,0.9,name_postcode,2026-08-11,0
15073269,1,1,1,0.9,0.9,name_postcode,2026-08-11,0
15085772,1,1,1,0.9,0.9,name_postcode,2026-08-11,0
15086473,1,1,2,0.9,0.9,name_postcode,2026-08-11,0
15087170,1,1,1,0.9,0.9,name_postcode,2026-08-11,0
15088005,1,1,2,0.9,0.9,name_postcode,2026-08-11,0
15088125,1,1,1,0.8,0.8,name_postcode_area,2026-08-11,0
15091661,1,1,1,0.9,0.9,name_postcode,2026-08-11,0
15091961,1,1,2,0.9,0.9,name_postcode,2026-08-11,0
15092122,1,1,2,0.9,0.9,name_postcode,2026-08-11,0
15092285,1,1,1,0.9,0.9,name_postcode,2026-08-11,0
15094573,1,1,2,0.9,0.9,name_postcode,2026-08-11,0
15098267,1,1,2,0.9,0.9,name_postcode,2026-08-11,0
15102297,1,1,0,0.9,0.9,name_postcode,2026-08-11,0
15103643,1,1,2,0.9,0.9,name_postcode,2026-08-11,0
15108269,1,1,1,0.9,0.9,name_postcode,2026-08-11,0
15109390,1,1,1,0.9,0.9,name_postcode,2026-08-11,0
15109982,1,1,1,0.9,0.9,name_postcode,2026-08-11,0
15110282,1,1,1,0.9,0.9,name_postcode,2026-08-11,0
15110297,1,1,1,0.9,0.9,name_postcode,2026-08-11,0
15110517,1,1,1,0.9,0.9,name_postcode,2026-08-11,0
15115699,1,1,1,0.9,0.9,name_postcode,2026-08-11,0
15115805,1,1,1,0.9,0.9,name_postcode,2026-08-11,0
15116089,1,1,1,0.9,0.9,name_postcode,2026-08-11,0
15123970,1,1,1,0.9,0.9,name_postcode,2026-08-11,0
15125374,1,1,1,0.9,0.9,name_postcode,2026-08-11,0
15127122,1,1,0,0.9,0.9,name_postcode,2026-08-11,0
15129769,1,2,3,0.9,0.9,name_postcode,2026-08-11,0
15132932,1,1,1,0.9,0.9,name_postcode,2026-08-11,0
15136330,1,1,1,0.8,0.8,name_postcode_area,2026-08-11,0
15136854,1,1,1,0.9,0.9,name_postcode,2026-08-11,0
15139345,1,1,3,0.9,0.9,name_postcode,2026-08-11,0
15140619,1,1,1,0.9,0.9,name_postcode,2026-08-11,0
15141274,1,1,1,0.9,0.9,name_postcode,2026-08-11,0
15142542,1,1,1,0.9,0.9,name_postcode,2026-08-11,0
15146947,1,1,1,0.9,0.9,name_postcode,2026-08-11,0
15150183,1,1,1,0.9,0.9,name_postcode,2026-08-11,0
15150490,1,1,1,0.9,0.9,name_postcode,2026-08-11,0
15153915,1,1,1,0.9,0.9,name_postcode,2026-08-11,0
15154978,1,1,1,0.9,0.9,name_postcode,2026-08-11,0
15157448,1,1,1,0.9,0.9,name_postcode,2026-08-11,0
15158177,1,1,1,0.9,0.9,name_postcode,2026-08-11,0
15159963,1,1,0,0.9,0.9,name_postcode,2026-08-11,0
15162660,1,1,2,0.8,0.8,name_postcode_area,2026-08-11,0
15167194,1,1,1,0.9,0.9,name_postcode,2026-08-11,0
15169117,1,1,1,0.9,0.9,name_postcode,2026-08-11,0
15169814,1,1,1,0.9,0.9,name_postcode,2026-08-11,0
15169961,1,1,0,0.9,0.9,name_postcode,2026-08-11,0
15171762,1,1,1,0.9,0.9,name_postcode,2026-08-11,0
15174003,1,1,1,0.9,0.9,name_postcode,2026-08-11,0
15175650,1,1,1,0.9,0.9,name_postcode,2026-08-11,0
15183338,1,1,1,0.9,0.9,name_postcode,2026-08-11,0
15185759,1,1,1,0.9,0.9,name_postcode,2026-08-11,0
15187444,1,1,1,0.9,0.9,name_postcode,2026-08-11,0
15191311,1,1,1,0.9,0.9,name_postcode,2026-08-11,0
15196173,1,1,1,0.9,0.9,name_postcode,2026-08-11,0
15200689,1,1,1,0.8,0.8,name_postcode_area,2026-08-11,0
15203930,1,1,1,0.9,0.9,name_postcode,2026-08-11,0
15207532,1,1,1,0.9,0.9,name_postcode,2026-08-11,0
15207537,1,1,1,0.9,0.9,name_postcode,2026-08-11,0
15208530,1,1,1,0.9,0.9,name_postcode,2026-08-11,0
15213546,1,1,1,0.9,0.9,name_postcode,2026-08-11,0
15214053,1,1,1,0.9,0.9,name_postcode,2026-08-11,0
15216102,1,1,1,0.9,0.9,name_postcode,2026-08-11,0
15216696,1,1,1,0.9,0.9,name_postcode,2026-08-11,0
15217306,1,1,1,0.9,0.9,name_postcode,2026-08-11,0
15220901,1,1,1,0.9,0.9,name_postcode,2026-08-11,0
15223311,1,1,1,0.9,0.9,name_postcode,2026-08-11,0
15225925,1,1,2,0.9,0.9,name_postcode,2026-08-11,0
15225945,1,1,1,0.9,0.9,name_postcode,2026-08-11,0
15228409,1,1,1,0.9,0.9,name_postcode,2026-08-11,0
15230383,1,1,3,0.9,0.9,name_postcode,2026-08-11,0
15230631,1,1,0,0.9,0.9,name_postcode,2026-08-11,0
15233016,1,1,1,0.9,0.9,name_postcode,2026-08-11,0
15242380,1,1,2,0.9,0.9,name_postcode,2026-08-11,0
15243143,1,1,1,0.8,0.8,name_postcode_area,2026-08-11,0
15244869,1,1,1,0.9,0.9,name_postcode,2026-08-11,0
15245941,1,1,2,0.9,0.9,name_postcode,2026-08-11,0
15247112,1,1,0,0.9,0.9,name_postcode,2026-08-11,0
15253552,1,1,1,0.9,0.9,name_postcode,2026-08-11,0
15254032,1,1,1,0.9,0.9,name_postcode,2026-08-11,0
15256156,1,1,1,0.9,0.9,name_postcode,2026-08-11,0
15256826,1,1,1,0.9,0.9,name_postcode,2026-08-11,0
15257171,1,1,1,0.9,0.9,name_postcode,2026-08-11,0
15258794,1,1,0,0.9,0.9,name_postcode,2026-08-11,0
15259463,1,1,0,0.9,0.9,name_postcode,2026-08-11,0
15261926,1,1,1,0.9,0.9,name_postcode,2026-08-11,0
15267354,1,1,1,0.9,0.9,name_postcode,2026-08-11,0
15268314,1,1,1,0.9,0.9,name_postcode,2026-08-11,0
15269230,1,1,1,0.9,0.9,name_postcode,2026-08-11,0
15272654,1,1,1,0.9,0.9,name_postcode,2026-08-11,0
15273319,1,1,1,0.9,0.9,name_postcode,2026-08-11,0
15276321,1,1,2,0.9,0.9,name_postcode,2026-08-11,0
15281175,1,1,1,0.9,0.9,name_postcode,2026-08-11,0
15282685,1,1,1,0.9,0.9,name_postcode,2026-08-11,0
15283089,1,1,1,0.9,0.9,name_postcode,2026-08-11,0
15285683,1,1,1,0.9,0.9,name_postcode,2026-08-11,0
15290665,1,1,1,0.9,0.9,name_postcode,2026-08-11,0
15291899,1,1,1,0.9,0.9,name_postcode,2026-08-11,0
15292516,1,1,1,0.9,0.9,name_postcode,2026-08-11,0
15293709,1,1,2,0.9,0.9,name_postcode,2026-08-11,0
15297794,1,1,75,0.9,0.9,name_postcode,2026-08-11,0
15298721,1,1,1,0.8,0.8,name_postcode_area,2026-08-11,0
15299371,1,1,1,0.9,0.9,name_postcode,2026-08-11,0
15299935,1,1,1,0.9,0.9,name_postcode,2026-08-11,0
15300785,1,1,1,0.9,0.9,name_postcode,2026-08-11,0
15303324,1,1,0,0.9,0.9,name_postcode,2026-08-11,0
15308592,1,1,1,0.9,0.9,name_postcode,2026-08-11,0
15309752,1,1,1,0.9,0.9,name_postcode,2026-08-11,0
15321864,1,1,1,0.9,0.9,name_postcode,2026-08-11,0
15324927,1,1,0,0.9,0.9,name_postcode,2026-08-11,0
15328500,1,1,1,0.9,0.9,name_postcode,2026-08-11,0
15332074,1,1,1,0.9,0.9,name_postcode,2026-08-11,0
15333029,1,1,1,0.9,0.9,name_postcode,2026-08-11,0
15335265,1,1,3,0.9,0.9,name_postcode,2026-08-11,0
15335283,1,1,0,0.9,0.9,name_postcode,2026-08-11,0
15339330,1,1,1,0.9,0.9,name_postcode,2026-08-11,0
15341332,1,1,1,0.9,0.9,name_postcode,2026-08-11,0
15345831,1,1,0,0.9,0.9,name_postcode,2026-08-11,0
15346667,1,1,1,0.9,0.9,name_postcode,2026-08-11,0
15348694,1,1,1,0.9,0.9,name_postcode,2026-08-11,0
15352655,1,1,1,0.9,0.9,name_postcode,2026-08-11,0
15353524,1,1,1,0.9,0.9,name_postcode,2026-08-11,0
15355778,1,1,1,0.9,0.9,name_postcode,2026-08-11,0
15356770,1,1,1,0.9,0.9,name_postcode,2026-08-11,0
15363845,1,1,2,0.9,0.9,name_postcode,2026-08-11,0
15370721,1,1,2,0.9,0.9,name_postcode,2026-08-11,0
15371373,1,1,1,0.9,0.9,name_postcode,2026-08-11,0
15373740,1,1,1,0.9,0.9,name_postcode,2026-08-11,0
15377082,1,1,1,0.9,0.9,name_postcode,2026-08-11,0
15380305,1,1,1,0.9,0.9,name_postcode,2026-08-11,0
15381291,1,1,1,0.9,0.9,name_postcode,2026-08-11,0
15381963,1,1,1,0.9,0.9,name_postcode,2026-08-11,0
15382950,1,1,0,0.9,0.9,name_postcode,2026-08-11,0
15383231,1,1,1,0.9,0.9,name_postcode,2026-08-11,0
15385960,1,1,1,0.9,0.9,name_postcode,2026-08-11,0
15387046,1,1,1,0.9,0.9,name_postcode,2026-08-11,0
15392896,1,1,2,0.9,0.9,name_postcode,2026-08-11,0
15397594,1,1,1,0.9,0.9,name_postcode,2026-08-11,0
15403776,1,1,1,0.9,0.9,name_postcode,2026-08-11,0
15411618,1,1,1,0.9,0.9,name_postcode,2026-08-11,0
15416920,1,1,1,0.9,0.9,name_postcode,2026-08-11,0
15426073,1,1,1,0.9,0.9,name_postcode,2026-08-11,0
15428163,1,1,1,0.9,0.9,name_postcode,2026-08-11,0
15430895,1,1,1,0.9,0.9,name_postcode,2026-08-11,0
15431032,1,1,1,0.9,0.9,name_postcode,2026-08-11,0
15434563,1,1,1,0.9,0.9,name_postcode,2026-08-11,0
15434575,1,1,2,0.8,0.8,name_postcode_area,2026-08-11,0
15435532,1,1,1,0.9,0.9,name_postcode,2026-08-11,0
15439250,1,1,0,0.9,0.9,name_postcode,2026-08-11,0
15440866,1,1,1,0.9,0.9,name_postcode,2026-08-11,0
15441055,1,1,1,0.9,0.9,name_postcode,2026-08-11,0
15443271,1,1,1,0.9,0.9,name_postcode,2026-08-11,0
15446635,1,1,1,0.9,0.9,name_postcode,2026-08-11,0
15446754,1,1,1,0.9,0.9,name_postcode,2026-08-11,0
15451843,1,1,1,0.9,0.9,name_postcode,2026-08-11,0
15453847,1,1,1,0.9,0.9,name_postcode,2026-08-11,0
15456622,1,1,1,0.9,0.9,name_postcode,2026-08-11,0
15462762,1,1,1,0.8,0.8,name_postcode_area,2026-08-11,0
15469182,1,1,0,0.9,0.9,name_postcode,2026-08-11,0
15471689,1,1,1,0.9,0.9,name_postcode,2026-08-11,0
15472712,1,1,1,0.9,0.9,name_postcode,2026-08-11,0
15475930,1,1,0,0.8,0.8,name_postcode_area,2026-08-11,0
15476639,1,1,1,0.9,0.9,name_postcode,2026-08-11,0
15478595,1,1,1,0.9,0.9,name_postcode,2026-08-11,0
15479175,1,1,1,0.9,0.9,name_postcode,2026-08-11,0
15482371,1,1,1,0.9,0.9,name_postcode,2026-08-11,0
15486040,1,1,1,0.9,0.9,name_postcode,2026-08-11,0
15486191,1,1,1,0.9,0.9,name_postcode,2026-08-11,0
15492053,1,1,2,0.9,0.9,name_postcode,2026-08-11,0
15492114,1,1,1,0.9,0.9,name_postcode,2026-08-11,0
15495448,1,1,0,0.9,0.9,name_postcode,2026-08-11,0
15496374,1,1,1,0.9,0.9,name_postcode,2026-08-11,0
15499003,1,1,1,0.9,0.9,name_postcode,2026-08-11,0
15500287,1,1,0,0.9,0.9,name_postcode,2026-08-11,0
15500753,1,1,1,0.9,0.9,name_postcode,2026-08-11,0
15504481,1,1,1,0.9,0.9,name_postcode,2026-08-11,0
15506293,1,1,1,0.9,0.9,name_postcode,2026-08-11,0
15513717,1,1,2,0.9,0.9,name_postcode,2026-08-11,0
15514614,1,1,1,0.9,0.9,name_postcode,2026-08-11,0
15517485,1,1,4,0.9,0.9,name_postcode,2026-08-11,0
15519827,1,1,1,0.9,0.9,name_postcode,2026-08-11,0
15520076,1,1,1,0.9,0.9,name_postcode,2026-08-11,0
15520364,1,1,1,0.9,0.9,name_postcode,2026-08-11,0
15521444,1,1,1,0.9,0.9,name_postcode,2026-08-11,0
15521724,1,1,1,0.9,0.9,name_postcode,2026-08-11,0
15521770,1,1,1,0.9,0.9,name_postcode,2026-08-11,0
15523080,1,1,1,0.9,0.9,name_postcode,2026-08-11,0
15527657,1,1,1,0.9,0.9,name_postcode,2026-08-11,0
15527804,1,1,1,0.9,0.9,name_postcode,2026-08-11,0
15528428,1,1,1,0.9,0.9,name_postcode,2026-08-11,0
15528633,1,1,1,0.9,0.9,name_postcode,2026-08-11,0
15530612,1,1,1,0.9,0.9,name_postcode,2026-08-11,0
15531303,1,1,1,0.9,0.9,name_postcode,2026-08-11,0
15533228,1,1,2,0.9,0.9,name_postcode,2026-08-11,0
15533978,1,1,1,0.9,0.9,name_postcode,2026-08-11,0
15535843,1,1,1,0.9,0.9,name_postcode,2026-08-11,0
15536043,1,1,1,0.9,0.9,name_postcode,2026-08-11,0
15536539,1,1,1,0.9,0.9,name_postcode,2026-08-11,0
15536729,1,1,1,0.9,0.9,name_postcode,2026-08-11,0
15537966,1,1,1,0.9,0.9,name_postcode,2026-08-11,0
15548232,1,1,1,0.9,0.9,name_postcode,2026-08-11,0
15548787,1,1,0,0.9,0.9,name_postcode,2026-08-11,0
15567127,1,1,1,0.9,0.9,name_postcode,2026-08-11,0
15574286,1,1,0,0.9,0.9,name_postcode,2026-08-11,0
15581827,1,1,1,0.9,0.9,name_postcode,2026-08-11,0
15588854,1,1,1,0.9,0.9,name_postcode,2026-08-11,0
15596438,1,1,0,0.8,0.8,name_postcode_area,2026-08-11,0
15607272,1,1,1,0.9,0.9,name_postcode,2026-08-11,0
15617708,1,1,3,0.9,0.9,name_postcode,2026-08-11,0
15638440,1,1,4,0.9,0.9,name_postcode,2026-08-11,0
15638458,1,1,0,0.9,0.9,name_postcode,2026-08-11,0
15645279,1,1,0,0.9,0.9,name_postcode,2026-08-11,0
15648163,1,1,1,0.9,0.9,name_postcode,2026-08-11,0
15652614,1,1,0,0.9,0.9,name_postcode,2026-08-11,0
15659344,1,1,1,0.9,0.9,name_postcode,2026-08-11,0
15659504,1,1,1,0.9,0.9,name_postcode,2026-08-11,0
15663483,1,1,1,0.9,0.9,name_postcode,2026-08-11,0
15663712,1,1,1,0.9,0.9,name_postcode,2026-08-11,0
15665818,1,1,1,0.9,0.9,name_postcode,2026-08-11,0
15665955,1,1,2,0.9,0.9,name_postcode,2026-08-11,0
15668167,1,1,1,0.9,0.9,name_postcode,2026-08-11,0
15671036,1,1,1,0.9,0.9,name_postcode,2026-08-11,0
15671424,1,1,1,0.9,0.9,name_postcode,2026-08-11,0
15672136,1,1,1,0.8,0.8,name_postcode_area,2026-08-11,0
15677349,1,1,1,0.9,0.9,name_postcode,2026-08-11,0
15681330,1,1,1,0.9,0.9,name_postcode,2026-08-11,0
15686618,1,1,1,0.9,0.9,name_postcode,2026-08-11,0
15691849,1,1,0,0.9,0.9,name_postcode,2026-08-11,0
15693495,1,1,1,0.9,0.9,name_postcode,2026-08-11,0
15694105,1,1,1,0.9,0.9,name_postcode,2026-08-11,0
15698759,1,1,1,0.9,0.9,name_postcode,2026-08-11,0
15698998,1,1,0,0.9,0.9,name_postcode,2026-08-11,0
15700045,1,1,1,0.9,0.9,name_postcode,2026-08-11,0
15700350,1,1,3,0.9,0.9,name_postcode,2026-08-11,0
15700362,1,1,1,0.9,0.9,name_postcode,2026-08-11,0
15701581,1,1,2,0.9,0.9,name_postcode,2026-08-11,0
15704565,1,1,1,0.9,0.9,name_postcode,2026-08-11,0
15706080,1,1,1,0.9,0.9,name_postcode,2026-08-11,0
15713416,1,1,1,0.9,0.9,name_postcode,2026-08-11,0
15716471,1,1,0,0.9,0.9,name_postcode,2026-08-11,0
15719218,1,1,0,0.9,0.9,name_postcode,2026-08-11,0
15720987,1,1,1,0.9,0.9,name_postcode,2026-08-11,0
15721303,1,1,2,0.9,0.9,name_postcode,2026-08-11,0
15722355,1,1,1,0.9,0.9,name_postcode,2026-08-11,0
15722998,1,1,0,0.9,0.9,name_postcode,2026-08-11,0
15726158,1,1,1,0.9,0.9,name_postcode,2026-08-11,0
15732026,1,1,1,0.9,0.9,name_postcode,2026-08-11,0
15733464,1,1,1,0.9,0.9,name_postcode,2026-08-11,0
15733676,1,1,1,0.9,0.9,name_postcode,2026-08-11,0
15736990,1,1,0,0.9,0.9,name_postcode,2026-08-11,0
15741036,1,1,0,0.9,0.9,name_postcode,2026-08-11,0
15747314,1,1,1,0.9,0.9,name_postcode,2026-08-11,0
15747560,1,1,0,0.9,0.9,name_postcode,2026-08-11,0
15750343,1,1,1,0.9,0.9,name_postcode,2026-08-11,0
15753941,1,1,0,0.9,0.9,name_postcode,2026-08-11,0
15753971,1,1,0,0.9,0.9,name_postcode,2026-08-11,0
15756568,1,1,1,0.9,0.9,name_postcode,2026-08-11,0
15756578,1,1,1,0.9,0.9,name_postcode,2026-08-11,0
15758060,1,1,1,0.9,0.9,name_postcode,2026-08-11,0
15760178,1,1,0,0.9,0.9,name_postcode,2026-08-11,0
15761750,1,1,0,0.9,0.9,name_postcode,2026-08-11,0
15763368,1,1,1,0.9,0.9,name_postcode,2026-08-11,0
15763539,1,1,0,0.9,0.9,name_postcode,2026-08-11,0
15763765,1,1,1,0.9,0.9,name_postcode,2026-08-11,0
15775712,1,1,1,0.9,0.9,name_postcode,2026-08-11,0
15775792,1,1,0,0.9,0.9,name_postcode,2026-08-11,0
15776578,1,1,1,0.9,0.9,name_postcode,2026-08-11,0
15777708,1,1,0,0.9,0.9,name_postcode,2026-08-11,0
15779819,1,1,1,0.9,0.9,name_postcode,2026-08-11,0
15782803,1,1,1,0.9,0.9,name_postcode,2026-08-11,0
15783922,1,1,1,0.9,0.9,name_postcode,2026-08-11,0
15784333,1,1,1,0.9,0.9,name_postcode,2026-08-11,0
15785829,1,1,2,0.9,0.9,name_postcode,2026-08-11,0
15786223,1,1,1,0.9,0.9,name_postcode,2026-08-11,0
15789140,1,1,1,0.9,0.9,name_postcode,2026-08-11,0
15789824,1,1,1,0.9,0.9,name_postcode,2026-08-11,0
15797427,1,1,1,0.9,0.9,name_postcode,2026-08-11,0
15798057,1,1,1,0.9,0.9,name_postcode,2026-08-11,0
15799907,1,1,1,0.9,0.9,name_postcode,2026-08-11,0
15801722,1,1,1,0.9,0.9,name_postcode,2026-08-11,0
15802279,1,1,1,0.9,0.9,name_postcode,2026-08-11,0
15805547,1,1,1,0.9,0.9,name_postcode,2026-08-11,0
15807285,1,1,1,0.9,0.9,name_postcode,2026-08-11,0
15808031,1,1,1,0.9,0.9,name_postcode,2026-08-11,0
15809466,1,1,1,0.9,0.9,name_postcode,2026-08-11,0
15810062,1,1,0,0.9,0.9,name_postcode,2026-08-11,0
15811411,1,1,1,0.9,0.9,name_postcode,2026-08-11,0
15817234,1,1,0,0.9,0.9,name_postcode,2026-08-11,0
15817781,1,1,2,0.9,0.9,name_postcode,2026-08-11,0
15822860,1,1,1,0.9,0.9,name_postcode,2026-08-11,0
15824266,1,1,1,0.9,0.9,name_postcode,2026-08-11,0
15826831,1,1,1,0.9,0.9,name_postcode,2026-08-11,0
15830850,1,1,1,0.9,0.9,name_postcode,2026-08-11,0
15835641,1,1,1,0.9,0.9,name_postcode,2026-08-11,0
15838636,1,1,1,0.9,0.9,name_postcode,2026-08-11,0
15839955,1,1,1,0.9,0.9,name_postcode,2026-08-11,0
15842548,1,1,1,0.9,0.9,name_postcode,2026-08-11,0
15848078,1,1,2,0.9,0.9,name_postcode,2026-08-11,0
15848730,1,1,0,0.9,0.9,name_postcode,2026-08-11,0
15850150,1,1,1,0.9,0.9,name_postcode,2026-08-11,0
15852366,1,1,2,0.9,0.9,name_postcode,2026-08-11,0
15854435,1,1,1,0.9,0.9,name_postcode,2026-08-11,0
15856068,1,1,1,0.9,0.9,name_postcode,2026-08-11,0
15858996,1,1,1,0.9,0.9,name_postcode,2026-08-11,0
15859865,1,1,0,0.9,0.9,name_postcode,2026-08-11,0
15868259,1,1,2,0.9,0.9,name_postcode,2026-08-11,0
15868600,1,1,1,0.9,0.9,name_postcode,2026-08-11,0
15880683,1,1,1,0.9,0.9,name_postcode,2026-08-11,0
15880767,1,1,1,0.9,0.9,name_postcode,2026-08-11,0
15894078,1,1,1,0.9,0.9,name_postcode,2026-08-11,0
15894290,1,1,0,0.9,0.9,name_postcode,2026-08-11,0
15894558,1,2,1,0.8,0.8,name_postcode_area,2026-08-11,0
15896164,1,1,1,0.9,0.9,name_postcode,2026-08-11,0
15897024,1,1,1,0.9,0.9,name_postcode,2026-08-11,0
15903685,1,1,1,0.9,0.9,name_postcode,2026-08-11,0
15904508,1,1,1,0.8,0.8,name_postcode_area,2026-08-11,0
15913754,1,1,0,0.9,0.9,name_postcode,2026-08-11,0
15918872,1,1,1,0.9,0.9,name_postcode,2026-08-11,0
15920763,1,1,1,0.9,0.9,name_postcode,2026-08-11,0
15924012,1,1,1,0.9,0.9,name_postcode,2026-08-11,0
15932092,1,1,1,0.9,0.9,name_postcode,2026-08-11,0
15936837,1,1,2,0.9,0.9,name_postcode,2026-08-11,0
15939081,1,1,1,0.9,0.9,name_postcode,2026-08-11,0
15944933,1,1,1,0.9,0.9,name_postcode,2026-08-11,0
15947665,1,1,0,0.9,0.9,name_postcode,2026-08-11,0
15950313,1,1,1,0.9,0.9,name_postcode,2026-08-11,0
15954302,1,1,2,0.9,0.9,name_postcode,2026-08-11,0
15958802,1,1,0,0.9,0.9,name_postcode,2026-08-11,0
15962014,1,1,1,0.9,0.9,name_postcode,2026-08-11,0
15963032,1,1,1,0.9,0.9,name_postcode,2026-08-11,0
15968507,1,1,1,0.9,0.9,name_postcode,2026-08-11,0
15972659,1,1,1,0.9,0.9,name_postcode,2026-08-11,0
15980045,1,1,1,0.9,0.9,name_postcode,2026-08-11,0
15989482,1,1,1,0.9,0.9,name_postcode,2026-08-11,0
15990556,1,1,1,0.9,0.9,name_postcode,2026-08-11,0
15990621,1,1,0,0.9,0.9,name_postcode,2026-08-11,0
15993173,1,1,0,0.9,0.9,name_postcode,2026-08-11,0
15997787,1,1,1,0.9,0.9,name_postcode,2026-08-11,0
15998571,1,1,1,0.9,0.9,name_postcode,2026-08-11,0
15999938,1,1,1,0.9,0.9,name_postcode,2026-08-11,0
16002814,1,1,1,0.9,0.9,name_postcode,2026-08-11,0
16005072,1,1,1,0.9,0.9,name_postcode,2026-08-11,0
16007400,1,1,1,0.9,0.9,name_postcode,2026-08-11,0
16014266,1,1,1,0.9,0.9,name_postcode,2026-08-11,0
16017331,1,1,1,0.9,0.9,name_postcode,2026-08-11,0
16017487,1,1,1,0.9,0.9,name_postcode,2026-08-11,0
16021269,1,1,1,0.9,0.9,name_postcode,2026-08-11,0
16023417,1,1,1,0.9,0.9,name_postcode,2026-08-11,0
16026029,1,1,0,0.9,0.9,name_postcode,2026-08-11,0
16034208,1,1,1,0.9,0.9,name_postcode,2026-08-11,0
16035994,1,1,1,0.9,0.9,name_postcode,2026-08-11,0
16041947,1,1,1,0.9,0.9,name_postcode,2026-08-11,0
16045932,1,1,1,0.9,0.9,name_postcode,2026-08-11,0
16047146,1,1,1,0.9,0.9,name_postcode,2026-08-11,0
16048370,1,1,0,0.9,0.9,name_postcode,2026-08-11,0
16051701,1,1,1,0.9,0.9,name_postcode,2026-08-11,0
16060252,1,1,0,0.9,0.9,name_postcode,2026-08-11,0
16073298,1,1,2,0.9,0.9,name_postcode,2026-08-11,0
16073467,1,1,0,0.9,0.9,name_postcode,2026-08-11,0
16078556,1,1,0,0.9,0.9,name_postcode,2026-08-11,0
16083251,1,1,1,0.9,0.9,name_postcode,2026-08-11,0
16083553,1,1,0,0.9,0.9,name_postcode,2026-08-11,0
16086249,1,1,0,0.9,0.9,name_postcode,2026-08-11,0
16096636,1,1,0,0.9,0.9,name_postcode,2026-08-11,0
16099046,1,1,0,0.9,0.9,name_postcode,2026-08-11,0
16101888,1,1,1,0.9,0.9,name_postcode,2026-08-11,0
16103169,1,1,0,0.9,0.9,name_postcode,2026-08-11,0
16106350,1,1,0,0.9,0.9,name_postcode,2026-08-11,0
16112719,1,1,1,0.9,0.9,name_postcode,2026-08-11,0
16119573,1,1,1,0.9,0.9,name_postcode,2026-08-11,0
16121267,1,1,0,0.9,0.9,name_postcode,2026-08-11,0
16129830,1,1,1,0.9,0.9,name_postcode,2026-08-11,0
16132182,1,1,1,0.9,0.9,name_postcode,2026-08-11,0
16134861,1,1,1,0.9,0.9,name_postcode,2026-08-11,0
16135562,1,1,1,0.9,0.9,name_postcode,2026-08-11,0
16138746,1,1,1,0.9,0.9,name_postcode,2026-08-11,0
16139359,1,1,1,0.9,0.9,name_postcode,2026-08-11,0
16139503,1,1,1,0.9,0.9,name_postcode,2026-08-11,0
16141918,1,1,0,0.9,0.9,name_postcode,2026-08-11,0
16147638,1,1,1,0.9,0.9,name_postcode,2026-08-11,0
16149939,1,1,1,0.9,0.9,name_postcode,2026-08-11,0
16149942,1,2,0,0.9,0.9,name_postcode,2026-08-11,0
16154584,1,1,1,0.9,0.9,name_postcode,2026-08-11,0
16158040,1,1,1,0.9,0.9,name_postcode,2026-08-11,0
16161706,1,1,1,0.9,0.9,name_postcode,2026-08-11,0
16165528,1,1,1,0.9,0.9,name_postcode,2026-08-11,0
16175763,1,1,1,0.9,0.9,name_postcode,2026-08-11,0
16180216,1,1,1,0.9,0.9,name_postcode,2026-08-11,0
16186893,1,1,1,0.9,0.9,name_postcode,2026-08-11,0
16187103,1,1,0,0.9,0.9,name_postcode,2026-08-11,0
16196872,1,1,0,0.9,0.9,name_postcode,2026-08-11,0
16196935,1,1,0,0.9,0.9,name_postcode,2026-08-11,0
16199531,1,1,1,0.9,0.9,name_postcode,2026-08-11,0
16202162,1,1,0,0.9,0.9,name_postcode,2026-08-11,0
16206267,1,1,1,0.9,0.9,name_postcode,2026-08-11,0
16207064,1,1,0,0.9,0.9,name_postcode,2026-08-11,0
16211696,1,1,0,0.9,0.9,name_postcode,2026-08-11,0
16214288,1,1,1,0.9,0.9,name_postcode,2026-08-11,0
16223583,1,1,1,0.9,0.9,name_postcode,2026-08-11,0
16227466,1,1,1,0.9,0.9,name_postcode,2026-08-11,0
16229422,1,1,2,0.9,0.9,name_postcode,2026-08-11,0
16235233,1,1,0,0.9,0.9,name_postcode,2026-08-11,0
16244121,1,1,1,0.9,0.9,name_postcode,2026-08-11,0
16255122,1,1,1,0.9,0.9,name_postcode,2026-08-11,0
16258064,1,1,1,0.9,0.9,name_postcode,2026-08-11,0
16264734,1,1,0,0.9,0.9,name_postcode,2026-08-11,0
16272273,1,1,1,0.9,0.9,name_postcode,2026-08-11,0
16279372,1,1,1,0.9,0.9,name_postcode,2026-08-11,0
16279394,1,1,0,0.9,0.9,name_postcode,2026-08-11,0
16292596,1,1,1,0.9,0.9,name_postcode,2026-08-11,0
16299820,1,1,1,0.8,0.8,name_postcode_area,2026-08-11,0
16303961,1,1,1,0.9,0.9,name_postcode,2026-08-11,0
16308927,1,1,1,0.9,0.9,name_postcode,2026-08-11,0
16308967,1,1,1,0.9,0.9,name_postcode,2026-08-11,0
16310510,1,1,0,0.9,0.9,name_postcode,2026-08-11,0
16313550,1,1,0,0.9,0.9,name_postcode,2026-08-11,0
16314735,1,1,1,0.9,0.9,name_postcode,2026-08-11,0
16315836,1,1,0,0.9,0.9,name_postcode,2026-08-11,0
16318226,1,1,1,0.9,0.9,name_postcode,2026-08-11,0
16322185,1,1,1,0.9,0.9,name_postcode,2026-08-11,0
16323373,1,1,0,0.9,0.9,name_postcode,2026-08-11,0
16326459,1,1,1,0.9,0.9,name_postcode,2026-08-11,0
16333329,1,1,1,0.9,0.9,name_postcode,2026-08-11,0
16333604,1,1,1,0.9,0.9,name_postcode,2026-08-11,0
16335885,1,1,1,0.9,0.9,name_postcode,2026-08-11,0
16336473,1,1,1,0.8,0.8,name_postcode_area,2026-08-11,0
16339273,1,1,1,0.9,0.9,name_postcode,2026-08-11,0
16345345,1,1,1,0.9,0.9,name_postcode,2026-08-11,0
16346445,1,1,1,0.9,0.9,name_postcode,2026-08-11,0
16346972,1,1,1,0.9,0.9,name_postcode,2026-08-11,0
16352550,1,1,1,0.9,0.9,name_postcode,2026-08-11,0
16352772,1,1,1,0.9,0.9,name_postcode,2026-08-11,0
16373482,1,1,1,0.9,0.9,name_postcode,2026-08-11,0
16375759,1,1,0,0.9,0.9,name_postcode,2026-08-11,0
16376407,1,1,0,0.9,0.9,name_postcode,2026-08-11,0
16377485,1,1,1,0.9,0.9,name_postcode,2026-08-11,0
16378298,1,1,1,0.9,0.9,name_postcode,2026-08-11,0
16378985,1,1,0,0.9,0.9,name_postcode,2026-08-11,0
16391315,1,1,1,0.9,0.9,name_postcode,2026-08-11,0
16392138,1,1,1,0.9,0.9,name_postcode,2026-08-11,0
16393966,1,1,0,0.9,0.9,name_postcode,2026-08-11,0
16401708,1,1,1,0.9,0.9,name_postcode,2026-08-11,0
16407473,1,1,0,0.9,0.9,name_postcode,2026-08-11,0
16409471,1,1,1,0.9,0.9,name_postcode,2026-08-11,0
16416662,1,1,1,0.9,0.9,name_postcode,2026-08-11,0
16420570,1,1,2,0.9,0.9,name_postcode,2026-08-11,0
16421362,1,1,1,0.9,0.9,name_postcode,2026-08-11,0
16429014,1,1,3,0.9,0.9,name_postcode,2026-08-11,0
16433475,1,1,2,0.9,0.9,name_postcode,2026-08-11,0
16438022,1,2,5,0.9,0.9,name_postcode,2026-08-11,0
16447745,1,1,1,0.9,0.9,name_postcode,2026-08-11,0
16458019,1,1,0,0.9,0.9,name_postcode,2026-08-11,0
16459454,1,1,1,0.9,0.9,name_postcode,2026-08-11,0
16460775,1,1,1,0.9,0.9,name_postcode,2026-08-11,0
16461498,1,1,1,0.9,0.9,name_postcode,2026-08-11,0
16464988,1,1,1,0.9,0.9,name_postcode,2026-08-11,0
16476021,1,1,0,0.9,0.9,name_postcode,2026-08-11,0
16478710,1,1,0,0.9,0.9,name_postcode,2026-08-11,0
16479589,1,1,1,0.9,0.9,name_postcode,2026-08-11,0
16480410,1,1,1,0.9,0.9,name_postcode,2026-08-11,0
16481436,1,1,1,0.9,0.9,name_postcode,2026-08-11,0
16487851,1,1,0,0.9,0.9,name_postcode,2026-08-11,0
16489663,1,1,0,0.9,0.9,name_postcode,2026-08-11,0
16491081,1,1,1,0.9,0.9,name_postcode,2026-08-11,0
16494991,1,1,1,0.9,0.9,name_postcode,2026-08-11,0
16498015,1,1,0,0.9,0.9,name_postcode,2026-08-11,0
16499918,1,1,0,0.9,0.9,name_postcode,2026-08-11,0
16502360,1,1,1,0.9,0.9,name_postcode,2026-08-11,0
16510784,1,1,0,0.9,0.9,name_postcode,2026-08-11,0
16514125,1,1,0,0.9,0.9,name_postcode,2026-08-11,0
16520134,1,1,1,0.9,0.9,name_postcode,2026-08-11,0
16520370,1,1,1,0.9,0.9,name_postcode,2026-08-11,0
16520972,1,1,1,0.9,0.9,name_postcode,2026-08-11,0
16521315,1,1,0,0.9,0.9,name_postcode,2026-08-11,0
16523349,1,1,1,0.9,0.9,name_postcode,2026-08-11,0
16533050,1,1,1,0.9,0.9,name_postcode,2026-08-11,0
16544546,1,1,1,0.9,0.9,name_postcode,2026-08-11,0
16545474,1,1,0,0.9,0.9,name_postcode,2026-08-11,0
16549225,1,1,1,0.9,0.9,name_postcode,2026-08-11,0
16553963,1,1,1,0.9,0.9,name_postcode,2026-08-11,0
16554283,1,1,1,0.9,0.9,name_postcode,2026-08-11,0
16554417,1,1,1,0.9,0.9,name_postcode,2026-08-11,0
16556426,1,1,1,0.9,0.9,name_postcode,2026-08-11,0
16557030,1,1,1,0.9,0.9,name_postcode,2026-08-11,0
16562027,1,1,0,0.9,0.9,name_postcode,2026-08-11,0
16568064,1,1,0,0.9,0.9,name_postcode,2026-08-11,0
16569380,1,1,1,0.9,0.9,name_postcode,2026-08-11,0
16574669,1,1,1,0.9,0.9,name_postcode,2026-08-11,0
16590159,1,1,0,0.9,0.9,name_postcode,2026-08-11,0
16593139,1,1,0,0.9,0.9,name_postcode,2026-08-11,0
16603533,1,1,1,0.9,0.9,name_postcode,2026-08-11,0
16608317,1,1,1,0.9,0.9,name_postcode,2026-08-11,0
16608673,1,1,1,0.9,0.9,name_postcode,2026-08-11,0
16609564,1,1,1,0.9,0.9,name_postcode,2026-08-11,0
16611991,1,1,1,0.9,0.9,name_postcode,2026-08-11,0
16618764,1,1,0,0.9,0.9,name_postcode,2026-08-11,0
16621814,1,1,1,0.9,0.9,name_postcode,2026-08-11,0
16623047,1,1,1,0.9,0.9,name_postcode,2026-08-11,0
16623233,1,1,1,0.9,0.9,name_postcode,2026-08-11,0
16623252,1,1,0,0.9,0.9,name_postcode,2026-08-11,0
16624949,1,1,0,0.9,0.9,name_postcode,2026-08-11,0
16625598,1,1,1,0.9,0.9,name_postcode,2026-08-11,0
16625959,1,1,1,0.9,0.9,name_postcode,2026-08-11,0
16630457,1,1,1,0.9,0.9,name_postcode,2026-08-11,0
16633378,1,1,1,0.9,0.9,name_postcode,2026-08-11,0
16639977,1,1,2,0.9,0.9,name_postcode,2026-08-11,0
16652577,1,1,0,0.9,0.9,name_postcode,2026-08-11,0
16671293,1,1,0,0.9,0.9,name_postcode,2026-08-11,0
16679150,1,1,2,0.8,0.8,name_postcode_area,2026-08-11,0
16680973,1,1,0,0.9,0.9,name_postcode,2026-08-11,0
16685730,1,1,0,0.9,0.9,name_postcode,2026-08-11,0
16715662,1,1,1,0.9,0.9,name_postcode,2026-08-11,0
16715816,1,1,1,0.9,0.9,name_postcode,2026-08-11,0
16717863,1,1,1,0.9,0.9,name_postcode,2026-08-11,0
16786284,1,1,0,0.9,0.9,name_postcode,2026-08-11,0
16790630,1,1,1,0.9,0.9,name_postcode,2026-08-11,0
16796723,1,1,1,0.9,0.9,name_postcode,2026-08-11,0
16803168,1,1,0,0.9,0.9,name_postcode,2026-08-11,0
16809915,1,1,1,0.9,0.9,name_postcode,2026-08-11,0
16823774,1,1,1,0.9,0.9,name_postcode,2026-08-11,0
16853805,1,1,0,0.9,0.9,name_postcode,2026-08-11,0
16866416,1,1,0,0.9,0.9,name_postcode,2026-08-11,0
16880958,1,1,0,0.9,0.9,name_postcode,2026-08-11,0
16900201,1,1,0,0.9,0.9,name_postcode,2026-08-11,0
16900290,1,1,0,0.9,0.9,name_postcode,2026-08-11,0
16901674,1,1,1,0.9,0.9,name_postcode,2026-08-11,0
16909702,1,1,0,0.9,0.9,name_postcode,2026-08-11,0
16925415,1,1,0,0.9,0.9,name_postcode,2026-08-11,0
16943391,1,1,0,0.9,0.9,name_postcode,2026-08-11,0
17057950,1,1,0,0.9,0.9,name_postcode,2026-08-11,0
17070049,1,1,0,0.9,0.9,name_postcode,2026-08-11,0
17070207,1,1,0,0.9,0.9,name_postcode,2026-08-11,0
17083488,1,1,0,0.9,0.9,name_postcode,2026-08-11,0
17159931,1,1,0,0.9,0.9,name_postcode,2026-08-11,0
17164415,1,1,0,0.9,0.9,name_postcode,2026-08-11,0
17220314,1,1,0,0.9,0.9,name_postcode,2026-08-11,0
17251049,1,1,2,0.9,0.9,name_postcode,2026-08-11,0
NI003360,1,1,0,0.9,0.9,name_postcode,2026-08-11,0
NI004842,1,3,19,0.9,0.9,name_postcode,2026-08-11,0
NI005551,1,2,9,0.9,0.9,name_postcode,2026-08-11,0
NI006278,1,1,0,0.9,0.9,name_postcode,2026-08-11,0
NI006498,1,1,1,0.9,0.9,name_postcode,2026-08-11,0
NI006692,1,1,1,0.9,0.9,name_postcode,2026-08-11,0
NI007665,1,1,2,0.8,0.8,name_postcode_area,2026-08-11,0
NI007808,1,1,1,0.9,0.9,name_postcode,2026-08-11,0
NI008578,1,1,1,0.9,0.9,name_postcode,2026-08-11,0
NI008627,1,1,2,0.9,0.9,name_postcode,2026-08-11,0
NI010077,1,1,1,0.9,0.9,name_postcode,2026-08-11,0
NI010592,1,1,5,0.9,0.9,name_postcode,2026-08-11,0
NI010644,1,1,3,0.8,0.8,name_postcode_area,2026-08-11,0
NI010760,1,1,1,0.9,0.9,name_postcode,2026-08-11,0
NI011104,1,1,1,0.9,0.9,name_postcode,2026-08-11,0
NI011280,1,1,0,0.8,0.8,name_postcode_area,2026-08-11,0
NI013514,1,2,1,0.9,0.8,name_postcode|name_postcode_area,2026-08-11,0
NI013563,1,2,2,0.9,0.9,name_postcode,2026-08-11,0
NI013566,1,1,1,0.9,0.9,name_postcode,2026-08-11,0
NI013578,1,1,3,0.9,0.9,name_postcode,2026-08-11,0
NI013845,1,1,0,0.9,0.9,name_postcode,2026-08-11,0
NI014930,1,1,3,0.9,0.9,name_postcode,2026-08-11,0
NI015227,1,1,1,0.9,0.9,name_postcode,2026-08-11,0
NI015713,1,2,2,0.9,0.9,name_postcode,2026-08-11,0
NI015738,1,2,18,0.9,0.9,name_postcode,2026-08-11,0
NI015853,1,1,1,0.9,0.9,name_postcode,2026-08-11,0
NI016111,1,1,1,0.8,0.8,name_postcode_area,2026-08-11,0
NI016345,1,2,2,0.9,0.8,name_postcode|name_postcode_area,2026-08-11,0
NI016511,1,1,1,0.9,0.9,name_postcode,2026-08-11,0
NI017631,1,1,0,0.9,0.9,name_postcode,2026-08-11,0
NI017684,1,1,1,0.9,0.9,name_postcode,2026-08-11,0
NI017859,1,1,0,0.9,0.9,name_postcode,2026-08-11,0
NI019167,1,1,1,0.8,0.8,name_postcode_area,2026-08-11,0
NI019286,1,1,0,0.9,0.9,name_postcode,2026-08-11,0
NI020012,1,1,1,0.9,0.9,name_postcode,2026-08-11,0
NI020042,1,1,1,0.9,0.9,name_postcode,2026-08-11,0
NI020172,1,1,2,0.8,0.8,name_postcode_area,2026-08-11,0
NI021213,1,3,1,0.9,0.9,name_postcode,2026-08-11,0
NI021988,1,2,1,0.9,0.9,name_postcode,2026-08-11,0
NI022342,1,1,2,0.9,0.9,name_postcode,2026-08-11,0
NI022466,1,2,10,0.9,0.9,name_postcode,2026-08-11,0
NI022499,1,1,2,0.9,0.9,name_postcode,2026-08-11,0
NI023197,1,1,1,0.8,0.8,name_postcode_area,2026-08-11,0
NI024042,1,1,1,0.9,0.9,name_postcode,2026-08-11,0
NI024160,1,1,0,0.9,0.9,name_postcode,2026-08-11,0
NI025356,1,1,1,0.9,0.9,name_postcode,2026-08-11,0
NI025382,1,1,1,0.9,0.9,name_postcode,2026-08-11,0
NI026872,1,1,1,0.9,0.9,name_postcode,2026-08-11,0
NI027321,1,1,2,0.9,0.9,name_postcode,2026-08-11,0
NI029488,1,1,0,0.9,0.9,name_postcode,2026-08-11,0
NI030353,1,1,1,0.9,0.9,name_postcode,2026-08-11,0
NI030447,1,1,1,0.8,0.8,name_postcode_area,2026-08-11,0
NI030696,1,2,1,0.9,0.9,name_postcode,2026-08-11,0
NI030887,1,1,1,0.8,0.8,name_postcode_area,2026-08-11,0
NI030990,1,1,2,0.9,0.9,name_postcode,2026-08-11,0
NI031111,1,1,1,0.9,0.9,name_postcode,2026-08-11,0
NI031294,1,1,1,0.9,0.9,name_postcode,2026-08-11,0
NI031780,1,1,1,0.9,0.9,name_postcode,2026-08-11,0
NI031984,1,1,1,0.9,0.9,name_postcode,2026-08-11,0
NI033661,1,1,6,0.9,0.9,name_postcode,2026-08-11,0
NI033768,1,1,1,0.8,0.8,name_postcode_area,2026-08-11,0
NI034331,1,1,2,0.9,0.9,name_postcode,2026-08-11,0
NI034588,1,1,1,0.8,0.8,name_postcode_area,2026-08-11,0
NI035239,1,1,1,0.9,0.9,name_postcode,2026-08-11,0
NI035806,1,1,1,0.9,0.9,name_postcode,2026-08-11,0
NI036854,1,1,0,0.8,0.8,name_postcode_area,2026-08-11,0
NI037892,1,1,2,0.9,0.9,name_postcode,2026-08-11,0
NI038000,1,1,2,0.9,0.9,name_postcode,2026-08-11,0
NI038167,1,1,2,0.9,0.9,name_postcode,2026-08-11,0
NI038590,1,1,4,0.9,0.9,name_postcode,2026-08-11,0
NI038611,1,2,2,0.9,0.9,name_postcode,2026-08-11,0
NI038784,1,1,1,0.9,0.9,name_postcode,2026-08-11,0
NI038852,1,1,2,0.8,0.8,name_postcode_area,2026-08-11,0
NI038887,1,1,1,0.9,0.9,name_postcode,2026-08-11,0
NI039294,1,1,2,0.9,0.9,name_postcode,2026-08-11,0
NI039740,1,1,3,0.9,0.9,name_postcode,2026-08-11,0
NI040185,1,1,1,0.8,0.8,name_postcode_area,2026-08-11,0
NI040472,1,1,1,0.9,0.9,name_postcode,2026-08-11,0
NI041550,1,2,7,0.9,0.9,name_postcode,2026-08-11,0
NI041551,1,3,16,0.9,0.9,name_postcode,2026-08-11,0
NI043067,1,2,7,0.9,0.9,name_postcode,2026-08-11,0
NI043256,1,1,3,0.9,0.9,name_postcode,2026-08-11,0
NI043338,1,1,0,0.9,0.9,name_postcode,2026-08-11,0
NI043374,1,1,1,0.9,0.9,name_postcode,2026-08-11,0
NI043577,1,1,2,0.9,0.9,name_postcode,2026-08-11,0
NI044110,1,1,1,0.9,0.9,name_postcode,2026-08-11,0
NI044180,1,1,2,0.9,0.9,name_postcode,2026-08-11,0
NI045393,1,1,1,0.9,0.9,name_postcode,2026-08-11,0
NI046138,1,1,2,0.9,0.9,name_postcode,2026-08-11,0
NI046249,1,2,5,0.9,0.9,name_postcode,2026-08-11,0
NI047049,1,1,0,0.9,0.9,name_postcode,2026-08-11,0
NI047140,1,2,2,0.9,0.9,name_postcode,2026-08-11,0
NI049036,1,1,1,0.8,0.8,name_postcode_area,2026-08-11,0
NI049100,1,1,1,0.8,0.8,name_postcode_area,2026-08-11,0
NI049701,1,1,0,0.9,0.9,name_postcode,2026-08-11,0
NI051892,1,2,1,0.8,0.8,name_postcode_area,2026-08-11,0
NI053316,1,2,1,0.9,0.9,name_postcode,2026-08-11,0
NI053648,1,1,0,0.9,0.9,name_postcode,2026-08-11,0
NI053759,1,1,2,0.9,0.9,name_postcode,2026-08-11,0
NI055207,1,1,2,0.9,0.9,name_postcode,2026-08-11,0
NI055244,1,1,1,0.9,0.9,name_postcode,2026-08-11,0
NI055332,1,1,0,0.9,0.9,name_postcode,2026-08-11,0
NI055932,1,1,2,0.9,0.9,name_postcode,2026-08-11,0
NI058822,1,1,0,0.9,0.9,name_postcode,2026-08-11,0
NI059582,1,1,1,0.9,0.9,name_postcode,2026-08-11,0
NI060081,1,1,0,0.9,0.9,name_postcode,2026-08-11,0
NI060799,1,2,1,0.9,0.8,name_postcode|name_postcode_area,2026-08-11,0
NI064142,1,1,1,0.9,0.9,name_postcode,2026-08-11,0
NI064316,1,1,2,0.9,0.9,name_postcode,2026-08-11,0
NI065452,1,1,2,0.9,0.9,name_postcode,2026-08-11,0
NI070848,1,2,11,0.9,0.9,name_postcode,2026-08-11,0
NI071686,1,1,1,0.9,0.9,name_postcode,2026-08-11,0
NI072166,1,1,4,0.9,0.9,name_postcode,2026-08-11,0
NI072511,1,1,0,0.9,0.9,name_postcode,2026-08-11,0
NI073204,1,2,1,0.9,0.9,name_postcode,2026-08-11,0
NI601946,1,1,1,0.9,0.9,name_postcode,2026-08-11,0
NI602314,1,2,3,0.9,0.8,name_postcode|name_postcode_area,2026-08-11,0
NI603059,1,2,6,0.9,0.9,name_postcode,2026-08-11,0
NI603247,1,1,3,0.9,0.9,name_postcode,2026-08-11,0
NI604145,1,1,0,0.9,0.9,name_postcode,2026-08-11,0
NI605789,1,1,1,0.9,0.9,name_postcode,2026-08-11,0
NI606768,1,1,1,0.9,0.9,name_postcode,2026-08-11,0
NI606881,1,1,0,0.9,0.9,name_postcode,2026-08-11,0
NI607819,1,1,1,0.9,0.9,name_postcode,2026-08-11,0
NI609293,1,1,1,0.9,0.9,name_postcode,2026-08-11,0
NI610245,1,1,1,0.8,0.8,name_postcode_area,2026-08-11,0
NI610597,1,1,3,0.9,0.9,name_postcode,2026-08-11,0
NI612765,1,1,2,0.9,0.9,name_postcode,2026-08-11,0
NI612943,1,1,2,0.9,0.9,name_postcode,2026-08-11,0
NI613101,1,1,1,0.9,0.9,name_postcode,2026-08-11,0
NI613407,1,1,0,0.9,0.9,name_postcode,2026-08-11,0
NI614697,1,2,3,0.9,0.9,name_postcode,2026-08-11,0
NI616344,1,1,1,0.9,0.9,name_postcode,2026-08-11,0
NI616580,1,1,1,0.9,0.9,name_postcode,2026-08-11,0
NI617487,1,1,1,0.9,0.9,name_postcode,2026-08-11,0
NI617636,1,1,1,0.9,0.9,name_postcode,2026-08-11,0
NI618080,1,1,2,0.9,0.9,name_postcode,2026-08-11,0
NI618122,1,1,1,0.8,0.8,name_postcode_area,2026-08-11,0
NI618621,1,1,7,0.9,0.9,name_postcode,2026-08-11,0
NI618662,1,1,1,0.9,0.9,name_postcode,2026-08-11,0
NI618921,1,2,8,0.9,0.9,name_postcode,2026-08-11,0
NI619268,1,1,0,0.8,0.8,name_postcode_area,2026-08-11,0
NI620045,1,1,0,0.9,0.9,name_postcode,2026-08-11,0
NI621510,1,1,4,0.9,0.9,name_postcode,2026-08-11,0
NI622208,1,1,2,0.9,0.9,name_postcode,2026-08-11,0
NI624432,1,1,1,0.9,0.9,name_postcode,2026-08-11,0
NI625182,1,1,2,0.9,0.9,name_postcode,2026-08-11,0
NI626672,1,1,3,0.9,0.9,name_postcode,2026-08-11,0
NI627624,1,1,1,0.9,0.9,name_postcode,2026-08-11,0
NI628481,1,1,5,0.9,0.9,name_postcode,2026-08-11,0
NI630441,1,1,1,0.9,0.9,name_postcode,2026-08-11,0
NI630630,1,1,1,0.8,0.8,name_postcode_area,2026-08-11,0
NI634860,1,1,1,0.9,0.9,name_postcode,2026-08-11,0
NI635387,1,1,1,0.9,0.9,name_postcode,2026-08-11,0
NI636113,1,1,1,0.9,0.9,name_postcode,2026-08-11,0
NI636965,1,1,3,0.9,0.9,name_postcode,2026-08-11,0
NI637702,1,1,2,0.9,0.9,name_postcode,2026-08-11,0
NI638705,1,1,2,0.9,0.9,name_postcode,2026-08-11,0
NI638801,1,2,5,0.9,0.8,name_postcode|name_postcode_area,2026-08-11,0
NI638874,1,1,1,0.9,0.9,name_postcode,2026-08-11,0
NI639081,1,1,2,0.9,0.9,name_postcode,2026-08-11,0
NI639354,1,1,3,0.9,0.9,name_postcode,2026-08-11,0
NI639710,1,1,1,0.9,0.9,name_postcode,2026-08-11,0
NI640208,1,1,1,0.9,0.9,name_postcode,2026-08-11,0
NI640485,1,1,1,0.9,0.9,name_postcode,2026-08-11,0
NI641058,1,1,1,0.9,0.9,name_postcode,2026-08-11,0
NI641330,1,1,1,0.9,0.9,name_postcode,2026-08-11,0
NI641589,1,1,1,0.9,0.9,name_postcode,2026-08-11,0
NI642313,1,1,1,0.9,0.9,name_postcode,2026-08-11,0
NI642755,1,1,1,0.9,0.9,name_postcode,2026-08-11,0
NI643316,1,1,4,0.8,0.8,name_postcode_area,2026-08-11,0
NI643472,1,1,2,0.9,0.9,name_postcode,2026-08-11,0
NI646227,1,1,1,0.9,0.9,name_postcode,2026-08-11,0
NI647655,1,1,2,0.9,0.9,name_postcode,2026-08-11,0
NI648285,1,1,1,0.9,0.9,name_postcode,2026-08-11,0
NI648823,1,1,1,0.9,0.9,name_postcode,2026-08-11,0
NI649147,1,1,1,0.9,0.9,name_postcode,2026-08-11,0
NI649448,1,1,1,0.9,0.9,name_postcode,2026-08-11,0
NI649580,1,1,1,0.9,0.9,name_postcode,2026-08-11,0
NI649729,1,1,5,0.9,0.9,name_postcode,2026-08-11,0
NI649947,1,1,2,0.9,0.9,name_postcode,2026-08-11,0
NI649980,1,2,4,0.8,0.8,name_postcode_area,2026-08-11,0
NI651055,1,1,1,0.9,0.9,name_postcode,2026-08-11,0
NI652240,1,1,1,0.9,0.9,name_postcode,2026-08-11,0
NI652604,1,1,1,0.9,0.9,name_postcode,2026-08-11,0
NI653069,1,1,1,0.9,0.9,name_postcode,2026-08-11,0
NI653080,1,1,1,0.9,0.9,name_postcode,2026-08-11,0
NI653097,1,1,1,0.9,0.9,name_postcode,2026-08-11,0
NI653297,1,1,1,0.9,0.9,name_postcode,2026-08-11,0
NI653471,1,1,3,0.9,0.9,name_postcode,2026-08-11,0
NI654390,1,1,1,0.9,0.9,name_postcode,2026-08-11,0
NI656568,1,1,1,0.9,0.9,name_postcode,2026-08-11,0
NI656758,1,1,1,0.9,0.9,name_postcode,2026-08-11,0
NI657015,1,1,0,0.9,0.9,name_postcode,2026-08-11,0
NI657772,1,1,2,0.9,0.9,name_postcode,2026-08-11,0
NI657918,1,1,6,0.9,0.9,name_postcode,2026-08-11,0
NI658148,1,1,1,0.9,0.9,name_postcode,2026-08-11,0
NI658639,1,1,3,0.9,0.9,name_postcode,2026-08-11,0
NI658649,1,1,1,0.9,0.9,name_postcode,2026-08-11,0
NI658717,1,2,17,0.9,0.9,name_postcode,2026-08-11,0
NI658912,1,1,1,0.9,0.9,name_postcode,2026-08-11,0
NI659493,1,1,1,0.8,0.8,name_postcode_area,2026-08-11,0
NI659880,1,1,0,0.9,0.9,name_postcode,2026-08-11,0
NI660167,1,1,1,0.9,0.9,name_postcode,2026-08-11,0
NI660269,1,1,1,0.9,0.9,name_postcode,2026-08-11,0
NI660847,1,1,4,0.9,0.9,name_postcode,2026-08-11,0
NI661253,1,1,2,0.9,0.9,name_postcode,2026-08-11,0
NI662579,1,1,1,0.9,0.9,name_postcode,2026-08-11,0
NI662650,1,1,2,0.9,0.9,name_postcode,2026-08-11,0
NI663613,1,1,1,0.9,0.9,name_postcode,2026-08-11,0
NI664179,1,1,1,0.9,0.9,name_postcode,2026-08-11,0
NI665083,1,1,2,0.9,0.9,name_postcode,2026-08-11,0
NI665781,1,1,5,0.9,0.9,name_postcode,2026-08-11,0
NI666311,1,2,3,0.9,0.9,name_postcode,2026-08-11,0
NI667180,1,1,1,0.9,0.9,name_postcode,2026-08-11,0
NI667396,1,1,6,0.9,0.9,name_postcode,2026-08-11,0
NI668400,1,1,2,0.9,0.9,name_postcode,2026-08-11,0
NI668614,1,1,1,0.9,0.9,name_postcode,2026-08-11,0
NI669059,1,1,1,0.9,0.9,name_postcode,2026-08-11,0
NI669398,1,1,1,0.9,0.9,name_postcode,2026-08-11,0
NI670805,1,1,4,0.9,0.9,name_postcode,2026-08-11,0
NI671487,1,1,1,0.9,0.9,name_postcode,2026-08-11,0
NI672382,1,1,1,0.9,0.9,name_postcode,2026-08-11,0
NI673040,1,1,1,0.9,0.9,name_postcode,2026-08-11,0
NI673778,1,1,0,0.9,0.9,name_postcode,2026-08-11,0
NI676210,1,1,1,0.9,0.9,name_postcode,2026-08-11,0
NI676570,1,1,4,0.9,0.9,name_postcode,2026-08-11,0
NI676691,1,1,4,0.9,0.9,name_postcode,2026-08-11,0
NI676870,1,1,1,0.9,0.9,name_postcode,2026-08-11,0
NI677236,1,1,3,0.8,0.8,name_postcode_area,2026-08-11,0
NI678612,1,1,1,0.9,0.9,name_postcode,2026-08-11,0
NI679559,1,1,1,0.9,0.9,name_postcode,2026-08-11,0
NI681919,1,1,1,0.9,0.9,name_postcode,2026-08-11,0
NI682359,1,1,1,0.9,0.9,name_postcode,2026-08-11,0
NI683147,1,1,1,0.9,0.9,name_postcode,2026-08-11,0
NI685087,1,1,2,0.9,0.9,name_postcode,2026-08-11,0
NI686323,1,1,2,0.9,0.9,name_postcode,2026-08-11,0
NI686923,1,1,0,0.9,0.9,name_postcode,2026-08-11,0
NI687170,1,1,1,0.9,0.9,name_postcode,2026-08-11,0
NI687773,1,1,1,0.9,0.9,name_postcode,2026-08-11,0
NI689750,1,1,1,0.9,0.9,name_postcode,2026-08-11,0
NI691716,1,1,1,0.9,0.9,name_postcode,2026-08-11,0
NI692004,1,1,1,0.9,0.9,name_postcode,2026-08-11,0
NI692104,1,1,1,0.9,0.9,name_postcode,2026-08-11,0
NI692328,1,1,1,0.9,0.9,name_postcode,2026-08-11,0
NI692352,1,1,0,0.9,0.9,name_postcode,2026-08-11,0
NI693084,1,1,1,0.9,0.9,name_postcode,2026-08-11,0
NI693230,1,1,1,0.9,0.9,name_postcode,2026-08-11,0
NI694343,1,1,1,0.9,0.9,name_postcode,2026-08-11,0
NI694720,1,1,1,0.9,0.9,name_postcode,2026-08-11,0
NI695853,1,1,1,0.9,0.9,name_postcode,2026-08-11,0
NI696386,1,1,1,0.9,0.9,name_postcode,2026-08-11,0
NI698453,1,1,0,0.9,0.9,name_postcode,2026-08-11,0
NI700388,1,1,1,0.9,0.9,name_postcode,2026-08-11,0
NI704674,1,1,0,0.9,0.9,name_postcode,2026-08-11,0
NI709560,1,1,2,0.9,0.9,name_postcode,2026-08-11,0
NI712589,1,1,2,0.9,0.9,name_postcode,2026-08-11,0
NI712608,1,1,1,0.9,0.9,name_postcode,2026-08-11,0
NI716326,1,1,1,0.9,0.9,name_postcode,2026-08-11,0
NI716327,1,1,2,0.9,0.9,name_postcode,2026-08-11,0
NI716815,1,1,0,0.9,0.9,name_postcode,2026-08-11,0
NI717003,1,1,2,0.9,0.9,name_postcode,2026-08-11,0
NI719780,1,1,1,0.9,0.9,name_postcode,2026-08-11,0
NI721213,1,1,1,0.9,0.9,name_postcode,2026-08-11,0
NI724782,1,1,1,0.9,0.9,name_postcode,2026-08-11,0
NI736572,1,1,0,0.9,0.9,name_postcode,2026-08-11,0
R0000713,1,1,1,0.8,0.8,name_postcode_area,2026-08-11,0
SC000750,1,2,5,0.9,0.9,name_postcode,2026-08-11,0
SC002042,1,1,1,0.9,0.9,name_postcode,2026-08-11,0
SC002934,1,2,6,0.9,0.9,name_postcode,2026-08-11,0
SC005657,1,1,0,0.9,0.9,name_postcode,2026-08-11,0
SC005830,1,1,2,0.9,0.9,name_postcode,2026-08-11,0
SC005832,1,1,0,0.9,0.9,name_postcode,2026-08-11,0
SC009292,1,3,145,0.9,0.9,name_postcode,2026-08-11,0
SC009324,1,1,2,0.9,0.9,name_postcode,2026-08-11,0
SC010612,1,1,1,0.9,0.9,name_postcode,2026-08-11,0
SC013418,1,1,8,0.9,0.9,name_postcode,2026-08-11,0
SC014583,1,1,2,0.9,0.9,name_postcode,2026-08-11,0
SC022553,1,2,3,0.9,0.8,name_postcode|name_postcode_area,2026-08-11,0
SC023339,1,1,1,0.9,0.9,name_postcode,2026-08-11,0
SC023572,1,1,2,0.9,0.9,name_postcode,2026-08-11,0
SC025270,1,1,1,0.9,0.9,name_postcode,2026-08-11,0
SC025860,1,1,1,0.9,0.9,name_postcode,2026-08-11,0
SC027139,1,1,1,0.9,0.9,name_postcode,2026-08-11,0
SC029454,1,1,5,0.9,0.9,name_postcode,2026-08-11,0
SC030096,1,1,1,0.9,0.9,name_postcode,2026-08-11,0
SC031780,1,1,5,0.9,0.9,name_postcode,2026-08-11,0
SC035460,1,1,3,0.9,0.9,name_postcode,2026-08-11,0
SC037896,1,1,1,0.9,0.9,name_postcode,2026-08-11,0
SC038385,1,1,13,0.9,0.9,name_postcode,2026-08-11,0
SC040040,1,1,3,0.9,0.9,name_postcode,2026-08-11,0
SC042020,1,1,1,0.9,0.9,name_postcode,2026-08-11,0
SC042330,1,1,3,0.9,0.9,name_postcode,2026-08-11,0
SC043553,1,1,1,0.9,0.9,name_postcode,2026-08-11,0
SC044504,1,1,2,0.9,0.9,name_postcode,2026-08-11,0
SC045567,1,1,1,0.9,0.9,name_postcode,2026-08-11,0
SC048005,1,2,12,0.9,0.9,name_postcode,2026-08-11,0
SC048969,1,1,1,0.9,0.9,name_postcode,2026-08-11,0
SC049123,1,1,2,0.9,0.9,name_postcode,2026-08-11,0
SC050045,1,1,0,0.9,0.9,name_postcode,2026-08-11,0
SC052366,1,1,1,0.9,0.9,name_postcode,2026-08-11,0
SC053525,1,1,3,0.9,0.9,name_postcode,2026-08-11,0
SC054448,1,1,3,0.9,0.9,name_postcode,2026-08-11,0
SC055532,1,2,4,0.8,0.8,name_postcode_area,2026-08-11,0
SC056430,1,3,28,0.9,0.9,name_postcode,2026-08-11,0
SC056500,1,1,1,0.9,0.9,name_postcode,2026-08-11,0
SC064099,1,1,0,0.9,0.9,name_postcode,2026-08-11,0
SC064691,1,1,1,0.9,0.9,name_postcode,2026-08-11,0
SC066331,1,1,1,0.9,0.9,name_postcode,2026-08-11,0
SC067048,1,1,2,0.9,0.9,name_postcode,2026-08-11,0
SC067639,1,1,1,0.9,0.9,name_postcode,2026-08-11,0
SC068493,1,1,2,0.9,0.9,name_postcode,2026-08-11,0
SC072700,1,1,1,0.9,0.9,name_postcode,2026-08-11,0
SC078368,1,1,8,0.9,0.9,name_postcode,2026-08-11,0
SC079773,1,3,8,0.9,0.9,name_postcode,2026-08-11,0
SC082239,1,1,1,0.8,0.8,name_postcode_area,2026-08-11,0
SC083107,1,1,3,0.9,0.9,name_postcode,2026-08-11,0
SC083927,1,1,2,0.9,0.9,name_postcode,2026-08-11,0
SC084170,1,1,43,0.9,0.9,name_postcode,2026-08-11,0
SC084543,1,1,1,0.9,0.9,name_postcode,2026-08-11,0
SC084742,1,1,1,0.9,0.9,name_postcode,2026-08-11,0
SC084860,1,1,2,0.9,0.9,name_postcode,2026-08-11,0
SC086146,1,1,1,0.9,0.9,name_postcode,2026-08-11,0
SC089478,1,2,2,0.9,0.9,name_postcode,2026-08-11,0
SC092026,1,1,0,0.9,0.9,name_postcode,2026-08-11,0
SC093877,1,1,1,0.9,0.9,name_postcode,2026-08-11,0
SC095153,1,1,1,0.9,0.9,name_postcode,2026-08-11,0
SC095810,1,1,1,0.9,0.9,name_postcode,2026-08-11,0
SC096773,1,1,1,0.9,0.9,name_postcode,2026-08-11,0
SC097369,1,1,1,0.9,0.9,name_postcode,2026-08-11,0
SC097725,1,1,0,0.9,0.9,name_postcode,2026-08-11,0
SC099049,1,1,0,0.9,0.9,name_postcode,2026-08-11,0
SC100763,1,1,1,0.9,0.9,name_postcode,2026-08-11,0
SC100764,1,2,4,0.9,0.9,name_postcode,2026-08-11,0
SC100833,1,1,5,0.8,0.8,name_postcode_area,2026-08-11,0
SC101959,1,1,2,0.9,0.9,name_postcode,2026-08-11,0
SC102969,1,1,2,0.9,0.9,name_postcode,2026-08-11,0
SC103046,1,2,59,0.9,0.9,name_postcode,2026-08-11,0
SC103082,1,1,0,0.9,0.9,name_postcode,2026-08-11,0
SC104362,1,1,2,0.9,0.9,name_postcode,2026-08-11,0
SC104949,1,1,1,0.9,0.9,name_postcode,2026-08-11,0
SC105013,1,1,1,0.9,0.9,name_postcode,2026-08-11,0
SC106743,1,1,3,0.9,0.9,name_postcode,2026-08-11,0
SC107343,1,1,1,0.9,0.9,name_postcode,2026-08-11,0
SC107439,1,1,5,0.9,0.9,name_postcode,2026-08-11,0
SC109744,1,2,3,0.9,0.9,name_postcode,2026-08-11,0
SC112421,1,1,0,0.9,0.9,name_postcode,2026-08-11,0
SC115313,1,1,1,0.9,0.9,name_postcode,2026-08-11,0
SC115530,1,1,7,0.9,0.9,name_postcode,2026-08-11,0
SC116801,1,2,1,0.9,0.9,name_postcode,2026-08-11,0
SC117119,1,1,13,0.9,0.9,name_postcode,2026-08-11,0
SC119586,1,1,3,0.9,0.9,name_postcode,2026-08-11,0
SC119617,1,1,1,0.8,0.8,name_postcode_area,2026-08-11,0
SC121230,1,1,1,0.9,0.9,name_postcode,2026-08-11,0
SC121376,1,1,40,0.9,0.9,name_postcode,2026-08-11,0
SC122029,1,1,2,0.9,0.9,name_postcode,2026-08-11,0
SC122228,1,1,2,0.9,0.9,name_postcode,2026-08-11,0
SC123684,1,1,2,0.9,0.9,name_postcode,2026-08-11,0
SC128179,1,1,1,0.9,0.9,name_postcode,2026-08-11,0
SC129785,1,2,6,0.9,0.9,name_postcode,2026-08-11,0
SC129889,1,1,1,0.9,0.9,name_postcode,2026-08-11,0
SC132162,1,1,0,0.9,0.9,name_postcode,2026-08-11,0
SC132331,1,1,1,0.9,0.9,name_postcode,2026-08-11,0
SC134248,1,1,1,0.9,0.9,name_postcode,2026-08-11,0
SC135440,1,2,6,0.9,0.8,name_postcode|name_postcode_area,2026-08-11,0
SC138846,1,1,0,0.9,0.9,name_postcode,2026-08-11,0
SC139685,1,1,2,0.9,0.9,name_postcode,2026-08-11,0
SC139953,1,1,1,0.9,0.9,name_postcode,2026-08-11,0
SC140062,1,1,1,0.8,0.8,name_postcode_area,2026-08-11,0
SC140865,1,1,1,0.9,0.9,name_postcode,2026-08-11,0
SC141727,1,1,4,0.9,0.9,name_postcode,2026-08-11,0
SC145660,1,1,1,0.9,0.9,name_postcode,2026-08-11,0
SC147093,1,2,4,0.9,0.9,name_postcode,2026-08-11,0
SC147882,1,1,0,0.9,0.9,name_postcode,2026-08-11,0
SC149440,1,2,60,0.9,0.9,name_postcode,2026-08-11,0
SC149664,1,1,1,0.8,0.8,name_postcode_area,2026-08-11,0
SC151439,1,1,1,0.9,0.9,name_postcode,2026-08-11,0
SC151456,1,1,12,0.9,0.9,name_postcode,2026-08-11,0
SC152367,1,1,0,0.9,0.9,name_postcode,2026-08-11,0
SC153915,1,1,1,0.8,0.8,name_postcode_area,2026-08-11,0
SC157594,1,1,2,0.9,0.9,name_postcode,2026-08-11,0
SC158161,1,1,1,0.9,0.9,name_postcode,2026-08-11,0
SC158731,1,1,0,0.9,0.9,name_postcode,2026-08-11,0
SC159080,1,1,2,0.9,0.9,name_postcode,2026-08-11,0
SC160041,1,1,1,0.9,0.9,name_postcode,2026-08-11,0
SC161777,1,1,1,0.9,0.9,name_postcode,2026-08-11,0
SC162823,1,1,1,0.9,0.9,name_postcode,2026-08-11,0
SC165028,1,1,1,0.9,0.9,name_postcode,2026-08-11,0
SC165567,1,2,1,0.9,0.9,name_postcode,2026-08-11,0
SC167731,1,1,2,0.8,0.8,name_postcode_area,2026-08-11,0
SC169803,1,1,0,0.9,0.9,name_postcode,2026-08-11,0
SC170891,1,1,0,0.9,0.9,name_postcode,2026-08-11,0
SC172149,1,1,1,0.9,0.9,name_postcode,2026-08-11,0
SC173061,1,2,32,0.9,0.8,name_postcode|name_postcode_area,2026-08-11,0
SC177721,1,1,0,0.9,0.9,name_postcode,2026-08-11,0
SC177881,1,1,3,0.9,0.9,name_postcode,2026-08-11,0
SC177956,1,1,1,0.8,0.8,name_postcode_area,2026-08-11,0
SC177997,1,1,3,0.9,0.9,name_postcode,2026-08-11,0
SC179731,1,1,1,0.9,0.9,name_postcode,2026-08-11,0
SC182258,1,1,2,0.9,0.9,name_postcode,2026-08-11,0
SC185653,1,1,1,0.9,0.9,name_postcode,2026-08-11,0
SC186341,1,1,1,0.8,0.8,name_postcode_area,2026-08-11,0
SC189385,1,2,1,0.9,0.9,name_postcode,2026-08-11,0
SC190078,1,2,3,0.9,0.9,name_postcode,2026-08-11,0
SC190620,1,1,2,0.9,0.9,name_postcode,2026-08-11,0
SC191805,1,1,0,0.9,0.9,name_postcode,2026-08-11,0
SC193794,1,1,1,0.8,0.8,name_postcode_area,2026-08-11,0
SC193890,1,1,3,0.9,0.9,name_postcode,2026-08-11,0
SC194014,1,2,12,0.9,0.9,name_postcode,2026-08-11,0
SC195077,1,1,3,0.9,0.9,name_postcode,2026-08-11,0
SC196218,1,1,2,0.9,0.9,name_postcode,2026-08-11,0
SC200728,1,1,1,0.8,0.8,name_postcode_area,2026-08-11,0
SC203475,1,1,1,0.8,0.8,name_postcode_area,2026-08-11,0
SC203585,1,1,1,0.8,0.8,name_postcode_area,2026-08-11,0
SC203822,1,1,9,0.9,0.9,name_postcode,2026-08-11,0
SC206441,1,1,13,0.9,0.9,name_postcode,2026-08-11,0
SC207302,1,2,8,0.9,0.8,name_postcode|name_postcode_area,2026-08-11,0
SC207776,1,1,1,0.9,0.9,name_postcode,2026-08-11,0
SC209059,1,1,1,0.9,0.9,name_postcode,2026-08-11,0
SC209196,1,1,1,0.9,0.9,name_postcode,2026-08-11,0
SC209740,1,1,3,0.9,0.9,name_postcode,2026-08-11,0
SC209844,1,1,1,0.9,0.9,name_postcode,2026-08-11,0
SC209936,1,1,1,0.9,0.9,name_postcode,2026-08-11,0
SC210844,1,1,2,0.9,0.9,name_postcode,2026-08-11,0
SC211231,1,1,1,0.9,0.9,name_postcode,2026-08-11,0
SC211425,1,1,0,0.9,0.9,name_postcode,2026-08-11,0
SC211759,1,2,48,0.9,0.8,name_postcode|name_postcode_area,2026-08-11,0
SC212277,1,1,1,0.9,0.9,name_postcode,2026-08-11,0
SC212868,1,1,3,0.9,0.9,name_postcode,2026-08-11,0
SC215123,1,1,0,0.8,0.8,name_postcode_area,2026-08-11,0
SC215164,1,1,60,0.9,0.9,name_postcode,2026-08-11,0
SC216070,1,1,2,0.9,0.9,name_postcode,2026-08-11,0
SC216439,1,1,1,0.9,0.9,name_postcode,2026-08-11,0
SC219023,1,1,1,0.9,0.9,name_postcode,2026-08-11,0
SC220609,1,2,3,0.9,0.8,name_postcode|name_postcode_area,2026-08-11,0
SC220678,1,2,1,0.9,0.9,name_postcode,2026-08-11,0
SC222485,1,1,11,0.9,0.9,name_postcode,2026-08-11,0
SC226257,1,2,8,0.9,0.8,name_postcode|name_postcode_area,2026-08-11,0
SC228212,1,1,2,0.9,0.9,name_postcode,2026-08-11,0
SC228254,1,2,2,0.9,0.9,name_postcode,2026-08-11,0
SC230143,1,2,3,0.9,0.8,name_postcode|name_postcode_area,2026-08-11,0
SC230773,1,2,8,0.9,0.9,name_postcode,2026-08-11,0
SC232226,1,1,1,0.9,0.9,name_postcode,2026-08-11,0
SC232228,1,1,10,0.9,0.9,name_postcode,2026-08-11,0
SC233895,1,1,1,0.9,0.9,name_postcode,2026-08-11,0
SC234188,1,1,1,0.8,0.8,name_postcode_area,2026-08-11,0
SC236105,1,1,6,0.9,0.9,name_postcode,2026-08-11,0
SC237960,1,1,1,0.9,0.9,name_postcode,2026-08-11,0
SC238834,1,1,1,0.9,0.9,name_postcode,2026-08-11,0
SC240229,1,1,3,0.8,0.8,name_postcode_area,2026-08-11,0
SC241791,1,1,5,0.9,0.9,name_postcode,2026-08-11,0
SC242118,1,1,1,0.8,0.8,name_postcode_area,2026-08-11,0
SC242516,1,1,1,0.9,0.9,name_postcode,2026-08-11,0
SC244071,1,1,0,0.9,0.9,name_postcode,2026-08-11,0
SC244596,1,1,44,0.9,0.9,name_postcode,2026-08-11,0
SC249331,1,1,51,0.9,0.9,name_postcode,2026-08-11,0
SC254498,1,1,3,0.9,0.9,name_postcode,2026-08-11,0
SC255145,1,1,5,0.9,0.9,name_postcode,2026-08-11,0
SC258229,1,1,12,0.9,0.9,name_postcode,2026-08-11,0
SC259899,1,2,19,0.9,0.8,name_postcode|name_postcode_area,2026-08-11,0
SC259964,1,1,0,0.8,0.8,name_postcode_area,2026-08-11,0
SC259987,1,1,2,0.9,0.9,name_postcode,2026-08-11,0
SC260503,1,1,1,0.9,0.9,name_postcode,2026-08-11,0
SC262080,1,1,1,0.9,0.9,name_postcode,2026-08-11,0
SC262922,1,1,1,0.9,0.9,name_postcode,2026-08-11,0
SC263855,1,1,2,0.9,0.9,name_postcode,2026-08-11,0
SC266272,1,1,1,0.8,0.8,name_postcode_area,2026-08-11,0
SC266512,1,1,1,0.8,0.8,name_postcode_area,2026-08-11,0
SC266980,1,1,1,0.8,0.8,name_postcode_area,2026-08-11,0
SC267035,1,2,14,0.9,0.9,name_postcode,2026-08-11,0
SC267848,1,1,1,0.9,0.9,name_postcode,2026-08-11,0
SC267975,1,1,1,0.9,0.9,name_postcode,2026-08-11,0
SC268673,1,1,1,0.9,0.9,name_postcode,2026-08-11,0
SC269107,1,1,1,0.8,0.8,name_postcode_area,2026-08-11,0
SC272146,1,2,1,0.8,0.8,name_postcode_area,2026-08-11,0
SC273548,1,1,1,0.8,0.8,name_postcode_area,2026-08-11,0
SC274983,1,1,1,0.9,0.9,name_postcode,2026-08-11,0
SC276517,1,1,1,0.9,0.9,name_postcode,2026-08-11,0
SC279398,1,1,1,0.9,0.9,name_postcode,2026-08-11,0
SC280250,1,1,1,0.9,0.9,name_postcode,2026-08-11,0
SC283178,1,1,2,0.9,0.9,name_postcode,2026-08-11,0
SC284351,1,1,9,0.9,0.9,name_postcode,2026-08-11,0
SC285425,1,1,2,0.9,0.9,name_postcode,2026-08-11,0
SC285819,1,2,3,0.9,0.9,name_postcode,2026-08-11,0
SC288225,1,1,0,0.9,0.9,name_postcode,2026-08-11,0
SC288738,1,1,1,0.9,0.9,name_postcode,2026-08-11,0
SC289378,1,1,0,0.9,0.9,name_postcode,2026-08-11,0
SC290246,1,1,1,0.9,0.9,name_postcode,2026-08-11,0
SC291013,1,1,2,0.9,0.9,name_postcode,2026-08-11,0
SC291468,1,1,0,0.9,0.9,name_postcode,2026-08-11,0
SC292116,1,1,3,0.9,0.9,name_postcode,2026-08-11,0
SC293438,1,3,19,0.9,0.9,name_postcode,2026-08-11,0
SC293690,1,1,17,0.9,0.9,name_postcode,2026-08-11,0
SC294115,1,1,0,0.9,0.9,name_postcode,2026-08-11,0
SC294606,1,1,0,0.8,0.8,name_postcode_area,2026-08-11,0
SC294883,1,1,5,0.9,0.9,name_postcode,2026-08-11,0
SC295524,1,1,1,0.9,0.9,name_postcode,2026-08-11,0
SC295828,1,1,1,0.9,0.9,name_postcode,2026-08-11,0
SC296299,1,1,0,0.8,0.8,name_postcode_area,2026-08-11,0
SC296737,1,1,7,0.9,0.9,name_postcode,2026-08-11,0
SC296805,1,1,1,0.9,0.9,name_postcode,2026-08-11,0
SC296886,1,1,1,0.9,0.9,name_postcode,2026-08-11,0
SC297219,1,2,1,0.9,0.9,name_postcode,2026-08-11,0
SC297823,1,1,1,0.8,0.8,name_postcode_area,2026-08-11,0
SC299422,1,1,1,0.9,0.9,name_postcode,2026-08-11,0
SC300544,1,1,5,0.9,0.9,name_postcode,2026-08-11,0
SC300618,1,1,1,0.9,0.9,name_postcode,2026-08-11,0
SC300734,1,1,1,0.9,0.9,name_postcode,2026-08-11,0
SC303502,1,1,1,0.8,0.8,name_postcode_area,2026-08-11,0
SC304934,1,1,1,0.9,0.9,name_postcode,2026-08-11,0
SC306908,1,1,1,0.9,0.9,name_postcode,2026-08-11,0
SC310019,1,1,1,0.9,0.9,name_postcode,2026-08-11,0
SC310150,1,1,1,0.9,0.9,name_postcode,2026-08-11,0
SC312966,1,1,1,0.9,0.9,name_postcode,2026-08-11,0
SC317594,1,1,3,0.9,0.9,name_postcode,2026-08-11,0
SC317760,1,1,1,0.9,0.9,name_postcode,2026-08-11,0
SC317987,1,1,1,0.8,0.8,name_postcode_area,2026-08-11,0
SC318365,1,2,1,0.9,0.9,name_postcode,2026-08-11,0
SC319581,1,2,2,0.9,0.8,name_postcode|name_postcode_area,2026-08-11,0
SC319767,1,1,2,0.9,0.9,name_postcode,2026-08-11,0
SC321109,1,1,2,0.9,0.9,name_postcode,2026-08-11,0
SC324508,1,1,5,0.8,0.8,name_postcode_area,2026-08-11,0
SC324605,1,1,1,0.9,0.9,name_postcode,2026-08-11,0
SC325323,1,1,1,0.9,0.9,name_postcode,2026-08-11,0
SC328092,1,1,1,0.9,0.9,name_postcode,2026-08-11,0
SC328529,1,1,1,0.8,0.8,name_postcode_area,2026-08-11,0
SC328821,1,1,1,0.9,0.9,name_postcode,2026-08-11,0
SC330430,1,1,1,0.9,0.9,name_postcode,2026-08-11,0
SC330746,1,1,3,0.9,0.9,name_postcode,2026-08-11,0
SC331999,1,1,1,0.9,0.9,name_postcode,2026-08-11,0
SC333763,1,2,5,0.9,0.8,name_postcode|name_postcode_area,2026-08-11,0
SC335158,1,1,2,0.9,0.9,name_postcode,2026-08-11,0
SC335694,1,1,6,0.9,0.9,name_postcode,2026-08-11,0
SC336908,1,1,1,0.9,0.9,name_postcode,2026-08-11,0
SC338855,1,1,5,0.9,0.9,name_postcode,2026-08-11,0
SC339323,1,2,7,0.9,0.9,name_postcode,2026-08-11,0
SC339873,1,1,0,0.9,0.9,name_postcode,2026-08-11,0
SC341779,1,3,19,0.9,0.9,name_postcode,2026-08-11,0
SC342727,1,1,1,0.9,0.9,name_postcode,2026-08-11,0
SC344459,1,1,1,0.9,0.9,name_postcode,2026-08-11,0
SC344695,1,2,8,0.9,0.8,name_postcode|name_postcode_area,2026-08-11,0
SC344935,1,1,3,0.9,0.9,name_postcode,2026-08-11,0
SC345129,1,2,3,0.9,0.9,name_postcode,2026-08-11,0
SC346874,1,1,3,0.9,0.9,name_postcode,2026-08-11,0
SC347506,1,1,1,0.9,0.9,name_postcode,2026-08-11,0
SC347669,1,2,10,0.9,0.9,name_postcode,2026-08-11,0
SC348293,1,2,3,0.8,0.8,name_postcode_area,2026-08-11,0
SC350640,1,1,1,0.9,0.9,name_postcode,2026-08-11,0
SC351531,1,1,0,0.9,0.9,name_postcode,2026-08-11,0
SC354076,1,1,3,0.9,0.9,name_postcode,2026-08-11,0
SC354692,1,1,1,0.9,0.9,name_postcode,2026-08-11,0
SC358996,1,2,10,0.9,0.8,name_postcode|name_postcode_area,2026-08-11,0
SC359548,1,1,0,0.9,0.9,name_postcode,2026-08-11,0
SC360733,1,1,1,0.9,0.9,name_postcode,2026-08-11,0
SC363190,1,1,3,0.9,0.9,name_postcode,2026-08-11,0
SC364214,1,2,2,0.9,0.9,name_postcode,2026-08-11,0
SC366016,1,1,1,0.9,0.9,name_postcode,2026-08-11,0
SC366175,1,1,1,0.9,0.9,name_postcode,2026-08-11,0
SC367807,1,1,5,0.9,0.9,name_postcode,2026-08-11,0
SC368469,1,1,1,0.9,0.9,name_postcode,2026-08-11,0
SC369172,1,2,4,0.9,0.8,name_postcode|name_postcode_area,2026-08-11,0
SC369585,1,1,2,0.9,0.9,name_postcode,2026-08-11,0
SC370460,1,2,1,0.9,0.9,name_postcode,2026-08-11,0
SC371389,1,2,11,0.9,0.9,name_postcode,2026-08-11,0
SC371390,1,1,1,0.9,0.9,name_postcode,2026-08-11,0
SC373464,1,1,2,0.8,0.8,name_postcode_area,2026-08-11,0
SC373596,1,1,2,0.9,0.9,name_postcode,2026-08-11,0
SC374587,1,1,1,0.9,0.9,name_postcode,2026-08-11,0
SC374831,1,2,74,0.9,0.9,name_postcode,2026-08-11,0
SC376550,1,1,1,0.9,0.9,name_postcode,2026-08-11,0
SC377370,1,1,2,0.9,0.9,name_postcode,2026-08-11,0
SC377695,1,1,0,0.9,0.9,name_postcode,2026-08-11,0
SC377928,1,1,6,0.9,0.9,name_postcode,2026-08-11,0
SC378166,1,1,0,0.9,0.9,name_postcode,2026-08-11,0
SC378432,1,1,1,0.9,0.9,name_postcode,2026-08-11,0
SC379385,1,2,4,0.9,0.9,name_postcode,2026-08-11,0
SC380297,1,2,1,0.8,0.8,name_postcode_area,2026-08-11,0
SC383289,1,1,1,0.9,0.9,name_postcode,2026-08-11,0
SC385696,1,1,2,0.9,0.9,name_postcode,2026-08-11,0
SC385951,1,1,1,0.9,0.9,name_postcode,2026-08-11,0
SC386494,1,1,1,0.9,0.9,name_postcode,2026-08-11,0
SC388915,1,1,0,0.9,0.9,name_postcode,2026-08-11,0
SC389309,1,1,2,0.9,0.9,name_postcode,2026-08-11,0
SC389555,1,1,7,0.9,0.9,name_postcode,2026-08-11,0
SC389822,1,1,1,0.9,0.9,name_postcode,2026-08-11,0
SC389943,1,1,3,0.9,0.9,name_postcode,2026-08-11,0
SC390591,1,1,1,0.8,0.8,name_postcode_area,2026-08-11,0
SC394047,1,1,3,0.9,0.9,name_postcode,2026-08-11,0
SC394102,1,1,6,0.9,0.9,name_postcode,2026-08-11,0
SC394194,1,1,1,0.9,0.9,name_postcode,2026-08-11,0
SC394571,1,1,1,0.9,0.9,name_postcode,2026-08-11,0
SC395574,1,1,2,0.9,0.9,name_postcode,2026-08-11,0
SC395671,1,1,2,0.9,0.9,name_postcode,2026-08-11,0
SC400828,1,1,1,0.9,0.9,name_postcode,2026-08-11,0
SC401416,1,1,1,0.8,0.8,name_postcode_area,2026-08-11,0
SC402327,1,2,2,0.8,0.8,name_postcode_area,2026-08-11,0
SC403657,1,1,1,0.9,0.9,name_postcode,2026-08-11,0
SC405081,1,1,2,0.9,0.9,name_postcode,2026-08-11,0
SC405083,1,1,2,0.8,0.8,name_postcode_area,2026-08-11,0
SC407170,1,1,1,0.9,0.9,name_postcode,2026-08-11,0
SC407230,1,1,12,0.9,0.9,name_postcode,2026-08-11,0
SC407510,1,1,2,0.8,0.8,name_postcode_area,2026-08-11,0
SC408109,1,1,3,0.9,0.9,name_postcode,2026-08-11,0
SC409777,1,1,1,0.9,0.9,name_postcode,2026-08-11,0
SC410830,1,1,1,0.9,0.9,name_postcode,2026-08-11,0
SC412084,1,2,6,0.9,0.9,name_postcode,2026-08-11,0
SC412248,1,1,1,0.9,0.9,name_postcode,2026-08-11,0
SC412895,1,1,0,0.9,0.9,name_postcode,2026-08-11,0
SC414386,1,1,1,0.8,0.8,name_postcode_area,2026-08-11,0
SC416827,1,1,1,0.9,0.9,name_postcode,2026-08-11,0
SC417833,1,2,2,0.9,0.8,name_postcode|name_postcode_area,2026-08-11,0
SC418649,1,1,1,0.9,0.9,name_postcode,2026-08-11,0
SC418945,1,4,2,0.9,0.9,name_postcode,2026-08-11,0
SC419797,1,2,140,0.9,0.9,name_postcode,2026-08-11,0
SC423816,1,1,2,0.9,0.9,name_postcode,2026-08-11,0
SC424501,1,1,4,0.9,0.9,name_postcode,2026-08-11,0
SC425073,1,1,1,0.8,0.8,name_postcode_area,2026-08-11,0
SC426874,1,1,4,0.8,0.8,name_postcode_area,2026-08-11,0
SC427899,1,1,3,0.9,0.9,name_postcode,2026-08-11,0
SC428416,1,1,2,0.9,0.9,name_postcode,2026-08-11,0
SC428542,1,1,1,0.9,0.9,name_postcode,2026-08-11,0
SC431145,1,1,1,0.9,0.9,name_postcode,2026-08-11,0
SC433078,1,1,0,0.8,0.8,name_postcode_area,2026-08-11,0
SC433541,1,1,2,0.9,0.9,name_postcode,2026-08-11,0
SC433924,1,1,7,0.9,0.9,name_postcode,2026-08-11,0
SC434618,1,1,1,0.9,0.9,name_postcode,2026-08-11,0
SC435086,1,1,1,0.8,0.8,name_postcode_area,2026-08-11,0
SC437126,1,2,2,0.9,0.9,name_postcode,2026-08-11,0
SC438882,1,1,5,0.9,0.9,name_postcode,2026-08-11,0
SC440980,1,1,1,0.9,0.9,name_postcode,2026-08-11,0
SC441468,1,1,1,0.9,0.9,name_postcode,2026-08-11,0
SC442464,1,1,1,0.9,0.9,name_postcode,2026-08-11,0
SC443507,1,1,1,0.8,0.8,name_postcode_area,2026-08-11,0
SC443737,1,1,2,0.9,0.9,name_postcode,2026-08-11,0
SC445010,1,1,1,0.9,0.9,name_postcode,2026-08-11,0
SC445109,1,1,1,0.9,0.9,name_postcode,2026-08-11,0
SC446111,1,1,0,0.8,0.8,name_postcode_area,2026-08-11,0
SC446877,1,1,1,0.8,0.8,name_postcode_area,2026-08-11,0
SC449922,1,1,1,0.9,0.9,name_postcode,2026-08-11,0
SC449973,1,1,1,0.9,0.9,name_postcode,2026-08-11,0
SC450861,1,1,1,0.9,0.9,name_postcode,2026-08-11,0
SC452196,1,1,1,0.9,0.9,name_postcode,2026-08-11,0
SC454090,1,1,1,0.9,0.9,name_postcode,2026-08-11,0
SC455920,1,1,1,0.9,0.9,name_postcode,2026-08-11,0
SC456839,1,1,1,0.9,0.9,name_postcode,2026-08-11,0
SC459783,1,1,3,0.8,0.8,name_postcode_area,2026-08-11,0
SC460884,1,1,4,0.9,0.9,name_postcode,2026-08-11,0
SC461469,1,1,9,0.9,0.9,name_postcode,2026-08-11,0
SC463676,1,1,2,0.9,0.9,name_postcode,2026-08-11,0
SC463860,1,1,1,0.8,0.8,name_postcode_area,2026-08-11,0
SC464028,1,1,2,0.9,0.9,name_postcode,2026-08-11,0
SC465719,1,2,9,0.9,0.9,name_postcode,2026-08-11,0
SC465842,1,1,2,0.9,0.9,name_postcode,2026-08-11,0
SC467501,1,1,1,0.9,0.9,name_postcode,2026-08-11,0
SC467513,1,3,14,0.9,0.9,name_postcode,2026-08-11,0
SC467897,1,1,0,0.9,0.9,name_postcode,2026-08-11,0
SC471006,1,1,1,0.9,0.9,name_postcode,2026-08-11,0
SC471651,1,1,1,0.8,0.8,name_postcode_area,2026-08-11,0
SC473917,1,1,1,0.9,0.9,name_postcode,2026-08-11,0
SC475291,1,1,1,0.8,0.8,name_postcode_area,2026-08-11,0
SC476268,1,1,1,0.9,0.9,name_postcode,2026-08-11,0
SC476430,1,1,3,0.9,0.9,name_postcode,2026-08-11,0
SC478236,1,1,1,0.9,0.9,name_postcode,2026-08-11,0
SC478580,1,1,1,0.8,0.8,name_postcode_area,2026-08-11,0
SC481435,1,1,2,0.8,0.8,name_postcode_area,2026-08-11,0
SC482883,1,1,1,0.9,0.9,name_postcode,2026-08-11,0
SC483145,1,1,0,0.9,0.9,name_postcode,2026-08-11,0
SC487045,1,1,1,0.8,0.8,name_postcode_area,2026-08-11,0
SC489525,1,1,1,0.9,0.9,name_postcode,2026-08-11,0
SC489583,1,1,1,0.9,0.9,name_postcode,2026-08-11,0
SC489649,1,1,1,0.9,0.9,name_postcode,2026-08-11,0
SC491283,1,1,2,0.9,0.9,name_postcode,2026-08-11,0
SC492581,1,1,0,0.8,0.8,name_postcode_area,2026-08-11,0
SC492820,1,1,1,0.9,0.9,name_postcode,2026-08-11,0
SC493745,1,1,1,0.8,0.8,name_postcode_area,2026-08-11,0
SC493764,1,1,1,0.9,0.9,name_postcode,2026-08-11,0
SC495625,1,1,4,0.9,0.9,name_postcode,2026-08-11,0
SC496410,1,1,1,0.8,0.8,name_postcode_area,2026-08-11,0
SC499652,1,1,0,0.9,0.9,name_postcode,2026-08-11,0
SC501215,1,1,7,0.9,0.9,name_postcode,2026-08-11,0
SC501356,1,1,0,0.9,0.9,name_postcode,2026-08-11,0
SC501617,1,1,1,0.9,0.9,name_postcode,2026-08-11,0
SC503325,1,1,1,0.9,0.9,name_postcode,2026-08-11,0
SC503985,1,1,0,0.8,0.8,name_postcode_area,2026-08-11,0
SC504664,1,1,0,0.8,0.8,name_postcode_area,2026-08-11,0
SC505862,1,1,0,0.9,0.9,name_postcode,2026-08-11,0
SC506374,1,1,1,0.9,0.9,name_postcode,2026-08-11,0
SC506433,1,1,2,0.9,0.9,name_postcode,2026-08-11,0
SC506885,1,1,2,0.9,0.9,name_postcode,2026-08-11,0
SC506971,1,2,1,0.9,0.9,name_postcode,2026-08-11,0
SC507046,1,1,1,0.9,0.9,name_postcode,2026-08-11,0
SC508650,1,1,0,0.9,0.9,name_postcode,2026-08-11,0
SC509285,1,1,0,0.9,0.9,name_postcode,2026-08-11,0
SC509328,1,1,1,0.9,0.9,name_postcode,2026-08-11,0
SC511150,1,1,0,0.9,0.9,name_postcode,2026-08-11,0
SC512315,1,1,4,0.9,0.9,name_postcode,2026-08-11,0
SC512739,1,1,0,0.9,0.9,name_postcode,2026-08-11,0
SC513633,1,1,5,0.9,0.9,name_postcode,2026-08-11,0
SC513637,1,1,1,0.9,0.9,name_postcode,2026-08-11,0
SC514876,1,1,3,0.9,0.9,name_postcode,2026-08-11,0
SC515025,1,1,2,0.9,0.9,name_postcode,2026-08-11,0
SC515587,1,1,3,0.9,0.9,name_postcode,2026-08-11,0
SC517380,1,1,1,0.9,0.9,name_postcode,2026-08-11,0
SC518201,1,1,4,0.9,0.9,name_postcode,2026-08-11,0
SC518335,1,1,4,0.9,0.9,name_postcode,2026-08-11,0
SC519601,1,1,1,0.9,0.9,name_postcode,2026-08-11,0
SC520419,1,2,8,0.9,0.9,name_postcode,2026-08-11,0
SC520672,1,1,1,0.9,0.9,name_postcode,2026-08-11,0
SC520998,1,1,1,0.9,0.9,name_postcode,2026-08-11,0
SC522974,1,1,0,0.9,0.9,name_postcode,2026-08-11,0
SC525760,1,1,1,0.9,0.9,name_postcode,2026-08-11,0
SC527023,1,1,1,0.9,0.9,name_postcode,2026-08-11,0
SC528224,1,1,1,0.9,0.9,name_postcode,2026-08-11,0
SC529447,1,3,10,0.9,0.9,name_postcode,2026-08-11,0
SC529826,1,1,3,0.9,0.9,name_postcode,2026-08-11,0
SC530940,1,1,0,0.9,0.9,name_postcode,2026-08-11,0
SC531151,1,1,0,0.9,0.9,name_postcode,2026-08-11,0
SC532460,1,1,3,0.9,0.9,name_postcode,2026-08-11,0
SC535193,1,1,0,0.9,0.9,name_postcode,2026-08-11,0
SC535447,1,1,3,0.9,0.9,name_postcode,2026-08-11,0
SC536773,1,1,2,0.9,0.9,name_postcode,2026-08-11,0
SC540146,1,1,1,0.9,0.9,name_postcode,2026-08-11,0
SC541392,1,1,1,0.9,0.9,name_postcode,2026-08-11,0
SC541728,1,1,1,0.9,0.9,name_postcode,2026-08-11,0
SC542009,1,1,1,0.9,0.9,name_postcode,2026-08-11,0
SC543113,1,1,2,0.9,0.9,name_postcode,2026-08-11,0
SC543706,1,1,1,0.9,0.9,name_postcode,2026-08-11,0
SC544670,1,1,2,0.9,0.9,name_postcode,2026-08-11,0
SC544709,1,2,3,0.9,0.9,name_postcode,2026-08-11,0
SC547071,1,1,0,0.9,0.9,name_postcode,2026-08-11,0
SC548124,1,1,2,0.9,0.9,name_postcode,2026-08-11,0
SC549732,1,1,1,0.9,0.9,name_postcode,2026-08-11,0
SC551030,1,2,1,0.9,0.9,name_postcode,2026-08-11,0
SC551681,1,1,3,0.9,0.9,name_postcode,2026-08-11,0
SC553315,1,1,4,0.9,0.9,name_postcode,2026-08-11,0
SC554262,1,1,1,0.9,0.9,name_postcode,2026-08-11,0
SC557226,1,1,0,0.9,0.9,name_postcode,2026-08-11,0
SC557385,1,2,10,0.9,0.8,name_postcode|name_postcode_area,2026-08-11,0
SC557798,1,2,2,0.9,0.8,name_postcode|name_postcode_area,2026-08-11,0
SC558265,1,1,1,0.9,0.9,name_postcode,2026-08-11,0
SC560830,1,1,1,0.9,0.9,name_postcode,2026-08-11,0
SC560865,1,1,0,0.9,0.9,name_postcode,2026-08-11,0
SC562510,1,1,0,0.9,0.9,name_postcode,2026-08-11,0
SC562625,1,2,5,0.9,0.9,name_postcode,2026-08-11,0
SC563183,1,1,0,0.9,0.9,name_postcode,2026-08-11,0
SC567055,1,1,0,0.9,0.9,name_postcode,2026-08-11,0
SC567068,1,1,1,0.9,0.9,name_postcode,2026-08-11,0
SC567798,1,1,1,0.8,0.8,name_postcode_area,2026-08-11,0
SC569032,1,2,8,0.9,0.9,name_postcode,2026-08-11,0
SC569511,1,1,1,0.9,0.9,name_postcode,2026-08-11,0
SC571106,1,1,1,0.9,0.9,name_postcode,2026-08-11,0
SC572953,1,1,9,0.9,0.9,name_postcode,2026-08-11,0
SC574856,1,1,2,0.9,0.9,name_postcode,2026-08-11,0
SC575305,1,1,3,0.9,0.9,name_postcode,2026-08-11,0
SC575953,1,1,1,0.9,0.9,name_postcode,2026-08-11,0
SC576012,1,1,1,0.9,0.9,name_postcode,2026-08-11,0
SC576668,1,1,1,0.9,0.9,name_postcode,2026-08-11,0
SC577344,1,1,1,0.9,0.9,name_postcode,2026-08-11,0
SC578800,1,1,2,0.9,0.9,name_postcode,2026-08-11,0
SC579331,1,1,3,0.9,0.9,name_postcode,2026-08-11,0
SC580297,1,2,10,0.9,0.8,name_postcode|name_postcode_area,2026-08-11,0
SC586198,1,1,1,0.9,0.9,name_postcode,2026-08-11,0
SC586613,1,2,4,0.9,0.8,name_postcode|name_postcode_area,2026-08-11,0
SC586903,1,1,2,0.9,0.9,name_postcode,2026-08-11,0
SC587673,1,1,0,0.9,0.9,name_postcode,2026-08-11,0
SC589547,1,1,1,0.9,0.9,name_postcode,2026-08-11,0
SC590302,1,1,3,0.9,0.9,name_postcode,2026-08-11,0
SC590673,1,1,1,0.9,0.9,name_postcode,2026-08-11,0
SC591445,1,1,2,0.8,0.8,name_postcode_area,2026-08-11,0
SC592928,1,1,1,0.9,0.9,name_postcode,2026-08-11,0
SC593669,1,1,1,0.8,0.8,name_postcode_area,2026-08-11,0
SC594203,1,1,1,0.9,0.9,name_postcode,2026-08-11,0
SC594537,1,1,1,0.8,0.8,name_postcode_area,2026-08-11,0
SC594969,1,1,7,0.9,0.9,name_postcode,2026-08-11,0
SC595202,1,1,2,0.8,0.8,name_postcode_area,2026-08-11,0
SC595220,1,1,1,0.9,0.9,name_postcode,2026-08-11,0
SC595836,1,1,1,0.8,0.8,name_postcode_area,2026-08-11,0
SC596564,1,1,1,0.9,0.9,name_postcode,2026-08-11,0
SC597436,1,1,1,0.9,0.9,name_postcode,2026-08-11,0
SC597529,1,1,10,0.9,0.9,name_postcode,2026-08-11,0
SC597613,1,1,2,0.9,0.9,name_postcode,2026-08-11,0
SC598795,1,1,1,0.8,0.8,name_postcode_area,2026-08-11,0
SC599923,1,1,4,0.9,0.9,name_postcode,2026-08-11,0
SC599987,1,1,1,0.9,0.9,name_postcode,2026-08-11,0
SC600143,1,1,0,0.8,0.8,name_postcode_area,2026-08-11,0
SC600573,1,1,1,0.9,0.9,name_postcode,2026-08-11,0
SC600922,1,1,1,0.8,0.8,name_postcode_area,2026-08-11,0
SC601686,1,1,3,0.9,0.9,name_postcode,2026-08-11,0
SC601811,1,1,1,0.9,0.9,name_postcode,2026-08-11,0
SC601889,1,1,2,0.9,0.9,name_postcode,2026-08-11,0
SC604026,1,1,1,0.9,0.9,name_postcode,2026-08-11,0
SC606878,1,1,1,0.9,0.9,name_postcode,2026-08-11,0
SC607337,1,1,3,0.9,0.9,name_postcode,2026-08-11,0
SC607401,1,1,2,0.9,0.9,name_postcode,2026-08-11,0
SC607832,1,1,1,0.9,0.9,name_postcode,2026-08-11,0
SC609483,1,1,1,0.9,0.9,name_postcode,2026-08-11,0
SC610674,1,1,1,0.9,0.9,name_postcode,2026-08-11,0
SC612931,1,1,2,0.9,0.9,name_postcode,2026-08-11,0
SC614453,1,2,4,0.9,0.9,name_postcode,2026-08-11,0
SC614601,1,1,3,0.9,0.9,name_postcode,2026-08-11,0
SC614848,1,1,7,0.9,0.9,name_postcode,2026-08-11,0
SC614907,1,1,1,0.8,0.8,name_postcode_area,2026-08-11,0
SC615351,1,1,1,0.9,0.9,name_postcode,2026-08-11,0
SC615634,1,2,2,0.9,0.9,name_postcode,2026-08-11,0
SC616982,1,1,1,0.8,0.8,name_postcode_area,2026-08-11,0
SC617446,1,1,1,0.9,0.9,name_postcode,2026-08-11,0
SC619185,1,1,1,0.9,0.9,name_postcode,2026-08-11,0
SC619295,1,1,1,0.9,0.9,name_postcode,2026-08-11,0
SC620068,1,1,2,0.9,0.9,name_postcode,2026-08-11,0
SC621287,1,1,2,0.9,0.9,name_postcode,2026-08-11,0
SC621878,1,1,4,0.9,0.9,name_postcode,2026-08-11,0
SC622222,1,1,2,0.9,0.9,name_postcode,2026-08-11,0
SC622313,1,1,3,0.9,0.9,name_postcode,2026-08-11,0
SC622339,1,1,1,0.9,0.9,name_postcode,2026-08-11,0
SC622647,1,1,2,0.9,0.9,name_postcode,2026-08-11,0
SC622718,1,1,2,0.9,0.9,name_postcode,2026-08-11,0
SC624449,1,1,3,0.9,0.9,name_postcode,2026-08-11,0
SC624765,1,2,2,0.9,0.9,name_postcode,2026-08-11,0
SC625216,1,1,1,0.9,0.9,name_postcode,2026-08-11,0
SC625638,1,1,1,0.8,0.8,name_postcode_area,2026-08-11,0
SC627376,1,1,3,0.9,0.9,name_postcode,2026-08-11,0
SC629516,1,1,2,0.9,0.9,name_postcode,2026-08-11,0
SC630552,1,1,0,0.8,0.8,name_postcode_area,2026-08-11,0
SC631739,1,1,5,0.9,0.9,name_postcode,2026-08-11,0
SC632852,1,1,3,0.9,0.9,name_postcode,2026-08-11,0
SC633239,1,1,1,0.9,0.9,name_postcode,2026-08-11,0
SC633414,1,2,1,0.9,0.8,name_postcode|name_postcode_area,2026-08-11,0
SC633570,1,1,1,0.9,0.9,name_postcode,2026-08-11,0
SC635138,1,1,0,0.9,0.9,name_postcode,2026-08-11,0
SC637776,1,1,1,0.9,0.9,name_postcode,2026-08-11,0
SC638094,1,1,2,0.9,0.9,name_postcode,2026-08-11,0
SC638457,1,1,1,0.9,0.9,name_postcode,2026-08-11,0
SC638857,1,1,1,0.9,0.9,name_postcode,2026-08-11,0
SC639731,1,1,1,0.9,0.9,name_postcode,2026-08-11,0
SC640098,1,1,1,0.9,0.9,name_postcode,2026-08-11,0
SC640134,1,1,1,0.9,0.9,name_postcode,2026-08-11,0
SC641643,1,1,2,0.9,0.9,name_postcode,2026-08-11,0
SC643598,1,1,5,0.9,0.9,name_postcode,2026-08-11,0
SC644175,1,1,1,0.9,0.9,name_postcode,2026-08-11,0
SC644968,1,1,3,0.9,0.9,name_postcode,2026-08-11,0
SC645015,1,1,1,0.9,0.9,name_postcode,2026-08-11,0
SC645183,1,1,3,0.9,0.9,name_postcode,2026-08-11,0
SC645290,1,1,3,0.9,0.9,name_postcode,2026-08-11,0
SC645394,1,1,1,0.9,0.9,name_postcode,2026-08-11,0
SC646665,1,1,2,0.9,0.9,name_postcode,2026-08-11,0
SC646795,1,1,4,0.9,0.9,name_postcode,2026-08-11,0
SC647052,1,1,1,0.9,0.9,name_postcode,2026-08-11,0
SC650019,1,1,1,0.9,0.9,name_postcode,2026-08-11,0
SC650625,1,1,1,0.9,0.9,name_postcode,2026-08-11,0
SC651132,1,1,2,0.9,0.9,name_postcode,2026-08-11,0
SC653570,1,1,1,0.9,0.9,name_postcode,2026-08-11,0
SC655757,1,1,2,0.9,0.9,name_postcode,2026-08-11,0
SC656194,1,1,1,0.9,0.9,name_postcode,2026-08-11,0
SC657022,1,1,1,0.9,0.9,name_postcode,2026-08-11,0
SC657034,1,1,1,0.9,0.9,name_postcode,2026-08-11,0
SC657341,1,2,17,0.9,0.9,name_postcode,2026-08-11,0
SC657493,1,2,3,0.9,0.9,name_postcode,2026-08-11,0
SC658518,1,1,1,0.9,0.9,name_postcode,2026-08-11,0
SC658951,1,1,1,0.9,0.9,name_postcode,2026-08-11,0
SC659307,1,1,4,0.9,0.9,name_postcode,2026-08-11,0
SC660251,1,1,1,0.9,0.9,name_postcode,2026-08-11,0
SC662512,1,1,0,0.9,0.9,name_postcode,2026-08-11,0
SC663260,1,1,1,0.9,0.9,name_postcode,2026-08-11,0
SC663393,1,1,4,0.9,0.9,name_postcode,2026-08-11,0
SC663888,1,1,1,0.9,0.9,name_postcode,2026-08-11,0
SC664820,1,1,1,0.8,0.8,name_postcode_area,2026-08-11,0
SC667257,1,1,1,0.9,0.9,name_postcode,2026-08-11,0
SC667748,1,1,3,0.9,0.9,name_postcode,2026-08-11,0
SC668754,1,1,1,0.9,0.9,name_postcode,2026-08-11,0
SC670329,1,1,2,0.9,0.9,name_postcode,2026-08-11,0
SC671482,1,1,2,0.9,0.9,name_postcode,2026-08-11,0
SC673843,1,1,1,0.9,0.9,name_postcode,2026-08-11,0
SC674407,1,1,0,0.9,0.9,name_postcode,2026-08-11,0
SC674636,1,1,1,0.9,0.9,name_postcode,2026-08-11,0
SC677513,1,1,0,0.9,0.9,name_postcode,2026-08-11,0
SC677903,1,1,1,0.9,0.9,name_postcode,2026-08-11,0
SC678490,1,1,3,0.9,0.9,name_postcode,2026-08-11,0
SC679903,1,1,2,0.9,0.9,name_postcode,2026-08-11,0
SC680541,1,1,1,0.9,0.9,name_postcode,2026-08-11,0
SC681142,1,1,1,0.9,0.9,name_postcode,2026-08-11,0
SC681171,1,1,2,0.9,0.9,name_postcode,2026-08-11,0
SC683344,1,1,3,0.9,0.9,name_postcode,2026-08-11,0
SC685963,1,1,3,0.9,0.9,name_postcode,2026-08-11,0
SC686135,1,1,1,0.9,0.9,name_postcode,2026-08-11,0
SC686659,1,1,1,0.9,0.9,name_postcode,2026-08-11,0
SC686701,1,1,1,0.9,0.9,name_postcode,2026-08-11,0
SC687523,1,1,2,0.9,0.9,name_postcode,2026-08-11,0
SC688172,1,1,1,0.9,0.9,name_postcode,2026-08-11,0
SC688453,1,1,2,0.9,0.9,name_postcode,2026-08-11,0
SC689688,1,1,3,0.9,0.9,name_postcode,2026-08-11,0
SC690632,1,1,3,0.8,0.8,name_postcode_area,2026-08-11,0
SC693297,1,1,1,0.9,0.9,name_postcode,2026-08-11,0
SC695247,1,2,1,0.9,0.9,name_postcode,2026-08-11,0
SC695829,1,1,1,0.9,0.9,name_postcode,2026-08-11,0
SC699158,1,1,1,0.9,0.9,name_postcode,2026-08-11,0
SC699603,1,1,0,0.9,0.9,name_postcode,2026-08-11,0
SC702825,1,1,1,0.9,0.9,name_postcode,2026-08-11,0
SC703030,1,1,1,0.9,0.9,name_postcode,2026-08-11,0
SC703316,1,1,1,0.9,0.9,name_postcode,2026-08-11,0
SC703359,1,1,1,0.9,0.9,name_postcode,2026-08-11,0
SC704076,1,1,1,0.9,0.9,name_postcode,2026-08-11,0
SC704085,1,1,1,0.9,0.9,name_postcode,2026-08-11,0
SC705392,1,1,1,0.9,0.9,name_postcode,2026-08-11,0
SC706113,1,1,1,0.9,0.9,name_postcode,2026-08-11,0
SC706304,1,1,1,0.9,0.9,name_postcode,2026-08-11,0
SC706330,1,1,1,0.8,0.8,name_postcode_area,2026-08-11,0
SC706823,1,1,2,0.8,0.8,name_postcode_area,2026-08-11,0
SC707668,1,1,3,0.9,0.9,name_postcode,2026-08-11,0
SC707965,1,1,1,0.9,0.9,name_postcode,2026-08-11,0
SC708962,1,1,1,0.9,0.9,name_postcode,2026-08-11,0
SC709455,1,1,1,0.9,0.9,name_postcode,2026-08-11,0
SC710172,1,1,3,0.9,0.9,name_postcode,2026-08-11,0
SC711440,1,1,2,0.9,0.9,name_postcode,2026-08-11,0
SC712545,1,1,5,0.9,0.9,name_postcode,2026-08-11,0
SC713370,1,1,2,0.9,0.9,name_postcode,2026-08-11,0
SC715965,1,1,1,0.8,0.8,name_postcode_area,2026-08-11,0
SC716733,1,1,1,0.9,0.9,name_postcode,2026-08-11,0
SC718768,1,1,1,0.9,0.9,name_postcode,2026-08-11,0
SC719256,1,1,1,0.9,0.9,name_postcode,2026-08-11,0
SC720176,1,1,1,0.9,0.9,name_postcode,2026-08-11,0
SC727634,1,1,1,0.9,0.9,name_postcode,2026-08-11,0
SC733628,1,1,2,0.9,0.9,name_postcode,2026-08-11,0
SC734411,1,1,1,0.9,0.9,name_postcode,2026-08-11,0
SC736926,1,1,4,0.9,0.9,name_postcode,2026-08-11,0
SC737737,1,1,3,0.9,0.9,name_postcode,2026-08-11,0
SC738077,1,1,1,0.9,0.9,name_postcode,2026-08-11,0
SC738216,1,1,2,0.9,0.9,name_postcode,2026-08-11,0
SC738675,1,1,1,0.9,0.9,name_postcode,2026-08-11,0
SC738754,1,1,2,0.9,0.9,name_postcode,2026-08-11,0
SC738775,1,1,1,0.9,0.9,name_postcode,2026-08-11,0
SC739042,1,1,1,0.9,0.9,name_postcode,2026-08-11,0
SC739047,1,1,2,0.9,0.9,name_postcode,2026-08-11,0
SC740055,1,1,1,0.9,0.9,name_postcode,2026-08-11,0
SC741475,1,1,1,0.9,0.9,name_postcode,2026-08-11,0
SC741538,1,1,1,0.9,0.9,name_postcode,2026-08-11,0
SC744379,1,1,1,0.9,0.9,name_postcode,2026-08-11,0
SC744727,1,1,1,0.9,0.9,name_postcode,2026-08-11,0
SC745034,1,1,1,0.9,0.9,name_postcode,2026-08-11,0
SC746655,1,1,1,0.8,0.8,name_postcode_area,2026-08-11,0
SC748170,1,1,1,0.9,0.9,name_postcode,2026-08-11,0
SC749777,1,1,1,0.9,0.9,name_postcode,2026-08-11,0
SC750521,1,1,1,0.9,0.9,name_postcode,2026-08-11,0
SC751021,1,1,3,0.9,0.9,name_postcode,2026-08-11,0
SC751232,1,1,1,0.9,0.9,name_postcode,2026-08-11,0
SC751537,1,1,2,0.9,0.9,name_postcode,2026-08-11,0
SC752019,1,1,2,0.9,0.9,name_postcode,2026-08-11,0
SC755048,1,1,1,0.9,0.9,name_postcode,2026-08-11,0
SC756550,1,1,1,0.9,0.9,name_postcode,2026-08-11,0
SC757047,1,1,1,0.9,0.9,name_postcode,2026-08-11,0
SC758483,1,1,1,0.9,0.9,name_postcode,2026-08-11,0
SC760362,1,1,1,0.9,0.9,name_postcode,2026-08-11,0
SC762053,1,1,0,0.9,0.9,name_postcode,2026-08-11,0
SC763012,1,1,1,0.9,0.9,name_postcode,2026-08-11,0
SC763331,1,1,1,0.8,0.8,name_postcode_area,2026-08-11,0
SC763470,1,1,1,0.9,0.9,name_postcode,2026-08-11,0
SC763700,1,1,1,0.9,0.9,name_postcode,2026-08-11,0
SC767625,1,1,0,0.9,0.9,name_postcode,2026-08-11,0
SC768276,1,1,2,0.9,0.9,name_postcode,2026-08-11,0
SC768898,1,1,0,0.9,0.9,name_postcode,2026-08-11,0
SC770485,1,1,3,0.9,0.9,name_postcode,2026-08-11,0
SC776157,1,1,0,0.9,0.9,name_postcode,2026-08-11,0
SC776208,1,1,1,0.9,0.9,name_postcode,2026-08-11,0
SC776726,1,1,1,0.9,0.9,name_postcode,2026-08-11,0
SC783464,1,1,0,0.9,0.9,name_postcode,2026-08-11,0
SC785125,1,1,0,0.9,0.9,name_postcode,2026-08-11,0
SC785297,1,1,0,0.9,0.9,name_postcode,2026-08-11,0
SC786086,1,1,1,0.9,0.9,name_postcode,2026-08-11,0
SC786505,1,1,1,0.9,0.9,name_postcode,2026-08-11,0
SC787554,1,1,1,0.9,0.9,name_postcode,2026-08-11,0
SC788462,1,1,1,0.9,0.9,name_postcode,2026-08-11,0
SC791394,1,1,0,0.9,0.9,name_postcode,2026-08-11,0
SC794704,1,1,1,0.9,0.9,name_postcode,2026-08-11,0
SC801058,1,1,0,0.9,0.9,name_postcode,2026-08-11,0
SC810212,1,1,1,0.9,0.9,name_postcode,2026-08-11,0
SC810550,1,1,1,0.9,0.9,name_postcode,2026-08-11,0
SC813447,1,1,0,0.9,0.9,name_postcode,2026-08-11,0
SC814162,1,1,0,0.9,0.9,name_postcode,2026-08-11,0
SC814740,1,1,1,0.9,0.9,name_postcode,2026-08-11,0
SC818391,1,1,1,0.9,0.9,name_postcode,2026-08-11,0
SC820262,1,1,1,0.9,0.9,name_postcode,2026-08-11,0
SC820636,1,1,1,0.9,0.9,name_postcode,2026-08-11,0
SC825020,1,1,1,0.9,0.9,name_postcode,2026-08-11,0
SC826807,1,1,1,0.9,0.9,name_postcode,2026-08-11,0
SC827265,1,1,0,0.9,0.9,name_postcode,2026-08-11,0
SC831350,1,1,0,0.9,0.9,name_postcode,2026-08-11,0
SC833527,1,1,0,0.9,0.9,name_postcode,2026-08-11,0
SC835367,1,1,1,0.9,0.9,name_postcode,2026-08-11,0
SC842416,1,1,1,0.9,0.9,name_postcode,2026-08-11,0
SC845429,1,1,1,0.9,0.9,name_postcode,2026-08-11,0
SC848109,1,1,1,0.9,0.9,name_postcode,2026-08-11,0
SC849518,1,1,1,0.9,0.9,name_postcode,2026-08-11,0
SC853350,1,1,1,0.9,0.9,name_postcode,2026-08-11,0
SC857853,1,1,2,0.9,0.9,name_postcode,2026-08-11,0
SC857898,1,1,1,0.9,0.9,name_postcode,2026-08-11,0
SC862915,1,1,1,0.9,0.9,name_postcode,2026-08-11,0
SC868951,1,1,0,0.9,0.9,name_postcode,2026-08-11,0
SC881843,1,1,0,0.9,0.9,name_postcode,2026-08-11,0
